[01-Oct-2025 12:01:30 America/Guatemala] verifySession: user_id: 2, session_token: f863fa17201fd2d0fa4e2a708b5522af9a28a25a5a7d632be84e3dfe6e3b2a94
[01-Oct-2025 12:01:30 America/Guatemala] verifySession: Query a ejecutar: SELECT id FROM sesiones_usuario 
                      WHERE token_sesion = :token 
                      AND usuario_id = :user_id 
                      AND activa = 1
[01-Oct-2025 12:01:30 America/Guatemala] verifySession: Query a ejecutar: SELECT id FROM sesiones_usuario 
                      WHERE token_sesion = 'f863fa17201fd2d0fa4e2a708b5522af9a28a25a5a7d632be84e3dfe6e3b2a94' 
                      AND usuario_id = 2 
                      AND activa = 1
[01-Oct-2025 12:01:30 America/Guatemala] verifySession: Ejecutando query con token: f863fa17201fd2d0fa4e2a708b5522af9a28a25a5a7d632be84e3dfe6e3b2a94 y user_id: 2
[01-Oct-2025 12:01:31 America/Guatemala] verifySession: rowCount() después de ejecutar la query principal: 1
[01-Oct-2025 12:01:31 America/Guatemala] verifySession: Sesión encontrada y válida para user_id: 2
[01-Oct-2025 12:01:31 America/Guatemala] verifySession: user_id: 2, session_token: f863fa17201fd2d0fa4e2a708b5522af9a28a25a5a7d632be84e3dfe6e3b2a94
[01-Oct-2025 12:01:31 America/Guatemala] verifySession: Query a ejecutar: SELECT id FROM sesiones_usuario 
                      WHERE token_sesion = :token 
                      AND usuario_id = :user_id 
                      AND activa = 1
[01-Oct-2025 12:01:31 America/Guatemala] verifySession: Query a ejecutar: SELECT id FROM sesiones_usuario 
                      WHERE token_sesion = 'f863fa17201fd2d0fa4e2a708b5522af9a28a25a5a7d632be84e3dfe6e3b2a94' 
                      AND usuario_id = 2 
                      AND activa = 1
[01-Oct-2025 12:01:31 America/Guatemala] verifySession: Ejecutando query con token: f863fa17201fd2d0fa4e2a708b5522af9a28a25a5a7d632be84e3dfe6e3b2a94 y user_id: 2
[01-Oct-2025 12:01:31 America/Guatemala] verifySession: rowCount() después de ejecutar la query principal: 1
[01-Oct-2025 12:01:31 America/Guatemala] verifySession: Sesión encontrada y válida para user_id: 2
[01-Oct-2025 12:01:31 America/Guatemala] verifySession: user_id: 2, session_token: f863fa17201fd2d0fa4e2a708b5522af9a28a25a5a7d632be84e3dfe6e3b2a94
[01-Oct-2025 12:01:31 America/Guatemala] verifySession: Query a ejecutar: SELECT id FROM sesiones_usuario 
                      WHERE token_sesion = :token 
                      AND usuario_id = :user_id 
                      AND activa = 1
[01-Oct-2025 12:01:31 America/Guatemala] verifySession: Query a ejecutar: SELECT id FROM sesiones_usuario 
                      WHERE token_sesion = 'f863fa17201fd2d0fa4e2a708b5522af9a28a25a5a7d632be84e3dfe6e3b2a94' 
                      AND usuario_id = 2 
                      AND activa = 1
[01-Oct-2025 12:01:31 America/Guatemala] verifySession: Ejecutando query con token: f863fa17201fd2d0fa4e2a708b5522af9a28a25a5a7d632be84e3dfe6e3b2a94 y user_id: 2
[01-Oct-2025 12:01:31 America/Guatemala] verifySession: rowCount() después de ejecutar la query principal: 1
[01-Oct-2025 12:01:31 America/Guatemala] verifySession: Sesión encontrada y válida para user_id: 2
[01-Oct-2025 12:01:32 America/Guatemala] Auth::hasPermission - User role: 'Administrador', Required role: 'Administrador'
[01-Oct-2025 12:17:42 America/Guatemala] verifySession: user_id: 2, session_token: f863fa17201fd2d0fa4e2a708b5522af9a28a25a5a7d632be84e3dfe6e3b2a94
[01-Oct-2025 12:17:42 America/Guatemala] verifySession: Query a ejecutar: SELECT id FROM sesiones_usuario 
                      WHERE token_sesion = :token 
                      AND usuario_id = :user_id 
                      AND activa = 1
[01-Oct-2025 12:17:42 America/Guatemala] verifySession: Query a ejecutar: SELECT id FROM sesiones_usuario 
                      WHERE token_sesion = 'f863fa17201fd2d0fa4e2a708b5522af9a28a25a5a7d632be84e3dfe6e3b2a94' 
                      AND usuario_id = 2 
                      AND activa = 1
[01-Oct-2025 12:17:42 America/Guatemala] verifySession: Ejecutando query con token: f863fa17201fd2d0fa4e2a708b5522af9a28a25a5a7d632be84e3dfe6e3b2a94 y user_id: 2
[01-Oct-2025 12:17:42 America/Guatemala] verifySession: rowCount() después de ejecutar la query principal: 1
[01-Oct-2025 12:17:42 America/Guatemala] verifySession: Sesión encontrada y válida para user_id: 2
[01-Oct-2025 12:17:42 America/Guatemala] verifySession: user_id: 2, session_token: f863fa17201fd2d0fa4e2a708b5522af9a28a25a5a7d632be84e3dfe6e3b2a94
[01-Oct-2025 12:17:42 America/Guatemala] verifySession: Query a ejecutar: SELECT id FROM sesiones_usuario 
                      WHERE token_sesion = :token 
                      AND usuario_id = :user_id 
                      AND activa = 1
[01-Oct-2025 12:17:42 America/Guatemala] verifySession: Query a ejecutar: SELECT id FROM sesiones_usuario 
                      WHERE token_sesion = 'f863fa17201fd2d0fa4e2a708b5522af9a28a25a5a7d632be84e3dfe6e3b2a94' 
                      AND usuario_id = 2 
                      AND activa = 1
[01-Oct-2025 12:17:42 America/Guatemala] verifySession: Ejecutando query con token: f863fa17201fd2d0fa4e2a708b5522af9a28a25a5a7d632be84e3dfe6e3b2a94 y user_id: 2
[01-Oct-2025 12:17:42 America/Guatemala] verifySession: rowCount() después de ejecutar la query principal: 1
[01-Oct-2025 12:17:42 America/Guatemala] verifySession: Sesión encontrada y válida para user_id: 2
[01-Oct-2025 12:17:43 America/Guatemala] verifySession: user_id: 2, session_token: f863fa17201fd2d0fa4e2a708b5522af9a28a25a5a7d632be84e3dfe6e3b2a94
[01-Oct-2025 12:17:43 America/Guatemala] verifySession: Query a ejecutar: SELECT id FROM sesiones_usuario 
                      WHERE token_sesion = :token 
                      AND usuario_id = :user_id 
                      AND activa = 1
[01-Oct-2025 12:17:43 America/Guatemala] verifySession: Query a ejecutar: SELECT id FROM sesiones_usuario 
                      WHERE token_sesion = 'f863fa17201fd2d0fa4e2a708b5522af9a28a25a5a7d632be84e3dfe6e3b2a94' 
                      AND usuario_id = 2 
                      AND activa = 1
[01-Oct-2025 12:17:43 America/Guatemala] verifySession: Ejecutando query con token: f863fa17201fd2d0fa4e2a708b5522af9a28a25a5a7d632be84e3dfe6e3b2a94 y user_id: 2
[01-Oct-2025 12:17:43 America/Guatemala] verifySession: rowCount() después de ejecutar la query principal: 1
[01-Oct-2025 12:17:43 America/Guatemala] verifySession: Sesión encontrada y válida para user_id: 2
[01-Oct-2025 12:17:43 America/Guatemala] Auth::hasPermission - User role: 'Administrador', Required role: 'Administrador'
[01-Oct-2025 12:39:13 America/Guatemala] verifySession: user_id: 2, session_token: f863fa17201fd2d0fa4e2a708b5522af9a28a25a5a7d632be84e3dfe6e3b2a94
[01-Oct-2025 12:39:13 America/Guatemala] verifySession: Query a ejecutar: SELECT id FROM sesiones_usuario 
                      WHERE token_sesion = :token 
                      AND usuario_id = :user_id 
                      AND activa = 1
[01-Oct-2025 12:39:13 America/Guatemala] verifySession: Query a ejecutar: SELECT id FROM sesiones_usuario 
                      WHERE token_sesion = 'f863fa17201fd2d0fa4e2a708b5522af9a28a25a5a7d632be84e3dfe6e3b2a94' 
                      AND usuario_id = 2 
                      AND activa = 1
[01-Oct-2025 12:39:13 America/Guatemala] verifySession: Ejecutando query con token: f863fa17201fd2d0fa4e2a708b5522af9a28a25a5a7d632be84e3dfe6e3b2a94 y user_id: 2
[01-Oct-2025 12:39:13 America/Guatemala] verifySession: rowCount() después de ejecutar la query principal: 1
[01-Oct-2025 12:39:13 America/Guatemala] verifySession: Sesión encontrada y válida para user_id: 2
[01-Oct-2025 12:39:13 America/Guatemala] verifySession: user_id: 2, session_token: f863fa17201fd2d0fa4e2a708b5522af9a28a25a5a7d632be84e3dfe6e3b2a94
[01-Oct-2025 12:39:13 America/Guatemala] verifySession: Query a ejecutar: SELECT id FROM sesiones_usuario 
                      WHERE token_sesion = :token 
                      AND usuario_id = :user_id 
                      AND activa = 1
[01-Oct-2025 12:39:14 America/Guatemala] verifySession: Query a ejecutar: SELECT id FROM sesiones_usuario 
                      WHERE token_sesion = 'f863fa17201fd2d0fa4e2a708b5522af9a28a25a5a7d632be84e3dfe6e3b2a94' 
                      AND usuario_id = 2 
                      AND activa = 1
[01-Oct-2025 12:39:14 America/Guatemala] verifySession: Ejecutando query con token: f863fa17201fd2d0fa4e2a708b5522af9a28a25a5a7d632be84e3dfe6e3b2a94 y user_id: 2
[01-Oct-2025 12:39:14 America/Guatemala] verifySession: rowCount() después de ejecutar la query principal: 1
[01-Oct-2025 12:39:14 America/Guatemala] verifySession: Sesión encontrada y válida para user_id: 2
[01-Oct-2025 12:39:14 America/Guatemala] verifySession: user_id: 2, session_token: f863fa17201fd2d0fa4e2a708b5522af9a28a25a5a7d632be84e3dfe6e3b2a94
[01-Oct-2025 12:39:14 America/Guatemala] verifySession: Query a ejecutar: SELECT id FROM sesiones_usuario 
                      WHERE token_sesion = :token 
                      AND usuario_id = :user_id 
                      AND activa = 1
[01-Oct-2025 12:39:14 America/Guatemala] verifySession: Query a ejecutar: SELECT id FROM sesiones_usuario 
                      WHERE token_sesion = 'f863fa17201fd2d0fa4e2a708b5522af9a28a25a5a7d632be84e3dfe6e3b2a94' 
                      AND usuario_id = 2 
                      AND activa = 1
[01-Oct-2025 12:39:14 America/Guatemala] verifySession: Ejecutando query con token: f863fa17201fd2d0fa4e2a708b5522af9a28a25a5a7d632be84e3dfe6e3b2a94 y user_id: 2
[01-Oct-2025 12:39:14 America/Guatemala] verifySession: rowCount() después de ejecutar la query principal: 1
[01-Oct-2025 12:39:14 America/Guatemala] verifySession: Sesión encontrada y válida para user_id: 2
[01-Oct-2025 12:39:14 America/Guatemala] Auth::hasPermission - User role: 'Administrador', Required role: 'Administrador'
[01-Oct-2025 14:14:32 America/Guatemala] verifySession: user_id: 2, session_token: f863fa17201fd2d0fa4e2a708b5522af9a28a25a5a7d632be84e3dfe6e3b2a94
[01-Oct-2025 14:14:32 America/Guatemala] verifySession: Query a ejecutar: SELECT id FROM sesiones_usuario 
                      WHERE token_sesion = :token 
                      AND usuario_id = :user_id 
                      AND activa = 1
[01-Oct-2025 14:14:32 America/Guatemala] verifySession: Query a ejecutar: SELECT id FROM sesiones_usuario 
                      WHERE token_sesion = 'f863fa17201fd2d0fa4e2a708b5522af9a28a25a5a7d632be84e3dfe6e3b2a94' 
                      AND usuario_id = 2 
                      AND activa = 1
[01-Oct-2025 14:14:32 America/Guatemala] verifySession: Ejecutando query con token: f863fa17201fd2d0fa4e2a708b5522af9a28a25a5a7d632be84e3dfe6e3b2a94 y user_id: 2
[01-Oct-2025 14:14:32 America/Guatemala] verifySession: rowCount() después de ejecutar la query principal: 1
[01-Oct-2025 14:14:32 America/Guatemala] verifySession: Sesión encontrada y válida para user_id: 2
[01-Oct-2025 14:14:33 America/Guatemala] verifySession: user_id: 2, session_token: f863fa17201fd2d0fa4e2a708b5522af9a28a25a5a7d632be84e3dfe6e3b2a94
[01-Oct-2025 14:14:33 America/Guatemala] verifySession: Query a ejecutar: SELECT id FROM sesiones_usuario 
                      WHERE token_sesion = :token 
                      AND usuario_id = :user_id 
                      AND activa = 1
[01-Oct-2025 14:14:33 America/Guatemala] verifySession: Query a ejecutar: SELECT id FROM sesiones_usuario 
                      WHERE token_sesion = 'f863fa17201fd2d0fa4e2a708b5522af9a28a25a5a7d632be84e3dfe6e3b2a94' 
                      AND usuario_id = 2 
                      AND activa = 1
[01-Oct-2025 14:14:33 America/Guatemala] verifySession: Ejecutando query con token: f863fa17201fd2d0fa4e2a708b5522af9a28a25a5a7d632be84e3dfe6e3b2a94 y user_id: 2
[01-Oct-2025 14:14:33 America/Guatemala] verifySession: rowCount() después de ejecutar la query principal: 1
[01-Oct-2025 14:14:33 America/Guatemala] verifySession: Sesión encontrada y válida para user_id: 2
[01-Oct-2025 14:14:33 America/Guatemala] verifySession: user_id: 2, session_token: f863fa17201fd2d0fa4e2a708b5522af9a28a25a5a7d632be84e3dfe6e3b2a94
[01-Oct-2025 14:14:33 America/Guatemala] verifySession: Query a ejecutar: SELECT id FROM sesiones_usuario 
                      WHERE token_sesion = :token 
                      AND usuario_id = :user_id 
                      AND activa = 1
[01-Oct-2025 14:14:33 America/Guatemala] verifySession: Query a ejecutar: SELECT id FROM sesiones_usuario 
                      WHERE token_sesion = 'f863fa17201fd2d0fa4e2a708b5522af9a28a25a5a7d632be84e3dfe6e3b2a94' 
                      AND usuario_id = 2 
                      AND activa = 1
[01-Oct-2025 14:14:33 America/Guatemala] verifySession: Ejecutando query con token: f863fa17201fd2d0fa4e2a708b5522af9a28a25a5a7d632be84e3dfe6e3b2a94 y user_id: 2
[01-Oct-2025 14:14:33 America/Guatemala] verifySession: rowCount() después de ejecutar la query principal: 1
[01-Oct-2025 14:14:33 America/Guatemala] verifySession: Sesión encontrada y válida para user_id: 2
[01-Oct-2025 14:14:33 America/Guatemala] Auth::hasPermission - User role: 'Administrador', Required role: 'Administrador'
[01-Oct-2025 14:15:24 America/Guatemala] verifySession: user_id: 2, session_token: f863fa17201fd2d0fa4e2a708b5522af9a28a25a5a7d632be84e3dfe6e3b2a94
[01-Oct-2025 14:15:24 America/Guatemala] verifySession: Query a ejecutar: SELECT id FROM sesiones_usuario 
                      WHERE token_sesion = :token 
                      AND usuario_id = :user_id 
                      AND activa = 1
[01-Oct-2025 14:15:24 America/Guatemala] verifySession: Query a ejecutar: SELECT id FROM sesiones_usuario 
                      WHERE token_sesion = 'f863fa17201fd2d0fa4e2a708b5522af9a28a25a5a7d632be84e3dfe6e3b2a94' 
                      AND usuario_id = 2 
                      AND activa = 1
[01-Oct-2025 14:15:24 America/Guatemala] verifySession: Ejecutando query con token: f863fa17201fd2d0fa4e2a708b5522af9a28a25a5a7d632be84e3dfe6e3b2a94 y user_id: 2
[01-Oct-2025 14:15:24 America/Guatemala] verifySession: rowCount() después de ejecutar la query principal: 1
[01-Oct-2025 14:15:24 America/Guatemala] verifySession: Sesión encontrada y válida para user_id: 2
[01-Oct-2025 14:15:34 America/Guatemala] verifySession: user_id: 2, session_token: f863fa17201fd2d0fa4e2a708b5522af9a28a25a5a7d632be84e3dfe6e3b2a94
[01-Oct-2025 14:15:34 America/Guatemala] verifySession: Query a ejecutar: SELECT id FROM sesiones_usuario 
                      WHERE token_sesion = :token 
                      AND usuario_id = :user_id 
                      AND activa = 1
[01-Oct-2025 14:15:34 America/Guatemala] verifySession: Query a ejecutar: SELECT id FROM sesiones_usuario 
                      WHERE token_sesion = 'f863fa17201fd2d0fa4e2a708b5522af9a28a25a5a7d632be84e3dfe6e3b2a94' 
                      AND usuario_id = 2 
                      AND activa = 1
[01-Oct-2025 14:15:35 America/Guatemala] verifySession: Ejecutando query con token: f863fa17201fd2d0fa4e2a708b5522af9a28a25a5a7d632be84e3dfe6e3b2a94 y user_id: 2
[01-Oct-2025 14:15:35 America/Guatemala] verifySession: rowCount() después de ejecutar la query principal: 1
[01-Oct-2025 14:15:35 America/Guatemala] verifySession: Sesión encontrada y válida para user_id: 2
[01-Oct-2025 14:26:00 America/Guatemala] verifySession: user_id: 2, session_token: f863fa17201fd2d0fa4e2a708b5522af9a28a25a5a7d632be84e3dfe6e3b2a94
[01-Oct-2025 14:26:00 America/Guatemala] verifySession: Query a ejecutar: SELECT id FROM sesiones_usuario 
                      WHERE token_sesion = :token 
                      AND usuario_id = :user_id 
                      AND activa = 1
[01-Oct-2025 14:26:01 America/Guatemala] verifySession: Query a ejecutar: SELECT id FROM sesiones_usuario 
                      WHERE token_sesion = 'f863fa17201fd2d0fa4e2a708b5522af9a28a25a5a7d632be84e3dfe6e3b2a94' 
                      AND usuario_id = 2 
                      AND activa = 1
[01-Oct-2025 14:26:01 America/Guatemala] verifySession: Ejecutando query con token: f863fa17201fd2d0fa4e2a708b5522af9a28a25a5a7d632be84e3dfe6e3b2a94 y user_id: 2
[01-Oct-2025 14:26:01 America/Guatemala] verifySession: rowCount() después de ejecutar la query principal: 1
[01-Oct-2025 14:26:01 America/Guatemala] verifySession: Sesión encontrada y válida para user_id: 2
[01-Oct-2025 14:26:04 America/Guatemala] verifySession: user_id: 2, session_token: f863fa17201fd2d0fa4e2a708b5522af9a28a25a5a7d632be84e3dfe6e3b2a94
[01-Oct-2025 14:26:04 America/Guatemala] verifySession: Query a ejecutar: SELECT id FROM sesiones_usuario 
                      WHERE token_sesion = :token 
                      AND usuario_id = :user_id 
                      AND activa = 1
[01-Oct-2025 14:26:04 America/Guatemala] verifySession: Query a ejecutar: SELECT id FROM sesiones_usuario 
                      WHERE token_sesion = 'f863fa17201fd2d0fa4e2a708b5522af9a28a25a5a7d632be84e3dfe6e3b2a94' 
                      AND usuario_id = 2 
                      AND activa = 1
[01-Oct-2025 14:26:04 America/Guatemala] verifySession: Ejecutando query con token: f863fa17201fd2d0fa4e2a708b5522af9a28a25a5a7d632be84e3dfe6e3b2a94 y user_id: 2
[01-Oct-2025 14:26:04 America/Guatemala] verifySession: rowCount() después de ejecutar la query principal: 1
[01-Oct-2025 14:26:04 America/Guatemala] verifySession: Sesión encontrada y válida para user_id: 2
[01-Oct-2025 14:26:06 America/Guatemala] verifySession: user_id: 2, session_token: f863fa17201fd2d0fa4e2a708b5522af9a28a25a5a7d632be84e3dfe6e3b2a94
[01-Oct-2025 14:26:06 America/Guatemala] verifySession: Query a ejecutar: SELECT id FROM sesiones_usuario 
                      WHERE token_sesion = :token 
                      AND usuario_id = :user_id 
                      AND activa = 1
[01-Oct-2025 14:26:06 America/Guatemala] verifySession: Query a ejecutar: SELECT id FROM sesiones_usuario 
                      WHERE token_sesion = 'f863fa17201fd2d0fa4e2a708b5522af9a28a25a5a7d632be84e3dfe6e3b2a94' 
                      AND usuario_id = 2 
                      AND activa = 1
[01-Oct-2025 14:26:06 America/Guatemala] verifySession: Ejecutando query con token: f863fa17201fd2d0fa4e2a708b5522af9a28a25a5a7d632be84e3dfe6e3b2a94 y user_id: 2
[01-Oct-2025 14:26:06 America/Guatemala] verifySession: rowCount() después de ejecutar la query principal: 1
[01-Oct-2025 14:26:06 America/Guatemala] verifySession: Sesión encontrada y válida para user_id: 2
[01-Oct-2025 14:26:35 America/Guatemala] verifySession: user_id: 2, session_token: f863fa17201fd2d0fa4e2a708b5522af9a28a25a5a7d632be84e3dfe6e3b2a94
[01-Oct-2025 14:26:35 America/Guatemala] verifySession: Query a ejecutar: SELECT id FROM sesiones_usuario 
                      WHERE token_sesion = :token 
                      AND usuario_id = :user_id 
                      AND activa = 1
[01-Oct-2025 14:26:35 America/Guatemala] verifySession: Query a ejecutar: SELECT id FROM sesiones_usuario 
                      WHERE token_sesion = 'f863fa17201fd2d0fa4e2a708b5522af9a28a25a5a7d632be84e3dfe6e3b2a94' 
                      AND usuario_id = 2 
                      AND activa = 1
[01-Oct-2025 14:26:35 America/Guatemala] verifySession: Ejecutando query con token: f863fa17201fd2d0fa4e2a708b5522af9a28a25a5a7d632be84e3dfe6e3b2a94 y user_id: 2
[01-Oct-2025 14:26:35 America/Guatemala] verifySession: rowCount() después de ejecutar la query principal: 1
[01-Oct-2025 14:26:35 America/Guatemala] verifySession: Sesión encontrada y válida para user_id: 2
[01-Oct-2025 14:26:36 America/Guatemala] verifySession: user_id: 2, session_token: f863fa17201fd2d0fa4e2a708b5522af9a28a25a5a7d632be84e3dfe6e3b2a94
[01-Oct-2025 14:26:36 America/Guatemala] verifySession: Query a ejecutar: SELECT id FROM sesiones_usuario 
                      WHERE token_sesion = :token 
                      AND usuario_id = :user_id 
                      AND activa = 1
[01-Oct-2025 14:26:36 America/Guatemala] verifySession: Query a ejecutar: SELECT id FROM sesiones_usuario 
                      WHERE token_sesion = 'f863fa17201fd2d0fa4e2a708b5522af9a28a25a5a7d632be84e3dfe6e3b2a94' 
                      AND usuario_id = 2 
                      AND activa = 1
[01-Oct-2025 14:26:36 America/Guatemala] verifySession: Ejecutando query con token: f863fa17201fd2d0fa4e2a708b5522af9a28a25a5a7d632be84e3dfe6e3b2a94 y user_id: 2
[01-Oct-2025 14:26:36 America/Guatemala] verifySession: rowCount() después de ejecutar la query principal: 1
[01-Oct-2025 14:26:36 America/Guatemala] verifySession: Sesión encontrada y válida para user_id: 2
[01-Oct-2025 14:26:51 America/Guatemala] verifySession: user_id: 2, session_token: f863fa17201fd2d0fa4e2a708b5522af9a28a25a5a7d632be84e3dfe6e3b2a94
[01-Oct-2025 14:26:51 America/Guatemala] verifySession: Query a ejecutar: SELECT id FROM sesiones_usuario 
                      WHERE token_sesion = :token 
                      AND usuario_id = :user_id 
                      AND activa = 1
[01-Oct-2025 14:26:51 America/Guatemala] verifySession: Query a ejecutar: SELECT id FROM sesiones_usuario 
                      WHERE token_sesion = 'f863fa17201fd2d0fa4e2a708b5522af9a28a25a5a7d632be84e3dfe6e3b2a94' 
                      AND usuario_id = 2 
                      AND activa = 1
[01-Oct-2025 14:26:51 America/Guatemala] verifySession: Ejecutando query con token: f863fa17201fd2d0fa4e2a708b5522af9a28a25a5a7d632be84e3dfe6e3b2a94 y user_id: 2
[01-Oct-2025 14:26:51 America/Guatemala] verifySession: rowCount() después de ejecutar la query principal: 1
[01-Oct-2025 14:26:52 America/Guatemala] verifySession: Sesión encontrada y válida para user_id: 2
[01-Oct-2025 14:26:52 America/Guatemala] verifySession: user_id: 2, session_token: f863fa17201fd2d0fa4e2a708b5522af9a28a25a5a7d632be84e3dfe6e3b2a94
[01-Oct-2025 14:26:52 America/Guatemala] verifySession: Query a ejecutar: SELECT id FROM sesiones_usuario 
                      WHERE token_sesion = :token 
                      AND usuario_id = :user_id 
                      AND activa = 1
[01-Oct-2025 14:26:52 America/Guatemala] verifySession: Query a ejecutar: SELECT id FROM sesiones_usuario 
                      WHERE token_sesion = 'f863fa17201fd2d0fa4e2a708b5522af9a28a25a5a7d632be84e3dfe6e3b2a94' 
                      AND usuario_id = 2 
                      AND activa = 1
[01-Oct-2025 14:26:52 America/Guatemala] verifySession: Ejecutando query con token: f863fa17201fd2d0fa4e2a708b5522af9a28a25a5a7d632be84e3dfe6e3b2a94 y user_id: 2
[01-Oct-2025 14:26:52 America/Guatemala] verifySession: rowCount() después de ejecutar la query principal: 1
[01-Oct-2025 14:26:52 America/Guatemala] verifySession: Sesión encontrada y válida para user_id: 2
[01-Oct-2025 14:26:54 America/Guatemala] verifySession: user_id: 2, session_token: f863fa17201fd2d0fa4e2a708b5522af9a28a25a5a7d632be84e3dfe6e3b2a94
[01-Oct-2025 14:26:54 America/Guatemala] verifySession: Query a ejecutar: SELECT id FROM sesiones_usuario 
                      WHERE token_sesion = :token 
                      AND usuario_id = :user_id 
                      AND activa = 1
[01-Oct-2025 14:26:54 America/Guatemala] verifySession: Query a ejecutar: SELECT id FROM sesiones_usuario 
                      WHERE token_sesion = 'f863fa17201fd2d0fa4e2a708b5522af9a28a25a5a7d632be84e3dfe6e3b2a94' 
                      AND usuario_id = 2 
                      AND activa = 1
[01-Oct-2025 14:26:54 America/Guatemala] verifySession: Ejecutando query con token: f863fa17201fd2d0fa4e2a708b5522af9a28a25a5a7d632be84e3dfe6e3b2a94 y user_id: 2
[01-Oct-2025 14:26:54 America/Guatemala] verifySession: rowCount() después de ejecutar la query principal: 1
[01-Oct-2025 14:26:54 America/Guatemala] verifySession: Sesión encontrada y válida para user_id: 2
[01-Oct-2025 14:27:01 America/Guatemala] verifySession: user_id: 2, session_token: f863fa17201fd2d0fa4e2a708b5522af9a28a25a5a7d632be84e3dfe6e3b2a94
[01-Oct-2025 14:27:01 America/Guatemala] verifySession: Query a ejecutar: SELECT id FROM sesiones_usuario 
                      WHERE token_sesion = :token 
                      AND usuario_id = :user_id 
                      AND activa = 1
[01-Oct-2025 14:27:01 America/Guatemala] verifySession: Query a ejecutar: SELECT id FROM sesiones_usuario 
                      WHERE token_sesion = 'f863fa17201fd2d0fa4e2a708b5522af9a28a25a5a7d632be84e3dfe6e3b2a94' 
                      AND usuario_id = 2 
                      AND activa = 1
[01-Oct-2025 14:27:01 America/Guatemala] verifySession: Ejecutando query con token: f863fa17201fd2d0fa4e2a708b5522af9a28a25a5a7d632be84e3dfe6e3b2a94 y user_id: 2
[01-Oct-2025 14:27:01 America/Guatemala] verifySession: rowCount() después de ejecutar la query principal: 1
[01-Oct-2025 14:27:01 America/Guatemala] verifySession: Sesión encontrada y válida para user_id: 2
[01-Oct-2025 14:27:20 America/Guatemala] verifySession: user_id o session_token no están seteados en SESSION.
[01-Oct-2025 14:27:24 America/Guatemala] verifySession: user_id o session_token no están seteados en SESSION.
[01-Oct-2025 14:27:24 America/Guatemala] Intento de login para usuario: chofox
[01-Oct-2025 14:27:25 America/Guatemala] Sesión creada exitosamente en DB para usuario: 2
[01-Oct-2025 14:27:25 America/Guatemala] Auth::login - User role set in session: Administrador
[01-Oct-2025 14:27:25 America/Guatemala] Resultado de login: {"success":true,"message":"Inicio de sesi\u00f3n exitoso","user":{"id":2,"nombre_completo":"Rodolfo Garcia","usuario":"chofox","password_hash":"$2y$10$r2z\/zRSNiKhGHAJiqz728uBUPr7bT\/ZxE5MFelrC5ZPvRcKz8AYBy","puesto":"Administrador de Sistema","activo":1,"rol":"Administrador","distrito":"Chamelco"}}
[01-Oct-2025 14:27:25 America/Guatemala] Login exitoso. Verificando sesión...
[01-Oct-2025 14:27:25 America/Guatemala] verifySession: user_id: 2, session_token: 33a29f9af3f98c69ea4f1e6f12e07b458621268a34355b7a1f6ca01f0d535417
[01-Oct-2025 14:27:25 America/Guatemala] verifySession: Query a ejecutar: SELECT id FROM sesiones_usuario 
                      WHERE token_sesion = :token 
                      AND usuario_id = :user_id 
                      AND activa = 1
[01-Oct-2025 14:27:25 America/Guatemala] verifySession: Query a ejecutar: SELECT id FROM sesiones_usuario 
                      WHERE token_sesion = '33a29f9af3f98c69ea4f1e6f12e07b458621268a34355b7a1f6ca01f0d535417' 
                      AND usuario_id = 2 
                      AND activa = 1
[01-Oct-2025 14:27:25 America/Guatemala] verifySession: Ejecutando query con token: 33a29f9af3f98c69ea4f1e6f12e07b458621268a34355b7a1f6ca01f0d535417 y user_id: 2
[01-Oct-2025 14:27:25 America/Guatemala] verifySession: rowCount() después de ejecutar la query principal: 1
[01-Oct-2025 14:27:25 America/Guatemala] verifySession: Sesión encontrada y válida para user_id: 2
[01-Oct-2025 14:27:26 America/Guatemala] Sesión verificada después del login. Redirigiendo a dashboard.php
[01-Oct-2025 14:27:26 America/Guatemala] verifySession: user_id: 2, session_token: 33a29f9af3f98c69ea4f1e6f12e07b458621268a34355b7a1f6ca01f0d535417
[01-Oct-2025 14:27:26 America/Guatemala] verifySession: Query a ejecutar: SELECT id FROM sesiones_usuario 
                      WHERE token_sesion = :token 
                      AND usuario_id = :user_id 
                      AND activa = 1
[01-Oct-2025 14:27:26 America/Guatemala] verifySession: Query a ejecutar: SELECT id FROM sesiones_usuario 
                      WHERE token_sesion = '33a29f9af3f98c69ea4f1e6f12e07b458621268a34355b7a1f6ca01f0d535417' 
                      AND usuario_id = 2 
                      AND activa = 1
[01-Oct-2025 14:27:26 America/Guatemala] verifySession: Ejecutando query con token: 33a29f9af3f98c69ea4f1e6f12e07b458621268a34355b7a1f6ca01f0d535417 y user_id: 2
[01-Oct-2025 14:27:26 America/Guatemala] verifySession: rowCount() después de ejecutar la query principal: 1
[01-Oct-2025 14:27:26 America/Guatemala] verifySession: Sesión encontrada y válida para user_id: 2
[01-Oct-2025 14:32:28 America/Guatemala] verifySession: user_id: 2, session_token: 33a29f9af3f98c69ea4f1e6f12e07b458621268a34355b7a1f6ca01f0d535417
[01-Oct-2025 14:32:28 America/Guatemala] verifySession: Query a ejecutar: SELECT id FROM sesiones_usuario 
                      WHERE token_sesion = :token 
                      AND usuario_id = :user_id 
                      AND activa = 1
[01-Oct-2025 14:32:28 America/Guatemala] verifySession: Query a ejecutar: SELECT id FROM sesiones_usuario 
                      WHERE token_sesion = '33a29f9af3f98c69ea4f1e6f12e07b458621268a34355b7a1f6ca01f0d535417' 
                      AND usuario_id = 2 
                      AND activa = 1
[01-Oct-2025 14:32:28 America/Guatemala] verifySession: Ejecutando query con token: 33a29f9af3f98c69ea4f1e6f12e07b458621268a34355b7a1f6ca01f0d535417 y user_id: 2
[01-Oct-2025 14:32:28 America/Guatemala] verifySession: rowCount() después de ejecutar la query principal: 1
[01-Oct-2025 14:32:28 America/Guatemala] verifySession: Sesión encontrada y válida para user_id: 2
[01-Oct-2025 14:37:30 America/Guatemala] verifySession: user_id: 2, session_token: 33a29f9af3f98c69ea4f1e6f12e07b458621268a34355b7a1f6ca01f0d535417
[01-Oct-2025 14:37:30 America/Guatemala] verifySession: Query a ejecutar: SELECT id FROM sesiones_usuario 
                      WHERE token_sesion = :token 
                      AND usuario_id = :user_id 
                      AND activa = 1
[01-Oct-2025 14:37:30 America/Guatemala] verifySession: Query a ejecutar: SELECT id FROM sesiones_usuario 
                      WHERE token_sesion = '33a29f9af3f98c69ea4f1e6f12e07b458621268a34355b7a1f6ca01f0d535417' 
                      AND usuario_id = 2 
                      AND activa = 1
[01-Oct-2025 14:37:30 America/Guatemala] verifySession: Ejecutando query con token: 33a29f9af3f98c69ea4f1e6f12e07b458621268a34355b7a1f6ca01f0d535417 y user_id: 2
[01-Oct-2025 14:37:30 America/Guatemala] verifySession: rowCount() después de ejecutar la query principal: 1
[01-Oct-2025 14:37:30 America/Guatemala] verifySession: Sesión encontrada y válida para user_id: 2
[01-Oct-2025 14:42:33 America/Guatemala] verifySession: user_id: 2, session_token: 33a29f9af3f98c69ea4f1e6f12e07b458621268a34355b7a1f6ca01f0d535417
[01-Oct-2025 14:42:33 America/Guatemala] verifySession: Query a ejecutar: SELECT id FROM sesiones_usuario 
                      WHERE token_sesion = :token 
                      AND usuario_id = :user_id 
                      AND activa = 1
[01-Oct-2025 14:42:33 America/Guatemala] verifySession: Query a ejecutar: SELECT id FROM sesiones_usuario 
                      WHERE token_sesion = '33a29f9af3f98c69ea4f1e6f12e07b458621268a34355b7a1f6ca01f0d535417' 
                      AND usuario_id = 2 
                      AND activa = 1
[01-Oct-2025 14:42:33 America/Guatemala] verifySession: Ejecutando query con token: 33a29f9af3f98c69ea4f1e6f12e07b458621268a34355b7a1f6ca01f0d535417 y user_id: 2
[01-Oct-2025 14:42:33 America/Guatemala] verifySession: rowCount() después de ejecutar la query principal: 1
[01-Oct-2025 14:42:33 America/Guatemala] verifySession: Sesión encontrada y válida para user_id: 2
[01-Oct-2025 14:44:17 America/Guatemala] verifySession: user_id: 2, session_token: 33a29f9af3f98c69ea4f1e6f12e07b458621268a34355b7a1f6ca01f0d535417
[01-Oct-2025 14:44:17 America/Guatemala] verifySession: Query a ejecutar: SELECT id FROM sesiones_usuario 
                      WHERE token_sesion = :token 
                      AND usuario_id = :user_id 
                      AND activa = 1
[01-Oct-2025 14:44:17 America/Guatemala] verifySession: Query a ejecutar: SELECT id FROM sesiones_usuario 
                      WHERE token_sesion = '33a29f9af3f98c69ea4f1e6f12e07b458621268a34355b7a1f6ca01f0d535417' 
                      AND usuario_id = 2 
                      AND activa = 1
[01-Oct-2025 14:44:17 America/Guatemala] verifySession: Ejecutando query con token: 33a29f9af3f98c69ea4f1e6f12e07b458621268a34355b7a1f6ca01f0d535417 y user_id: 2
[01-Oct-2025 14:44:17 America/Guatemala] verifySession: rowCount() después de ejecutar la query principal: 1
[01-Oct-2025 14:44:17 America/Guatemala] verifySession: Sesión encontrada y válida para user_id: 2
[01-Oct-2025 14:44:33 America/Guatemala] verifySession: user_id: 2, session_token: 33a29f9af3f98c69ea4f1e6f12e07b458621268a34355b7a1f6ca01f0d535417
[01-Oct-2025 14:44:33 America/Guatemala] verifySession: Query a ejecutar: SELECT id FROM sesiones_usuario 
                      WHERE token_sesion = :token 
                      AND usuario_id = :user_id 
                      AND activa = 1
[01-Oct-2025 14:44:34 America/Guatemala] verifySession: Query a ejecutar: SELECT id FROM sesiones_usuario 
                      WHERE token_sesion = '33a29f9af3f98c69ea4f1e6f12e07b458621268a34355b7a1f6ca01f0d535417' 
                      AND usuario_id = 2 
                      AND activa = 1
[01-Oct-2025 14:44:34 America/Guatemala] verifySession: Ejecutando query con token: 33a29f9af3f98c69ea4f1e6f12e07b458621268a34355b7a1f6ca01f0d535417 y user_id: 2
[01-Oct-2025 14:44:34 America/Guatemala] verifySession: rowCount() después de ejecutar la query principal: 1
[01-Oct-2025 14:44:34 America/Guatemala] verifySession: Sesión encontrada y válida para user_id: 2
[01-Oct-2025 14:44:37 America/Guatemala] verifySession: user_id: 2, session_token: 33a29f9af3f98c69ea4f1e6f12e07b458621268a34355b7a1f6ca01f0d535417
[01-Oct-2025 14:44:37 America/Guatemala] verifySession: Query a ejecutar: SELECT id FROM sesiones_usuario 
                      WHERE token_sesion = :token 
                      AND usuario_id = :user_id 
                      AND activa = 1
[01-Oct-2025 14:44:37 America/Guatemala] verifySession: Query a ejecutar: SELECT id FROM sesiones_usuario 
                      WHERE token_sesion = '33a29f9af3f98c69ea4f1e6f12e07b458621268a34355b7a1f6ca01f0d535417' 
                      AND usuario_id = 2 
                      AND activa = 1
[01-Oct-2025 14:44:37 America/Guatemala] verifySession: Ejecutando query con token: 33a29f9af3f98c69ea4f1e6f12e07b458621268a34355b7a1f6ca01f0d535417 y user_id: 2
[01-Oct-2025 14:44:37 America/Guatemala] verifySession: rowCount() después de ejecutar la query principal: 1
[01-Oct-2025 14:44:37 America/Guatemala] verifySession: Sesión encontrada y válida para user_id: 2
[01-Oct-2025 14:44:43 America/Guatemala] verifySession: user_id: 2, session_token: 33a29f9af3f98c69ea4f1e6f12e07b458621268a34355b7a1f6ca01f0d535417
[01-Oct-2025 14:44:43 America/Guatemala] verifySession: Query a ejecutar: SELECT id FROM sesiones_usuario 
                      WHERE token_sesion = :token 
                      AND usuario_id = :user_id 
                      AND activa = 1
[01-Oct-2025 14:44:43 America/Guatemala] verifySession: Query a ejecutar: SELECT id FROM sesiones_usuario 
                      WHERE token_sesion = '33a29f9af3f98c69ea4f1e6f12e07b458621268a34355b7a1f6ca01f0d535417' 
                      AND usuario_id = 2 
                      AND activa = 1
[01-Oct-2025 14:44:43 America/Guatemala] verifySession: Ejecutando query con token: 33a29f9af3f98c69ea4f1e6f12e07b458621268a34355b7a1f6ca01f0d535417 y user_id: 2
[01-Oct-2025 14:44:43 America/Guatemala] verifySession: rowCount() después de ejecutar la query principal: 1
[01-Oct-2025 14:44:43 America/Guatemala] verifySession: Sesión encontrada y válida para user_id: 2
[01-Oct-2025 14:46:11 America/Guatemala] verifySession: user_id: 2, session_token: 33a29f9af3f98c69ea4f1e6f12e07b458621268a34355b7a1f6ca01f0d535417
[01-Oct-2025 14:46:11 America/Guatemala] verifySession: Query a ejecutar: SELECT id FROM sesiones_usuario 
                      WHERE token_sesion = :token 
                      AND usuario_id = :user_id 
                      AND activa = 1
[01-Oct-2025 14:46:11 America/Guatemala] verifySession: Query a ejecutar: SELECT id FROM sesiones_usuario 
                      WHERE token_sesion = '33a29f9af3f98c69ea4f1e6f12e07b458621268a34355b7a1f6ca01f0d535417' 
                      AND usuario_id = 2 
                      AND activa = 1
[01-Oct-2025 14:46:11 America/Guatemala] verifySession: Ejecutando query con token: 33a29f9af3f98c69ea4f1e6f12e07b458621268a34355b7a1f6ca01f0d535417 y user_id: 2
[01-Oct-2025 14:46:11 America/Guatemala] verifySession: rowCount() después de ejecutar la query principal: 1
[01-Oct-2025 14:46:11 America/Guatemala] verifySession: Sesión encontrada y válida para user_id: 2
[01-Oct-2025 14:46:16 America/Guatemala] verifySession: user_id: 2, session_token: 33a29f9af3f98c69ea4f1e6f12e07b458621268a34355b7a1f6ca01f0d535417
[01-Oct-2025 14:46:16 America/Guatemala] verifySession: Query a ejecutar: SELECT id FROM sesiones_usuario 
                      WHERE token_sesion = :token 
                      AND usuario_id = :user_id 
                      AND activa = 1
[01-Oct-2025 14:46:16 America/Guatemala] verifySession: Query a ejecutar: SELECT id FROM sesiones_usuario 
                      WHERE token_sesion = '33a29f9af3f98c69ea4f1e6f12e07b458621268a34355b7a1f6ca01f0d535417' 
                      AND usuario_id = 2 
                      AND activa = 1
[01-Oct-2025 14:46:16 America/Guatemala] verifySession: Ejecutando query con token: 33a29f9af3f98c69ea4f1e6f12e07b458621268a34355b7a1f6ca01f0d535417 y user_id: 2
[01-Oct-2025 14:46:16 America/Guatemala] verifySession: rowCount() después de ejecutar la query principal: 1
[01-Oct-2025 14:46:16 America/Guatemala] verifySession: Sesión encontrada y válida para user_id: 2
[01-Oct-2025 14:46:22 America/Guatemala] verifySession: user_id: 2, session_token: 33a29f9af3f98c69ea4f1e6f12e07b458621268a34355b7a1f6ca01f0d535417
[01-Oct-2025 14:46:22 America/Guatemala] verifySession: Query a ejecutar: SELECT id FROM sesiones_usuario 
                      WHERE token_sesion = :token 
                      AND usuario_id = :user_id 
                      AND activa = 1
[01-Oct-2025 14:46:23 America/Guatemala] verifySession: Query a ejecutar: SELECT id FROM sesiones_usuario 
                      WHERE token_sesion = '33a29f9af3f98c69ea4f1e6f12e07b458621268a34355b7a1f6ca01f0d535417' 
                      AND usuario_id = 2 
                      AND activa = 1
[01-Oct-2025 14:46:23 America/Guatemala] verifySession: Ejecutando query con token: 33a29f9af3f98c69ea4f1e6f12e07b458621268a34355b7a1f6ca01f0d535417 y user_id: 2
[01-Oct-2025 14:46:23 America/Guatemala] verifySession: rowCount() después de ejecutar la query principal: 1
[01-Oct-2025 14:46:23 America/Guatemala] verifySession: Sesión encontrada y válida para user_id: 2
[01-Oct-2025 14:46:23 America/Guatemala] verifySession: user_id: 2, session_token: 33a29f9af3f98c69ea4f1e6f12e07b458621268a34355b7a1f6ca01f0d535417
[01-Oct-2025 14:46:23 America/Guatemala] verifySession: Query a ejecutar: SELECT id FROM sesiones_usuario 
                      WHERE token_sesion = :token 
                      AND usuario_id = :user_id 
                      AND activa = 1
[01-Oct-2025 14:46:23 America/Guatemala] verifySession: Query a ejecutar: SELECT id FROM sesiones_usuario 
                      WHERE token_sesion = '33a29f9af3f98c69ea4f1e6f12e07b458621268a34355b7a1f6ca01f0d535417' 
                      AND usuario_id = 2 
                      AND activa = 1
[01-Oct-2025 14:46:23 America/Guatemala] verifySession: Ejecutando query con token: 33a29f9af3f98c69ea4f1e6f12e07b458621268a34355b7a1f6ca01f0d535417 y user_id: 2
[01-Oct-2025 14:46:23 America/Guatemala] verifySession: rowCount() después de ejecutar la query principal: 1
[01-Oct-2025 14:46:23 America/Guatemala] verifySession: Sesión encontrada y válida para user_id: 2
[01-Oct-2025 14:48:20 America/Guatemala] verifySession: user_id: 2, session_token: 33a29f9af3f98c69ea4f1e6f12e07b458621268a34355b7a1f6ca01f0d535417
[01-Oct-2025 14:48:20 America/Guatemala] verifySession: Query a ejecutar: SELECT id FROM sesiones_usuario 
                      WHERE token_sesion = :token 
                      AND usuario_id = :user_id 
                      AND activa = 1
[01-Oct-2025 14:48:20 America/Guatemala] verifySession: Query a ejecutar: SELECT id FROM sesiones_usuario 
                      WHERE token_sesion = '33a29f9af3f98c69ea4f1e6f12e07b458621268a34355b7a1f6ca01f0d535417' 
                      AND usuario_id = 2 
                      AND activa = 1
[01-Oct-2025 14:48:20 America/Guatemala] verifySession: Ejecutando query con token: 33a29f9af3f98c69ea4f1e6f12e07b458621268a34355b7a1f6ca01f0d535417 y user_id: 2
[01-Oct-2025 14:48:20 America/Guatemala] verifySession: rowCount() después de ejecutar la query principal: 1
[01-Oct-2025 14:48:20 America/Guatemala] verifySession: Sesión encontrada y válida para user_id: 2
[01-Oct-2025 14:50:53 America/Guatemala] verifySession: user_id: 2, session_token: 33a29f9af3f98c69ea4f1e6f12e07b458621268a34355b7a1f6ca01f0d535417
[01-Oct-2025 14:50:53 America/Guatemala] verifySession: Query a ejecutar: SELECT id FROM sesiones_usuario 
                      WHERE token_sesion = :token 
                      AND usuario_id = :user_id 
                      AND activa = 1
[01-Oct-2025 14:50:53 America/Guatemala] verifySession: Query a ejecutar: SELECT id FROM sesiones_usuario 
                      WHERE token_sesion = '33a29f9af3f98c69ea4f1e6f12e07b458621268a34355b7a1f6ca01f0d535417' 
                      AND usuario_id = 2 
                      AND activa = 1
[01-Oct-2025 14:50:53 America/Guatemala] verifySession: Ejecutando query con token: 33a29f9af3f98c69ea4f1e6f12e07b458621268a34355b7a1f6ca01f0d535417 y user_id: 2
[01-Oct-2025 14:50:53 America/Guatemala] verifySession: rowCount() después de ejecutar la query principal: 1
[01-Oct-2025 14:50:53 America/Guatemala] verifySession: Sesión encontrada y válida para user_id: 2
[01-Oct-2025 14:50:55 America/Guatemala] verifySession: user_id: 2, session_token: 33a29f9af3f98c69ea4f1e6f12e07b458621268a34355b7a1f6ca01f0d535417
[01-Oct-2025 14:50:55 America/Guatemala] verifySession: Query a ejecutar: SELECT id FROM sesiones_usuario 
                      WHERE token_sesion = :token 
                      AND usuario_id = :user_id 
                      AND activa = 1
[01-Oct-2025 14:50:55 America/Guatemala] verifySession: Query a ejecutar: SELECT id FROM sesiones_usuario 
                      WHERE token_sesion = '33a29f9af3f98c69ea4f1e6f12e07b458621268a34355b7a1f6ca01f0d535417' 
                      AND usuario_id = 2 
                      AND activa = 1
[01-Oct-2025 14:50:55 America/Guatemala] verifySession: Ejecutando query con token: 33a29f9af3f98c69ea4f1e6f12e07b458621268a34355b7a1f6ca01f0d535417 y user_id: 2
[01-Oct-2025 14:50:55 America/Guatemala] verifySession: rowCount() después de ejecutar la query principal: 1
[01-Oct-2025 14:50:55 America/Guatemala] verifySession: Sesión encontrada y válida para user_id: 2
[01-Oct-2025 14:51:01 America/Guatemala] verifySession: user_id: 2, session_token: 33a29f9af3f98c69ea4f1e6f12e07b458621268a34355b7a1f6ca01f0d535417
[01-Oct-2025 14:51:01 America/Guatemala] verifySession: Query a ejecutar: SELECT id FROM sesiones_usuario 
                      WHERE token_sesion = :token 
                      AND usuario_id = :user_id 
                      AND activa = 1
[01-Oct-2025 14:51:01 America/Guatemala] verifySession: Query a ejecutar: SELECT id FROM sesiones_usuario 
                      WHERE token_sesion = '33a29f9af3f98c69ea4f1e6f12e07b458621268a34355b7a1f6ca01f0d535417' 
                      AND usuario_id = 2 
                      AND activa = 1
[01-Oct-2025 14:51:01 America/Guatemala] verifySession: Ejecutando query con token: 33a29f9af3f98c69ea4f1e6f12e07b458621268a34355b7a1f6ca01f0d535417 y user_id: 2
[01-Oct-2025 14:51:01 America/Guatemala] verifySession: rowCount() después de ejecutar la query principal: 1
[01-Oct-2025 14:51:01 America/Guatemala] verifySession: Sesión encontrada y válida para user_id: 2
[01-Oct-2025 14:51:05 America/Guatemala] verifySession: user_id: 2, session_token: 33a29f9af3f98c69ea4f1e6f12e07b458621268a34355b7a1f6ca01f0d535417
[01-Oct-2025 14:51:05 America/Guatemala] verifySession: Query a ejecutar: SELECT id FROM sesiones_usuario 
                      WHERE token_sesion = :token 
                      AND usuario_id = :user_id 
                      AND activa = 1
[01-Oct-2025 14:51:05 America/Guatemala] verifySession: Query a ejecutar: SELECT id FROM sesiones_usuario 
                      WHERE token_sesion = '33a29f9af3f98c69ea4f1e6f12e07b458621268a34355b7a1f6ca01f0d535417' 
                      AND usuario_id = 2 
                      AND activa = 1
[01-Oct-2025 14:51:05 America/Guatemala] verifySession: Ejecutando query con token: 33a29f9af3f98c69ea4f1e6f12e07b458621268a34355b7a1f6ca01f0d535417 y user_id: 2
[01-Oct-2025 14:51:05 America/Guatemala] verifySession: rowCount() después de ejecutar la query principal: 1
[01-Oct-2025 14:51:05 America/Guatemala] verifySession: Sesión encontrada y válida para user_id: 2
[01-Oct-2025 14:51:11 America/Guatemala] verifySession: user_id: 2, session_token: 33a29f9af3f98c69ea4f1e6f12e07b458621268a34355b7a1f6ca01f0d535417
[01-Oct-2025 14:51:11 America/Guatemala] verifySession: Query a ejecutar: SELECT id FROM sesiones_usuario 
                      WHERE token_sesion = :token 
                      AND usuario_id = :user_id 
                      AND activa = 1
[01-Oct-2025 14:51:11 America/Guatemala] verifySession: Query a ejecutar: SELECT id FROM sesiones_usuario 
                      WHERE token_sesion = '33a29f9af3f98c69ea4f1e6f12e07b458621268a34355b7a1f6ca01f0d535417' 
                      AND usuario_id = 2 
                      AND activa = 1
[01-Oct-2025 14:51:11 America/Guatemala] verifySession: Ejecutando query con token: 33a29f9af3f98c69ea4f1e6f12e07b458621268a34355b7a1f6ca01f0d535417 y user_id: 2
[01-Oct-2025 14:51:11 America/Guatemala] verifySession: rowCount() después de ejecutar la query principal: 1
[01-Oct-2025 14:51:11 America/Guatemala] verifySession: Sesión encontrada y válida para user_id: 2
[01-Oct-2025 14:51:15 America/Guatemala] verifySession: user_id: 2, session_token: 33a29f9af3f98c69ea4f1e6f12e07b458621268a34355b7a1f6ca01f0d535417
[01-Oct-2025 14:51:15 America/Guatemala] verifySession: Query a ejecutar: SELECT id FROM sesiones_usuario 
                      WHERE token_sesion = :token 
                      AND usuario_id = :user_id 
                      AND activa = 1
[01-Oct-2025 14:51:15 America/Guatemala] verifySession: Query a ejecutar: SELECT id FROM sesiones_usuario 
                      WHERE token_sesion = '33a29f9af3f98c69ea4f1e6f12e07b458621268a34355b7a1f6ca01f0d535417' 
                      AND usuario_id = 2 
                      AND activa = 1
[01-Oct-2025 14:51:15 America/Guatemala] verifySession: Ejecutando query con token: 33a29f9af3f98c69ea4f1e6f12e07b458621268a34355b7a1f6ca01f0d535417 y user_id: 2
[01-Oct-2025 14:51:15 America/Guatemala] verifySession: rowCount() después de ejecutar la query principal: 1
[01-Oct-2025 14:51:15 America/Guatemala] verifySession: Sesión encontrada y válida para user_id: 2
[01-Oct-2025 14:51:21 America/Guatemala] verifySession: user_id: 2, session_token: 33a29f9af3f98c69ea4f1e6f12e07b458621268a34355b7a1f6ca01f0d535417
[01-Oct-2025 14:51:21 America/Guatemala] verifySession: Query a ejecutar: SELECT id FROM sesiones_usuario 
                      WHERE token_sesion = :token 
                      AND usuario_id = :user_id 
                      AND activa = 1
[01-Oct-2025 14:51:21 America/Guatemala] verifySession: Query a ejecutar: SELECT id FROM sesiones_usuario 
                      WHERE token_sesion = '33a29f9af3f98c69ea4f1e6f12e07b458621268a34355b7a1f6ca01f0d535417' 
                      AND usuario_id = 2 
                      AND activa = 1
[01-Oct-2025 14:51:21 America/Guatemala] verifySession: Ejecutando query con token: 33a29f9af3f98c69ea4f1e6f12e07b458621268a34355b7a1f6ca01f0d535417 y user_id: 2
[01-Oct-2025 14:51:21 America/Guatemala] verifySession: rowCount() después de ejecutar la query principal: 1
[01-Oct-2025 14:51:21 America/Guatemala] verifySession: Sesión encontrada y válida para user_id: 2
[01-Oct-2025 14:52:55 America/Guatemala] verifySession: user_id: 2, session_token: 33a29f9af3f98c69ea4f1e6f12e07b458621268a34355b7a1f6ca01f0d535417
[01-Oct-2025 14:52:55 America/Guatemala] verifySession: Query a ejecutar: SELECT id FROM sesiones_usuario 
                      WHERE token_sesion = :token 
                      AND usuario_id = :user_id 
                      AND activa = 1
[01-Oct-2025 14:52:55 America/Guatemala] verifySession: Query a ejecutar: SELECT id FROM sesiones_usuario 
                      WHERE token_sesion = '33a29f9af3f98c69ea4f1e6f12e07b458621268a34355b7a1f6ca01f0d535417' 
                      AND usuario_id = 2 
                      AND activa = 1
[01-Oct-2025 14:52:55 America/Guatemala] verifySession: Ejecutando query con token: 33a29f9af3f98c69ea4f1e6f12e07b458621268a34355b7a1f6ca01f0d535417 y user_id: 2
[01-Oct-2025 14:52:55 America/Guatemala] verifySession: rowCount() después de ejecutar la query principal: 1
[01-Oct-2025 14:52:55 America/Guatemala] verifySession: Sesión encontrada y válida para user_id: 2
[01-Oct-2025 14:53:17 America/Guatemala] verifySession: user_id: 2, session_token: 33a29f9af3f98c69ea4f1e6f12e07b458621268a34355b7a1f6ca01f0d535417
[01-Oct-2025 14:53:17 America/Guatemala] verifySession: Query a ejecutar: SELECT id FROM sesiones_usuario 
                      WHERE token_sesion = :token 
                      AND usuario_id = :user_id 
                      AND activa = 1
[01-Oct-2025 14:53:17 America/Guatemala] verifySession: Query a ejecutar: SELECT id FROM sesiones_usuario 
                      WHERE token_sesion = '33a29f9af3f98c69ea4f1e6f12e07b458621268a34355b7a1f6ca01f0d535417' 
                      AND usuario_id = 2 
                      AND activa = 1
[01-Oct-2025 14:53:17 America/Guatemala] verifySession: Ejecutando query con token: 33a29f9af3f98c69ea4f1e6f12e07b458621268a34355b7a1f6ca01f0d535417 y user_id: 2
[01-Oct-2025 14:53:17 America/Guatemala] verifySession: rowCount() después de ejecutar la query principal: 1
[01-Oct-2025 14:53:17 America/Guatemala] verifySession: Sesión encontrada y válida para user_id: 2
[01-Oct-2025 14:53:18 America/Guatemala] verifySession: user_id: 2, session_token: 33a29f9af3f98c69ea4f1e6f12e07b458621268a34355b7a1f6ca01f0d535417
[01-Oct-2025 14:53:18 America/Guatemala] verifySession: Query a ejecutar: SELECT id FROM sesiones_usuario 
                      WHERE token_sesion = :token 
                      AND usuario_id = :user_id 
                      AND activa = 1
[01-Oct-2025 14:53:18 America/Guatemala] verifySession: Query a ejecutar: SELECT id FROM sesiones_usuario 
                      WHERE token_sesion = '33a29f9af3f98c69ea4f1e6f12e07b458621268a34355b7a1f6ca01f0d535417' 
                      AND usuario_id = 2 
                      AND activa = 1
[01-Oct-2025 14:53:18 America/Guatemala] verifySession: Ejecutando query con token: 33a29f9af3f98c69ea4f1e6f12e07b458621268a34355b7a1f6ca01f0d535417 y user_id: 2
[01-Oct-2025 14:53:18 America/Guatemala] verifySession: rowCount() después de ejecutar la query principal: 1
[01-Oct-2025 14:53:18 America/Guatemala] verifySession: Sesión encontrada y válida para user_id: 2
[01-Oct-2025 14:53:18 America/Guatemala] verifySession: user_id: 2, session_token: 33a29f9af3f98c69ea4f1e6f12e07b458621268a34355b7a1f6ca01f0d535417
[01-Oct-2025 14:53:18 America/Guatemala] verifySession: Query a ejecutar: SELECT id FROM sesiones_usuario 
                      WHERE token_sesion = :token 
                      AND usuario_id = :user_id 
                      AND activa = 1
[01-Oct-2025 14:53:18 America/Guatemala] verifySession: Query a ejecutar: SELECT id FROM sesiones_usuario 
                      WHERE token_sesion = '33a29f9af3f98c69ea4f1e6f12e07b458621268a34355b7a1f6ca01f0d535417' 
                      AND usuario_id = 2 
                      AND activa = 1
[01-Oct-2025 14:53:18 America/Guatemala] verifySession: Ejecutando query con token: 33a29f9af3f98c69ea4f1e6f12e07b458621268a34355b7a1f6ca01f0d535417 y user_id: 2
[01-Oct-2025 14:53:18 America/Guatemala] verifySession: rowCount() después de ejecutar la query principal: 1
[01-Oct-2025 14:53:18 America/Guatemala] verifySession: Sesión encontrada y válida para user_id: 2
[01-Oct-2025 14:53:18 America/Guatemala] Auth::hasPermission - User role: 'Administrador', Required role: 'Administrador'
[01-Oct-2025 14:57:29 America/Guatemala] verifySession: user_id: 2, session_token: 33a29f9af3f98c69ea4f1e6f12e07b458621268a34355b7a1f6ca01f0d535417
[01-Oct-2025 14:57:29 America/Guatemala] verifySession: Query a ejecutar: SELECT id FROM sesiones_usuario 
                      WHERE token_sesion = :token 
                      AND usuario_id = :user_id 
                      AND activa = 1
[01-Oct-2025 14:57:29 America/Guatemala] verifySession: Query a ejecutar: SELECT id FROM sesiones_usuario 
                      WHERE token_sesion = '33a29f9af3f98c69ea4f1e6f12e07b458621268a34355b7a1f6ca01f0d535417' 
                      AND usuario_id = 2 
                      AND activa = 1
[01-Oct-2025 14:57:29 America/Guatemala] verifySession: Ejecutando query con token: 33a29f9af3f98c69ea4f1e6f12e07b458621268a34355b7a1f6ca01f0d535417 y user_id: 2
[01-Oct-2025 14:57:29 America/Guatemala] verifySession: rowCount() después de ejecutar la query principal: 1
[01-Oct-2025 14:57:29 America/Guatemala] verifySession: Sesión encontrada y válida para user_id: 2
[01-Oct-2025 15:02:55 America/Guatemala] verifySession: user_id: 2, session_token: 33a29f9af3f98c69ea4f1e6f12e07b458621268a34355b7a1f6ca01f0d535417
[01-Oct-2025 15:02:55 America/Guatemala] verifySession: Query a ejecutar: SELECT id FROM sesiones_usuario 
                      WHERE token_sesion = :token 
                      AND usuario_id = :user_id 
                      AND activa = 1
[01-Oct-2025 15:02:55 America/Guatemala] verifySession: Query a ejecutar: SELECT id FROM sesiones_usuario 
                      WHERE token_sesion = '33a29f9af3f98c69ea4f1e6f12e07b458621268a34355b7a1f6ca01f0d535417' 
                      AND usuario_id = 2 
                      AND activa = 1
[01-Oct-2025 15:02:55 America/Guatemala] verifySession: Ejecutando query con token: 33a29f9af3f98c69ea4f1e6f12e07b458621268a34355b7a1f6ca01f0d535417 y user_id: 2
[01-Oct-2025 15:02:55 America/Guatemala] verifySession: rowCount() después de ejecutar la query principal: 1
[01-Oct-2025 15:02:56 America/Guatemala] verifySession: Sesión encontrada y válida para user_id: 2
[01-Oct-2025 15:03:24 America/Guatemala] verifySession: user_id: 2, session_token: 33a29f9af3f98c69ea4f1e6f12e07b458621268a34355b7a1f6ca01f0d535417
[01-Oct-2025 15:03:24 America/Guatemala] verifySession: Query a ejecutar: SELECT id FROM sesiones_usuario 
                      WHERE token_sesion = :token 
                      AND usuario_id = :user_id 
                      AND activa = 1
[01-Oct-2025 15:03:24 America/Guatemala] verifySession: Query a ejecutar: SELECT id FROM sesiones_usuario 
                      WHERE token_sesion = '33a29f9af3f98c69ea4f1e6f12e07b458621268a34355b7a1f6ca01f0d535417' 
                      AND usuario_id = 2 
                      AND activa = 1
[01-Oct-2025 15:03:24 America/Guatemala] verifySession: Ejecutando query con token: 33a29f9af3f98c69ea4f1e6f12e07b458621268a34355b7a1f6ca01f0d535417 y user_id: 2
[01-Oct-2025 15:03:24 America/Guatemala] verifySession: rowCount() después de ejecutar la query principal: 1
[01-Oct-2025 15:03:24 America/Guatemala] verifySession: Sesión encontrada y válida para user_id: 2
[01-Oct-2025 15:03:29 America/Guatemala] verifySession: user_id: 2, session_token: 33a29f9af3f98c69ea4f1e6f12e07b458621268a34355b7a1f6ca01f0d535417
[01-Oct-2025 15:03:29 America/Guatemala] verifySession: Query a ejecutar: SELECT id FROM sesiones_usuario 
                      WHERE token_sesion = :token 
                      AND usuario_id = :user_id 
                      AND activa = 1
[01-Oct-2025 15:03:29 America/Guatemala] verifySession: Query a ejecutar: SELECT id FROM sesiones_usuario 
                      WHERE token_sesion = '33a29f9af3f98c69ea4f1e6f12e07b458621268a34355b7a1f6ca01f0d535417' 
                      AND usuario_id = 2 
                      AND activa = 1
[01-Oct-2025 15:03:29 America/Guatemala] verifySession: Ejecutando query con token: 33a29f9af3f98c69ea4f1e6f12e07b458621268a34355b7a1f6ca01f0d535417 y user_id: 2
[01-Oct-2025 15:03:30 America/Guatemala] verifySession: rowCount() después de ejecutar la query principal: 1
[01-Oct-2025 15:03:30 America/Guatemala] verifySession: Sesión encontrada y válida para user_id: 2
[01-Oct-2025 15:03:33 America/Guatemala] verifySession: user_id: 2, session_token: 33a29f9af3f98c69ea4f1e6f12e07b458621268a34355b7a1f6ca01f0d535417
[01-Oct-2025 15:03:33 America/Guatemala] verifySession: Query a ejecutar: SELECT id FROM sesiones_usuario 
                      WHERE token_sesion = :token 
                      AND usuario_id = :user_id 
                      AND activa = 1
[01-Oct-2025 15:03:33 America/Guatemala] verifySession: Query a ejecutar: SELECT id FROM sesiones_usuario 
                      WHERE token_sesion = '33a29f9af3f98c69ea4f1e6f12e07b458621268a34355b7a1f6ca01f0d535417' 
                      AND usuario_id = 2 
                      AND activa = 1
[01-Oct-2025 15:03:33 America/Guatemala] verifySession: Ejecutando query con token: 33a29f9af3f98c69ea4f1e6f12e07b458621268a34355b7a1f6ca01f0d535417 y user_id: 2
[01-Oct-2025 15:03:34 America/Guatemala] verifySession: rowCount() después de ejecutar la query principal: 1
[01-Oct-2025 15:03:34 America/Guatemala] verifySession: Sesión encontrada y válida para user_id: 2
[01-Oct-2025 15:03:35 America/Guatemala] Error cargando conocimientos: SQLSTATE[42000]: Syntax error or access violation: 1064 You have an error in your SQL syntax; check the manual that corresponds to your MySQL server version for the right syntax to use near 'WHERE YEAR(c.fecha_entrega) = ?
              ORDER BY c.fecha_entrega DESC, c.' at line 17
[01-Oct-2025 15:04:16 America/Guatemala] verifySession: user_id: 2, session_token: 33a29f9af3f98c69ea4f1e6f12e07b458621268a34355b7a1f6ca01f0d535417
[01-Oct-2025 15:04:16 America/Guatemala] verifySession: Query a ejecutar: SELECT id FROM sesiones_usuario 
                      WHERE token_sesion = :token 
                      AND usuario_id = :user_id 
                      AND activa = 1
[01-Oct-2025 15:04:16 America/Guatemala] verifySession: Query a ejecutar: SELECT id FROM sesiones_usuario 
                      WHERE token_sesion = '33a29f9af3f98c69ea4f1e6f12e07b458621268a34355b7a1f6ca01f0d535417' 
                      AND usuario_id = 2 
                      AND activa = 1
[01-Oct-2025 15:04:17 America/Guatemala] verifySession: Ejecutando query con token: 33a29f9af3f98c69ea4f1e6f12e07b458621268a34355b7a1f6ca01f0d535417 y user_id: 2
[01-Oct-2025 15:04:17 America/Guatemala] verifySession: rowCount() después de ejecutar la query principal: 1
[01-Oct-2025 15:04:17 America/Guatemala] verifySession: Sesión encontrada y válida para user_id: 2
[01-Oct-2025 15:07:04 America/Guatemala] verifySession: user_id: 2, session_token: 33a29f9af3f98c69ea4f1e6f12e07b458621268a34355b7a1f6ca01f0d535417
[01-Oct-2025 15:07:04 America/Guatemala] verifySession: Query a ejecutar: SELECT id FROM sesiones_usuario 
                      WHERE token_sesion = :token 
                      AND usuario_id = :user_id 
                      AND activa = 1
[01-Oct-2025 15:07:04 America/Guatemala] verifySession: Query a ejecutar: SELECT id FROM sesiones_usuario 
                      WHERE token_sesion = '33a29f9af3f98c69ea4f1e6f12e07b458621268a34355b7a1f6ca01f0d535417' 
                      AND usuario_id = 2 
                      AND activa = 1
[01-Oct-2025 15:07:04 America/Guatemala] verifySession: Ejecutando query con token: 33a29f9af3f98c69ea4f1e6f12e07b458621268a34355b7a1f6ca01f0d535417 y user_id: 2
[01-Oct-2025 15:07:04 America/Guatemala] verifySession: rowCount() después de ejecutar la query principal: 1
[01-Oct-2025 15:07:04 America/Guatemala] verifySession: Sesión encontrada y válida para user_id: 2
[01-Oct-2025 15:07:04 America/Guatemala] verifySession: user_id: 2, session_token: 33a29f9af3f98c69ea4f1e6f12e07b458621268a34355b7a1f6ca01f0d535417
[01-Oct-2025 15:07:04 America/Guatemala] verifySession: Query a ejecutar: SELECT id FROM sesiones_usuario 
                      WHERE token_sesion = :token 
                      AND usuario_id = :user_id 
                      AND activa = 1
[01-Oct-2025 15:07:04 America/Guatemala] verifySession: Query a ejecutar: SELECT id FROM sesiones_usuario 
                      WHERE token_sesion = '33a29f9af3f98c69ea4f1e6f12e07b458621268a34355b7a1f6ca01f0d535417' 
                      AND usuario_id = 2 
                      AND activa = 1
[01-Oct-2025 15:07:04 America/Guatemala] verifySession: Ejecutando query con token: 33a29f9af3f98c69ea4f1e6f12e07b458621268a34355b7a1f6ca01f0d535417 y user_id: 2
[01-Oct-2025 15:07:04 America/Guatemala] verifySession: rowCount() después de ejecutar la query principal: 1
[01-Oct-2025 15:07:04 America/Guatemala] verifySession: Sesión encontrada y válida para user_id: 2
[01-Oct-2025 15:07:26 America/Guatemala] verifySession: user_id: 2, session_token: 33a29f9af3f98c69ea4f1e6f12e07b458621268a34355b7a1f6ca01f0d535417
[01-Oct-2025 15:07:26 America/Guatemala] verifySession: Query a ejecutar: SELECT id FROM sesiones_usuario 
                      WHERE token_sesion = :token 
                      AND usuario_id = :user_id 
                      AND activa = 1
[01-Oct-2025 15:07:26 America/Guatemala] verifySession: Query a ejecutar: SELECT id FROM sesiones_usuario 
                      WHERE token_sesion = '33a29f9af3f98c69ea4f1e6f12e07b458621268a34355b7a1f6ca01f0d535417' 
                      AND usuario_id = 2 
                      AND activa = 1
[01-Oct-2025 15:07:26 America/Guatemala] verifySession: Ejecutando query con token: 33a29f9af3f98c69ea4f1e6f12e07b458621268a34355b7a1f6ca01f0d535417 y user_id: 2
[01-Oct-2025 15:07:26 America/Guatemala] verifySession: rowCount() después de ejecutar la query principal: 1
[01-Oct-2025 15:07:26 America/Guatemala] verifySession: Sesión encontrada y válida para user_id: 2
[01-Oct-2025 15:07:26 America/Guatemala] verifySession: user_id: 2, session_token: 33a29f9af3f98c69ea4f1e6f12e07b458621268a34355b7a1f6ca01f0d535417
[01-Oct-2025 15:07:26 America/Guatemala] verifySession: Query a ejecutar: SELECT id FROM sesiones_usuario 
                      WHERE token_sesion = :token 
                      AND usuario_id = :user_id 
                      AND activa = 1
[01-Oct-2025 15:07:26 America/Guatemala] verifySession: Query a ejecutar: SELECT id FROM sesiones_usuario 
                      WHERE token_sesion = '33a29f9af3f98c69ea4f1e6f12e07b458621268a34355b7a1f6ca01f0d535417' 
                      AND usuario_id = 2 
                      AND activa = 1
[01-Oct-2025 15:07:26 America/Guatemala] verifySession: Ejecutando query con token: 33a29f9af3f98c69ea4f1e6f12e07b458621268a34355b7a1f6ca01f0d535417 y user_id: 2
[01-Oct-2025 15:07:26 America/Guatemala] verifySession: rowCount() después de ejecutar la query principal: 1
[01-Oct-2025 15:07:26 America/Guatemala] verifySession: Sesión encontrada y válida para user_id: 2
[01-Oct-2025 15:07:28 America/Guatemala] verifySession: user_id: 2, session_token: 33a29f9af3f98c69ea4f1e6f12e07b458621268a34355b7a1f6ca01f0d535417
[01-Oct-2025 15:07:28 America/Guatemala] verifySession: Query a ejecutar: SELECT id FROM sesiones_usuario 
                      WHERE token_sesion = :token 
                      AND usuario_id = :user_id 
                      AND activa = 1
[01-Oct-2025 15:07:28 America/Guatemala] verifySession: Query a ejecutar: SELECT id FROM sesiones_usuario 
                      WHERE token_sesion = '33a29f9af3f98c69ea4f1e6f12e07b458621268a34355b7a1f6ca01f0d535417' 
                      AND usuario_id = 2 
                      AND activa = 1
[01-Oct-2025 15:07:28 America/Guatemala] verifySession: Ejecutando query con token: 33a29f9af3f98c69ea4f1e6f12e07b458621268a34355b7a1f6ca01f0d535417 y user_id: 2
[01-Oct-2025 15:07:28 America/Guatemala] verifySession: rowCount() después de ejecutar la query principal: 1
[01-Oct-2025 15:07:28 America/Guatemala] verifySession: Sesión encontrada y válida para user_id: 2
[01-Oct-2025 15:07:29 America/Guatemala] verifySession: user_id: 2, session_token: 33a29f9af3f98c69ea4f1e6f12e07b458621268a34355b7a1f6ca01f0d535417
[01-Oct-2025 15:07:29 America/Guatemala] verifySession: Query a ejecutar: SELECT id FROM sesiones_usuario 
                      WHERE token_sesion = :token 
                      AND usuario_id = :user_id 
                      AND activa = 1
[01-Oct-2025 15:07:29 America/Guatemala] verifySession: Query a ejecutar: SELECT id FROM sesiones_usuario 
                      WHERE token_sesion = '33a29f9af3f98c69ea4f1e6f12e07b458621268a34355b7a1f6ca01f0d535417' 
                      AND usuario_id = 2 
                      AND activa = 1
[01-Oct-2025 15:07:29 America/Guatemala] verifySession: Ejecutando query con token: 33a29f9af3f98c69ea4f1e6f12e07b458621268a34355b7a1f6ca01f0d535417 y user_id: 2
[01-Oct-2025 15:07:29 America/Guatemala] verifySession: rowCount() después de ejecutar la query principal: 1
[01-Oct-2025 15:07:29 America/Guatemala] verifySession: Sesión encontrada y válida para user_id: 2
[01-Oct-2025 15:07:30 America/Guatemala] Error en gestión de puestos: SQLSTATE[23000]: Integrity constraint violation: 1062 Duplicate entry 'Asistente Tecnico En Informatica' for key 'puestos.nombre'
[01-Oct-2025 15:07:30 America/Guatemala] verifySession: user_id: 2, session_token: 33a29f9af3f98c69ea4f1e6f12e07b458621268a34355b7a1f6ca01f0d535417
[01-Oct-2025 15:07:30 America/Guatemala] verifySession: Query a ejecutar: SELECT id FROM sesiones_usuario 
                      WHERE token_sesion = :token 
                      AND usuario_id = :user_id 
                      AND activa = 1
[01-Oct-2025 15:07:30 America/Guatemala] verifySession: Query a ejecutar: SELECT id FROM sesiones_usuario 
                      WHERE token_sesion = '33a29f9af3f98c69ea4f1e6f12e07b458621268a34355b7a1f6ca01f0d535417' 
                      AND usuario_id = 2 
                      AND activa = 1
[01-Oct-2025 15:07:30 America/Guatemala] verifySession: Ejecutando query con token: 33a29f9af3f98c69ea4f1e6f12e07b458621268a34355b7a1f6ca01f0d535417 y user_id: 2
[01-Oct-2025 15:07:30 America/Guatemala] verifySession: rowCount() después de ejecutar la query principal: 1
[01-Oct-2025 15:07:30 America/Guatemala] verifySession: Sesión encontrada y válida para user_id: 2
[01-Oct-2025 15:07:31 America/Guatemala] verifySession: user_id: 2, session_token: 33a29f9af3f98c69ea4f1e6f12e07b458621268a34355b7a1f6ca01f0d535417
[01-Oct-2025 15:07:31 America/Guatemala] verifySession: Query a ejecutar: SELECT id FROM sesiones_usuario 
                      WHERE token_sesion = :token 
                      AND usuario_id = :user_id 
                      AND activa = 1
[01-Oct-2025 15:07:31 America/Guatemala] verifySession: Query a ejecutar: SELECT id FROM sesiones_usuario 
                      WHERE token_sesion = '33a29f9af3f98c69ea4f1e6f12e07b458621268a34355b7a1f6ca01f0d535417' 
                      AND usuario_id = 2 
                      AND activa = 1
[01-Oct-2025 15:07:31 America/Guatemala] verifySession: Ejecutando query con token: 33a29f9af3f98c69ea4f1e6f12e07b458621268a34355b7a1f6ca01f0d535417 y user_id: 2
[01-Oct-2025 15:07:31 America/Guatemala] verifySession: rowCount() después de ejecutar la query principal: 1
[01-Oct-2025 15:07:31 America/Guatemala] verifySession: Sesión encontrada y válida para user_id: 2
[01-Oct-2025 15:07:32 America/Guatemala] Error en gestión de puestos: SQLSTATE[23000]: Integrity constraint violation: 1062 Duplicate entry 'Asistente Tecnico En Informatica' for key 'puestos.nombre'
[01-Oct-2025 15:07:32 America/Guatemala] verifySession: user_id: 2, session_token: 33a29f9af3f98c69ea4f1e6f12e07b458621268a34355b7a1f6ca01f0d535417
[01-Oct-2025 15:07:32 America/Guatemala] verifySession: Query a ejecutar: SELECT id FROM sesiones_usuario 
                      WHERE token_sesion = :token 
                      AND usuario_id = :user_id 
                      AND activa = 1
[01-Oct-2025 15:07:32 America/Guatemala] verifySession: Query a ejecutar: SELECT id FROM sesiones_usuario 
                      WHERE token_sesion = '33a29f9af3f98c69ea4f1e6f12e07b458621268a34355b7a1f6ca01f0d535417' 
                      AND usuario_id = 2 
                      AND activa = 1
[01-Oct-2025 15:07:32 America/Guatemala] verifySession: Ejecutando query con token: 33a29f9af3f98c69ea4f1e6f12e07b458621268a34355b7a1f6ca01f0d535417 y user_id: 2
[01-Oct-2025 15:07:32 America/Guatemala] verifySession: rowCount() después de ejecutar la query principal: 1
[01-Oct-2025 15:07:32 America/Guatemala] verifySession: Sesión encontrada y válida para user_id: 2
[01-Oct-2025 15:07:32 America/Guatemala] verifySession: user_id: 2, session_token: 33a29f9af3f98c69ea4f1e6f12e07b458621268a34355b7a1f6ca01f0d535417
[01-Oct-2025 15:07:32 America/Guatemala] verifySession: Query a ejecutar: SELECT id FROM sesiones_usuario 
                      WHERE token_sesion = :token 
                      AND usuario_id = :user_id 
                      AND activa = 1
[01-Oct-2025 15:07:33 America/Guatemala] verifySession: Query a ejecutar: SELECT id FROM sesiones_usuario 
                      WHERE token_sesion = '33a29f9af3f98c69ea4f1e6f12e07b458621268a34355b7a1f6ca01f0d535417' 
                      AND usuario_id = 2 
                      AND activa = 1
[01-Oct-2025 15:07:33 America/Guatemala] verifySession: Ejecutando query con token: 33a29f9af3f98c69ea4f1e6f12e07b458621268a34355b7a1f6ca01f0d535417 y user_id: 2
[01-Oct-2025 15:07:33 America/Guatemala] verifySession: rowCount() después de ejecutar la query principal: 1
[01-Oct-2025 15:07:33 America/Guatemala] verifySession: Sesión encontrada y válida para user_id: 2
[01-Oct-2025 15:07:33 America/Guatemala] Error en gestión de puestos: SQLSTATE[23000]: Integrity constraint violation: 1062 Duplicate entry 'Asistente Tecnico En Informatica' for key 'puestos.nombre'
[01-Oct-2025 15:07:34 America/Guatemala] verifySession: user_id: 2, session_token: 33a29f9af3f98c69ea4f1e6f12e07b458621268a34355b7a1f6ca01f0d535417
[01-Oct-2025 15:07:34 America/Guatemala] verifySession: Query a ejecutar: SELECT id FROM sesiones_usuario 
                      WHERE token_sesion = :token 
                      AND usuario_id = :user_id 
                      AND activa = 1
[01-Oct-2025 15:07:34 America/Guatemala] verifySession: Query a ejecutar: SELECT id FROM sesiones_usuario 
                      WHERE token_sesion = '33a29f9af3f98c69ea4f1e6f12e07b458621268a34355b7a1f6ca01f0d535417' 
                      AND usuario_id = 2 
                      AND activa = 1
[01-Oct-2025 15:07:34 America/Guatemala] verifySession: Ejecutando query con token: 33a29f9af3f98c69ea4f1e6f12e07b458621268a34355b7a1f6ca01f0d535417 y user_id: 2
[01-Oct-2025 15:07:34 America/Guatemala] verifySession: rowCount() después de ejecutar la query principal: 1
[01-Oct-2025 15:07:34 America/Guatemala] verifySession: Sesión encontrada y válida para user_id: 2
[01-Oct-2025 15:07:34 America/Guatemala] verifySession: user_id: 2, session_token: 33a29f9af3f98c69ea4f1e6f12e07b458621268a34355b7a1f6ca01f0d535417
[01-Oct-2025 15:07:34 America/Guatemala] verifySession: Query a ejecutar: SELECT id FROM sesiones_usuario 
                      WHERE token_sesion = :token 
                      AND usuario_id = :user_id 
                      AND activa = 1
[01-Oct-2025 15:07:34 America/Guatemala] verifySession: Query a ejecutar: SELECT id FROM sesiones_usuario 
                      WHERE token_sesion = '33a29f9af3f98c69ea4f1e6f12e07b458621268a34355b7a1f6ca01f0d535417' 
                      AND usuario_id = 2 
                      AND activa = 1
[01-Oct-2025 15:07:35 America/Guatemala] verifySession: Ejecutando query con token: 33a29f9af3f98c69ea4f1e6f12e07b458621268a34355b7a1f6ca01f0d535417 y user_id: 2
[01-Oct-2025 15:07:35 America/Guatemala] verifySession: rowCount() después de ejecutar la query principal: 1
[01-Oct-2025 15:07:35 America/Guatemala] verifySession: Sesión encontrada y válida para user_id: 2
[01-Oct-2025 15:07:35 America/Guatemala] Error en gestión de puestos: SQLSTATE[23000]: Integrity constraint violation: 1062 Duplicate entry 'Asistente Tecnico En Informatica' for key 'puestos.nombre'
[01-Oct-2025 15:07:36 America/Guatemala] verifySession: user_id: 2, session_token: 33a29f9af3f98c69ea4f1e6f12e07b458621268a34355b7a1f6ca01f0d535417
[01-Oct-2025 15:07:36 America/Guatemala] verifySession: Query a ejecutar: SELECT id FROM sesiones_usuario 
                      WHERE token_sesion = :token 
                      AND usuario_id = :user_id 
                      AND activa = 1
[01-Oct-2025 15:07:36 America/Guatemala] verifySession: Query a ejecutar: SELECT id FROM sesiones_usuario 
                      WHERE token_sesion = '33a29f9af3f98c69ea4f1e6f12e07b458621268a34355b7a1f6ca01f0d535417' 
                      AND usuario_id = 2 
                      AND activa = 1
[01-Oct-2025 15:07:36 America/Guatemala] verifySession: Ejecutando query con token: 33a29f9af3f98c69ea4f1e6f12e07b458621268a34355b7a1f6ca01f0d535417 y user_id: 2
[01-Oct-2025 15:07:36 America/Guatemala] verifySession: rowCount() después de ejecutar la query principal: 1
[01-Oct-2025 15:07:36 America/Guatemala] verifySession: Sesión encontrada y válida para user_id: 2
[01-Oct-2025 15:07:36 America/Guatemala] verifySession: user_id: 2, session_token: 33a29f9af3f98c69ea4f1e6f12e07b458621268a34355b7a1f6ca01f0d535417
[01-Oct-2025 15:07:36 America/Guatemala] verifySession: Query a ejecutar: SELECT id FROM sesiones_usuario 
                      WHERE token_sesion = :token 
                      AND usuario_id = :user_id 
                      AND activa = 1
[01-Oct-2025 15:07:36 America/Guatemala] verifySession: Query a ejecutar: SELECT id FROM sesiones_usuario 
                      WHERE token_sesion = '33a29f9af3f98c69ea4f1e6f12e07b458621268a34355b7a1f6ca01f0d535417' 
                      AND usuario_id = 2 
                      AND activa = 1
[01-Oct-2025 15:07:36 America/Guatemala] verifySession: Ejecutando query con token: 33a29f9af3f98c69ea4f1e6f12e07b458621268a34355b7a1f6ca01f0d535417 y user_id: 2
[01-Oct-2025 15:07:37 America/Guatemala] verifySession: rowCount() después de ejecutar la query principal: 1
[01-Oct-2025 15:07:37 America/Guatemala] verifySession: Sesión encontrada y válida para user_id: 2
[01-Oct-2025 15:07:37 America/Guatemala] Error en gestión de puestos: SQLSTATE[23000]: Integrity constraint violation: 1062 Duplicate entry 'Asistente Tecnico En Informatica' for key 'puestos.nombre'
[01-Oct-2025 15:09:35 America/Guatemala] verifySession: user_id: 2, session_token: 33a29f9af3f98c69ea4f1e6f12e07b458621268a34355b7a1f6ca01f0d535417
[01-Oct-2025 15:09:35 America/Guatemala] verifySession: Query a ejecutar: SELECT id FROM sesiones_usuario 
                      WHERE token_sesion = :token 
                      AND usuario_id = :user_id 
                      AND activa = 1
[01-Oct-2025 15:09:35 America/Guatemala] verifySession: Query a ejecutar: SELECT id FROM sesiones_usuario 
                      WHERE token_sesion = '33a29f9af3f98c69ea4f1e6f12e07b458621268a34355b7a1f6ca01f0d535417' 
                      AND usuario_id = 2 
                      AND activa = 1
[01-Oct-2025 15:09:35 America/Guatemala] verifySession: Ejecutando query con token: 33a29f9af3f98c69ea4f1e6f12e07b458621268a34355b7a1f6ca01f0d535417 y user_id: 2
[01-Oct-2025 15:09:35 America/Guatemala] verifySession: rowCount() después de ejecutar la query principal: 1
[01-Oct-2025 15:09:35 America/Guatemala] verifySession: Sesión encontrada y válida para user_id: 2
[01-Oct-2025 15:09:35 America/Guatemala] verifySession: user_id: 2, session_token: 33a29f9af3f98c69ea4f1e6f12e07b458621268a34355b7a1f6ca01f0d535417
[01-Oct-2025 15:09:35 America/Guatemala] verifySession: Query a ejecutar: SELECT id FROM sesiones_usuario 
                      WHERE token_sesion = :token 
                      AND usuario_id = :user_id 
                      AND activa = 1
[01-Oct-2025 15:09:35 America/Guatemala] verifySession: Query a ejecutar: SELECT id FROM sesiones_usuario 
                      WHERE token_sesion = '33a29f9af3f98c69ea4f1e6f12e07b458621268a34355b7a1f6ca01f0d535417' 
                      AND usuario_id = 2 
                      AND activa = 1
[01-Oct-2025 15:09:35 America/Guatemala] verifySession: Ejecutando query con token: 33a29f9af3f98c69ea4f1e6f12e07b458621268a34355b7a1f6ca01f0d535417 y user_id: 2
[01-Oct-2025 15:09:35 America/Guatemala] verifySession: rowCount() después de ejecutar la query principal: 1
[01-Oct-2025 15:09:35 America/Guatemala] verifySession: Sesión encontrada y válida para user_id: 2
[01-Oct-2025 15:09:36 America/Guatemala] Error en gestión de puestos: SQLSTATE[23000]: Integrity constraint violation: 1062 Duplicate entry 'Asistente Tecnico En Informatica' for key 'puestos.nombre'
[01-Oct-2025 15:09:43 America/Guatemala] verifySession: user_id: 2, session_token: 33a29f9af3f98c69ea4f1e6f12e07b458621268a34355b7a1f6ca01f0d535417
[01-Oct-2025 15:09:43 America/Guatemala] verifySession: Query a ejecutar: SELECT id FROM sesiones_usuario 
                      WHERE token_sesion = :token 
                      AND usuario_id = :user_id 
                      AND activa = 1
[01-Oct-2025 15:09:43 America/Guatemala] verifySession: Query a ejecutar: SELECT id FROM sesiones_usuario 
                      WHERE token_sesion = '33a29f9af3f98c69ea4f1e6f12e07b458621268a34355b7a1f6ca01f0d535417' 
                      AND usuario_id = 2 
                      AND activa = 1
[01-Oct-2025 15:09:43 America/Guatemala] verifySession: Ejecutando query con token: 33a29f9af3f98c69ea4f1e6f12e07b458621268a34355b7a1f6ca01f0d535417 y user_id: 2
[01-Oct-2025 15:09:43 America/Guatemala] verifySession: rowCount() después de ejecutar la query principal: 1
[01-Oct-2025 15:09:43 America/Guatemala] verifySession: Sesión encontrada y válida para user_id: 2
[01-Oct-2025 15:09:50 America/Guatemala] verifySession: user_id: 2, session_token: 33a29f9af3f98c69ea4f1e6f12e07b458621268a34355b7a1f6ca01f0d535417
[01-Oct-2025 15:09:50 America/Guatemala] verifySession: Query a ejecutar: SELECT id FROM sesiones_usuario 
                      WHERE token_sesion = :token 
                      AND usuario_id = :user_id 
                      AND activa = 1
[01-Oct-2025 15:09:50 America/Guatemala] verifySession: Query a ejecutar: SELECT id FROM sesiones_usuario 
                      WHERE token_sesion = '33a29f9af3f98c69ea4f1e6f12e07b458621268a34355b7a1f6ca01f0d535417' 
                      AND usuario_id = 2 
                      AND activa = 1
[01-Oct-2025 15:09:50 America/Guatemala] verifySession: Ejecutando query con token: 33a29f9af3f98c69ea4f1e6f12e07b458621268a34355b7a1f6ca01f0d535417 y user_id: 2
[01-Oct-2025 15:09:50 America/Guatemala] verifySession: rowCount() después de ejecutar la query principal: 1
[01-Oct-2025 15:09:50 America/Guatemala] verifySession: Sesión encontrada y válida para user_id: 2
[01-Oct-2025 15:09:58 America/Guatemala] verifySession: user_id: 2, session_token: 33a29f9af3f98c69ea4f1e6f12e07b458621268a34355b7a1f6ca01f0d535417
[01-Oct-2025 15:09:58 America/Guatemala] verifySession: Query a ejecutar: SELECT id FROM sesiones_usuario 
                      WHERE token_sesion = :token 
                      AND usuario_id = :user_id 
                      AND activa = 1
[01-Oct-2025 15:09:58 America/Guatemala] verifySession: Query a ejecutar: SELECT id FROM sesiones_usuario 
                      WHERE token_sesion = '33a29f9af3f98c69ea4f1e6f12e07b458621268a34355b7a1f6ca01f0d535417' 
                      AND usuario_id = 2 
                      AND activa = 1
[01-Oct-2025 15:09:58 America/Guatemala] verifySession: Ejecutando query con token: 33a29f9af3f98c69ea4f1e6f12e07b458621268a34355b7a1f6ca01f0d535417 y user_id: 2
[01-Oct-2025 15:09:58 America/Guatemala] verifySession: rowCount() después de ejecutar la query principal: 1
[01-Oct-2025 15:09:58 America/Guatemala] verifySession: Sesión encontrada y válida para user_id: 2
[01-Oct-2025 15:09:59 America/Guatemala] PHP Deprecated:  number_format(): Passing null to parameter #1 ($num) of type float is deprecated in D:\DATOS\DOCUMENTOS\dev\cono\reportes.php on line 321
[01-Oct-2025 15:10:00 America/Guatemala] verifySession: user_id: 2, session_token: 33a29f9af3f98c69ea4f1e6f12e07b458621268a34355b7a1f6ca01f0d535417
[01-Oct-2025 15:10:00 America/Guatemala] verifySession: Query a ejecutar: SELECT id FROM sesiones_usuario 
                      WHERE token_sesion = :token 
                      AND usuario_id = :user_id 
                      AND activa = 1
[01-Oct-2025 15:10:00 America/Guatemala] verifySession: Query a ejecutar: SELECT id FROM sesiones_usuario 
                      WHERE token_sesion = '33a29f9af3f98c69ea4f1e6f12e07b458621268a34355b7a1f6ca01f0d535417' 
                      AND usuario_id = 2 
                      AND activa = 1
[01-Oct-2025 15:10:00 America/Guatemala] verifySession: Ejecutando query con token: 33a29f9af3f98c69ea4f1e6f12e07b458621268a34355b7a1f6ca01f0d535417 y user_id: 2
[01-Oct-2025 15:10:00 America/Guatemala] verifySession: rowCount() después de ejecutar la query principal: 1
[01-Oct-2025 15:10:00 America/Guatemala] verifySession: Sesión encontrada y válida para user_id: 2
[01-Oct-2025 15:10:01 America/Guatemala] PHP Deprecated:  number_format(): Passing null to parameter #1 ($num) of type float is deprecated in D:\DATOS\DOCUMENTOS\dev\cono\reportes.php on line 321
[01-Oct-2025 15:10:05 America/Guatemala] verifySession: user_id: 2, session_token: 33a29f9af3f98c69ea4f1e6f12e07b458621268a34355b7a1f6ca01f0d535417
[01-Oct-2025 15:10:05 America/Guatemala] verifySession: Query a ejecutar: SELECT id FROM sesiones_usuario 
                      WHERE token_sesion = :token 
                      AND usuario_id = :user_id 
                      AND activa = 1
[01-Oct-2025 15:10:05 America/Guatemala] verifySession: Query a ejecutar: SELECT id FROM sesiones_usuario 
                      WHERE token_sesion = '33a29f9af3f98c69ea4f1e6f12e07b458621268a34355b7a1f6ca01f0d535417' 
                      AND usuario_id = 2 
                      AND activa = 1
[01-Oct-2025 15:10:05 America/Guatemala] verifySession: Ejecutando query con token: 33a29f9af3f98c69ea4f1e6f12e07b458621268a34355b7a1f6ca01f0d535417 y user_id: 2
[01-Oct-2025 15:10:05 America/Guatemala] verifySession: rowCount() después de ejecutar la query principal: 1
[01-Oct-2025 15:10:05 America/Guatemala] verifySession: Sesión encontrada y válida para user_id: 2
[01-Oct-2025 15:10:07 America/Guatemala] PHP Deprecated:  number_format(): Passing null to parameter #1 ($num) of type float is deprecated in D:\DATOS\DOCUMENTOS\dev\cono\reportes.php on line 321
[01-Oct-2025 15:10:07 America/Guatemala] verifySession: user_id: 2, session_token: 33a29f9af3f98c69ea4f1e6f12e07b458621268a34355b7a1f6ca01f0d535417
[01-Oct-2025 15:10:07 America/Guatemala] verifySession: Query a ejecutar: SELECT id FROM sesiones_usuario 
                      WHERE token_sesion = :token 
                      AND usuario_id = :user_id 
                      AND activa = 1
[01-Oct-2025 15:10:07 America/Guatemala] verifySession: Query a ejecutar: SELECT id FROM sesiones_usuario 
                      WHERE token_sesion = '33a29f9af3f98c69ea4f1e6f12e07b458621268a34355b7a1f6ca01f0d535417' 
                      AND usuario_id = 2 
                      AND activa = 1
[01-Oct-2025 15:10:07 America/Guatemala] verifySession: Ejecutando query con token: 33a29f9af3f98c69ea4f1e6f12e07b458621268a34355b7a1f6ca01f0d535417 y user_id: 2
[01-Oct-2025 15:10:07 America/Guatemala] verifySession: rowCount() después de ejecutar la query principal: 1
[01-Oct-2025 15:10:07 America/Guatemala] verifySession: Sesión encontrada y válida para user_id: 2
[01-Oct-2025 15:10:09 America/Guatemala] PHP Deprecated:  number_format(): Passing null to parameter #1 ($num) of type float is deprecated in D:\DATOS\DOCUMENTOS\dev\cono\reportes.php on line 321
[01-Oct-2025 15:10:16 America/Guatemala] verifySession: user_id: 2, session_token: 33a29f9af3f98c69ea4f1e6f12e07b458621268a34355b7a1f6ca01f0d535417
[01-Oct-2025 15:10:16 America/Guatemala] verifySession: Query a ejecutar: SELECT id FROM sesiones_usuario 
                      WHERE token_sesion = :token 
                      AND usuario_id = :user_id 
                      AND activa = 1
[01-Oct-2025 15:10:16 America/Guatemala] verifySession: Query a ejecutar: SELECT id FROM sesiones_usuario 
                      WHERE token_sesion = '33a29f9af3f98c69ea4f1e6f12e07b458621268a34355b7a1f6ca01f0d535417' 
                      AND usuario_id = 2 
                      AND activa = 1
[01-Oct-2025 15:10:16 America/Guatemala] verifySession: Ejecutando query con token: 33a29f9af3f98c69ea4f1e6f12e07b458621268a34355b7a1f6ca01f0d535417 y user_id: 2
[01-Oct-2025 15:10:16 America/Guatemala] verifySession: rowCount() después de ejecutar la query principal: 1
[01-Oct-2025 15:10:16 America/Guatemala] verifySession: Sesión encontrada y válida para user_id: 2
[01-Oct-2025 15:10:20 America/Guatemala] verifySession: user_id: 2, session_token: 33a29f9af3f98c69ea4f1e6f12e07b458621268a34355b7a1f6ca01f0d535417
[01-Oct-2025 15:10:21 America/Guatemala] verifySession: Query a ejecutar: SELECT id FROM sesiones_usuario 
                      WHERE token_sesion = :token 
                      AND usuario_id = :user_id 
                      AND activa = 1
[01-Oct-2025 15:10:21 America/Guatemala] verifySession: Query a ejecutar: SELECT id FROM sesiones_usuario 
                      WHERE token_sesion = '33a29f9af3f98c69ea4f1e6f12e07b458621268a34355b7a1f6ca01f0d535417' 
                      AND usuario_id = 2 
                      AND activa = 1
[01-Oct-2025 15:10:21 America/Guatemala] verifySession: Ejecutando query con token: 33a29f9af3f98c69ea4f1e6f12e07b458621268a34355b7a1f6ca01f0d535417 y user_id: 2
[01-Oct-2025 15:10:21 America/Guatemala] verifySession: rowCount() después de ejecutar la query principal: 1
[01-Oct-2025 15:10:21 America/Guatemala] verifySession: Sesión encontrada y válida para user_id: 2
[01-Oct-2025 15:10:22 America/Guatemala] PHP Deprecated:  number_format(): Passing null to parameter #1 ($num) of type float is deprecated in D:\DATOS\DOCUMENTOS\dev\cono\reportes.php on line 321
[01-Oct-2025 15:10:23 America/Guatemala] verifySession: user_id: 2, session_token: 33a29f9af3f98c69ea4f1e6f12e07b458621268a34355b7a1f6ca01f0d535417
[01-Oct-2025 15:10:23 America/Guatemala] verifySession: Query a ejecutar: SELECT id FROM sesiones_usuario 
                      WHERE token_sesion = :token 
                      AND usuario_id = :user_id 
                      AND activa = 1
[01-Oct-2025 15:10:23 America/Guatemala] verifySession: Query a ejecutar: SELECT id FROM sesiones_usuario 
                      WHERE token_sesion = '33a29f9af3f98c69ea4f1e6f12e07b458621268a34355b7a1f6ca01f0d535417' 
                      AND usuario_id = 2 
                      AND activa = 1
[01-Oct-2025 15:10:23 America/Guatemala] verifySession: Ejecutando query con token: 33a29f9af3f98c69ea4f1e6f12e07b458621268a34355b7a1f6ca01f0d535417 y user_id: 2
[01-Oct-2025 15:10:23 America/Guatemala] verifySession: rowCount() después de ejecutar la query principal: 1
[01-Oct-2025 15:10:23 America/Guatemala] verifySession: Sesión encontrada y válida para user_id: 2
[01-Oct-2025 15:10:24 America/Guatemala] PHP Deprecated:  number_format(): Passing null to parameter #1 ($num) of type float is deprecated in D:\DATOS\DOCUMENTOS\dev\cono\reportes.php on line 321
[01-Oct-2025 15:10:30 America/Guatemala] verifySession: user_id: 2, session_token: 33a29f9af3f98c69ea4f1e6f12e07b458621268a34355b7a1f6ca01f0d535417
[01-Oct-2025 15:10:30 America/Guatemala] verifySession: Query a ejecutar: SELECT id FROM sesiones_usuario 
                      WHERE token_sesion = :token 
                      AND usuario_id = :user_id 
                      AND activa = 1
[01-Oct-2025 15:10:30 America/Guatemala] verifySession: Query a ejecutar: SELECT id FROM sesiones_usuario 
                      WHERE token_sesion = '33a29f9af3f98c69ea4f1e6f12e07b458621268a34355b7a1f6ca01f0d535417' 
                      AND usuario_id = 2 
                      AND activa = 1
[01-Oct-2025 15:10:30 America/Guatemala] verifySession: Ejecutando query con token: 33a29f9af3f98c69ea4f1e6f12e07b458621268a34355b7a1f6ca01f0d535417 y user_id: 2
[01-Oct-2025 15:10:30 America/Guatemala] verifySession: rowCount() después de ejecutar la query principal: 1
[01-Oct-2025 15:10:30 America/Guatemala] verifySession: Sesión encontrada y válida para user_id: 2
[01-Oct-2025 15:10:32 America/Guatemala] PHP Deprecated:  number_format(): Passing null to parameter #1 ($num) of type float is deprecated in D:\DATOS\DOCUMENTOS\dev\cono\reportes.php on line 321
[01-Oct-2025 15:10:32 America/Guatemala] verifySession: user_id: 2, session_token: 33a29f9af3f98c69ea4f1e6f12e07b458621268a34355b7a1f6ca01f0d535417
[01-Oct-2025 15:10:32 America/Guatemala] verifySession: Query a ejecutar: SELECT id FROM sesiones_usuario 
                      WHERE token_sesion = :token 
                      AND usuario_id = :user_id 
                      AND activa = 1
[01-Oct-2025 15:10:32 America/Guatemala] verifySession: Query a ejecutar: SELECT id FROM sesiones_usuario 
                      WHERE token_sesion = '33a29f9af3f98c69ea4f1e6f12e07b458621268a34355b7a1f6ca01f0d535417' 
                      AND usuario_id = 2 
                      AND activa = 1
[01-Oct-2025 15:10:32 America/Guatemala] verifySession: Ejecutando query con token: 33a29f9af3f98c69ea4f1e6f12e07b458621268a34355b7a1f6ca01f0d535417 y user_id: 2
[01-Oct-2025 15:10:32 America/Guatemala] verifySession: rowCount() después de ejecutar la query principal: 1
[01-Oct-2025 15:10:32 America/Guatemala] verifySession: Sesión encontrada y válida para user_id: 2
[01-Oct-2025 15:10:34 America/Guatemala] verifySession: user_id: 2, session_token: 33a29f9af3f98c69ea4f1e6f12e07b458621268a34355b7a1f6ca01f0d535417
[01-Oct-2025 15:10:34 America/Guatemala] verifySession: Query a ejecutar: SELECT id FROM sesiones_usuario 
                      WHERE token_sesion = :token 
                      AND usuario_id = :user_id 
                      AND activa = 1
[01-Oct-2025 15:10:35 America/Guatemala] verifySession: Query a ejecutar: SELECT id FROM sesiones_usuario 
                      WHERE token_sesion = '33a29f9af3f98c69ea4f1e6f12e07b458621268a34355b7a1f6ca01f0d535417' 
                      AND usuario_id = 2 
                      AND activa = 1
[01-Oct-2025 15:10:35 America/Guatemala] verifySession: Ejecutando query con token: 33a29f9af3f98c69ea4f1e6f12e07b458621268a34355b7a1f6ca01f0d535417 y user_id: 2
[01-Oct-2025 15:10:35 America/Guatemala] verifySession: rowCount() después de ejecutar la query principal: 1
[01-Oct-2025 15:10:35 America/Guatemala] verifySession: Sesión encontrada y válida para user_id: 2
[01-Oct-2025 15:10:43 America/Guatemala] verifySession: user_id: 2, session_token: 33a29f9af3f98c69ea4f1e6f12e07b458621268a34355b7a1f6ca01f0d535417
[01-Oct-2025 15:10:43 America/Guatemala] verifySession: Query a ejecutar: SELECT id FROM sesiones_usuario 
                      WHERE token_sesion = :token 
                      AND usuario_id = :user_id 
                      AND activa = 1
[01-Oct-2025 15:10:43 America/Guatemala] verifySession: Query a ejecutar: SELECT id FROM sesiones_usuario 
                      WHERE token_sesion = '33a29f9af3f98c69ea4f1e6f12e07b458621268a34355b7a1f6ca01f0d535417' 
                      AND usuario_id = 2 
                      AND activa = 1
[01-Oct-2025 15:10:43 America/Guatemala] verifySession: Ejecutando query con token: 33a29f9af3f98c69ea4f1e6f12e07b458621268a34355b7a1f6ca01f0d535417 y user_id: 2
[01-Oct-2025 15:10:43 America/Guatemala] verifySession: rowCount() después de ejecutar la query principal: 1
[01-Oct-2025 15:10:43 America/Guatemala] verifySession: Sesión encontrada y válida para user_id: 2
[01-Oct-2025 15:10:45 America/Guatemala] PHP Deprecated:  number_format(): Passing null to parameter #1 ($num) of type float is deprecated in D:\DATOS\DOCUMENTOS\dev\cono\reportes.php on line 321
[01-Oct-2025 15:10:48 America/Guatemala] verifySession: user_id: 2, session_token: 33a29f9af3f98c69ea4f1e6f12e07b458621268a34355b7a1f6ca01f0d535417
[01-Oct-2025 15:10:48 America/Guatemala] verifySession: Query a ejecutar: SELECT id FROM sesiones_usuario 
                      WHERE token_sesion = :token 
                      AND usuario_id = :user_id 
                      AND activa = 1
[01-Oct-2025 15:10:48 America/Guatemala] verifySession: Query a ejecutar: SELECT id FROM sesiones_usuario 
                      WHERE token_sesion = '33a29f9af3f98c69ea4f1e6f12e07b458621268a34355b7a1f6ca01f0d535417' 
                      AND usuario_id = 2 
                      AND activa = 1
[01-Oct-2025 15:10:48 America/Guatemala] verifySession: Ejecutando query con token: 33a29f9af3f98c69ea4f1e6f12e07b458621268a34355b7a1f6ca01f0d535417 y user_id: 2
[01-Oct-2025 15:10:49 America/Guatemala] verifySession: rowCount() después de ejecutar la query principal: 1
[01-Oct-2025 15:10:49 America/Guatemala] verifySession: Sesión encontrada y válida para user_id: 2
[01-Oct-2025 15:10:50 America/Guatemala] PHP Deprecated:  number_format(): Passing null to parameter #1 ($num) of type float is deprecated in D:\DATOS\DOCUMENTOS\dev\cono\reportes.php on line 321
[01-Oct-2025 15:10:50 America/Guatemala] verifySession: user_id: 2, session_token: 33a29f9af3f98c69ea4f1e6f12e07b458621268a34355b7a1f6ca01f0d535417
[01-Oct-2025 15:10:50 America/Guatemala] verifySession: Query a ejecutar: SELECT id FROM sesiones_usuario 
                      WHERE token_sesion = :token 
                      AND usuario_id = :user_id 
                      AND activa = 1
[01-Oct-2025 15:10:50 America/Guatemala] verifySession: Query a ejecutar: SELECT id FROM sesiones_usuario 
                      WHERE token_sesion = '33a29f9af3f98c69ea4f1e6f12e07b458621268a34355b7a1f6ca01f0d535417' 
                      AND usuario_id = 2 
                      AND activa = 1
[01-Oct-2025 15:10:50 America/Guatemala] verifySession: Ejecutando query con token: 33a29f9af3f98c69ea4f1e6f12e07b458621268a34355b7a1f6ca01f0d535417 y user_id: 2
[01-Oct-2025 15:10:51 America/Guatemala] verifySession: rowCount() después de ejecutar la query principal: 1
[01-Oct-2025 15:10:51 America/Guatemala] verifySession: Sesión encontrada y válida para user_id: 2
[01-Oct-2025 15:10:53 America/Guatemala] verifySession: user_id: 2, session_token: 33a29f9af3f98c69ea4f1e6f12e07b458621268a34355b7a1f6ca01f0d535417
[01-Oct-2025 15:10:53 America/Guatemala] verifySession: Query a ejecutar: SELECT id FROM sesiones_usuario 
                      WHERE token_sesion = :token 
                      AND usuario_id = :user_id 
                      AND activa = 1
[01-Oct-2025 15:10:53 America/Guatemala] verifySession: Query a ejecutar: SELECT id FROM sesiones_usuario 
                      WHERE token_sesion = '33a29f9af3f98c69ea4f1e6f12e07b458621268a34355b7a1f6ca01f0d535417' 
                      AND usuario_id = 2 
                      AND activa = 1
[01-Oct-2025 15:10:53 America/Guatemala] verifySession: Ejecutando query con token: 33a29f9af3f98c69ea4f1e6f12e07b458621268a34355b7a1f6ca01f0d535417 y user_id: 2
[01-Oct-2025 15:10:53 America/Guatemala] verifySession: rowCount() después de ejecutar la query principal: 1
[01-Oct-2025 15:10:53 America/Guatemala] verifySession: Sesión encontrada y válida para user_id: 2
[01-Oct-2025 15:10:58 America/Guatemala] verifySession: user_id: 2, session_token: 33a29f9af3f98c69ea4f1e6f12e07b458621268a34355b7a1f6ca01f0d535417
[01-Oct-2025 15:10:58 America/Guatemala] verifySession: Query a ejecutar: SELECT id FROM sesiones_usuario 
                      WHERE token_sesion = :token 
                      AND usuario_id = :user_id 
                      AND activa = 1
[01-Oct-2025 15:10:58 America/Guatemala] verifySession: Query a ejecutar: SELECT id FROM sesiones_usuario 
                      WHERE token_sesion = '33a29f9af3f98c69ea4f1e6f12e07b458621268a34355b7a1f6ca01f0d535417' 
                      AND usuario_id = 2 
                      AND activa = 1
[01-Oct-2025 15:10:58 America/Guatemala] verifySession: Ejecutando query con token: 33a29f9af3f98c69ea4f1e6f12e07b458621268a34355b7a1f6ca01f0d535417 y user_id: 2
[01-Oct-2025 15:10:59 America/Guatemala] verifySession: rowCount() después de ejecutar la query principal: 1
[01-Oct-2025 15:10:59 America/Guatemala] verifySession: Sesión encontrada y válida para user_id: 2
[01-Oct-2025 15:11:01 America/Guatemala] verifySession: user_id: 2, session_token: 33a29f9af3f98c69ea4f1e6f12e07b458621268a34355b7a1f6ca01f0d535417
[01-Oct-2025 15:11:01 America/Guatemala] verifySession: Query a ejecutar: SELECT id FROM sesiones_usuario 
                      WHERE token_sesion = :token 
                      AND usuario_id = :user_id 
                      AND activa = 1
[01-Oct-2025 15:11:01 America/Guatemala] verifySession: Query a ejecutar: SELECT id FROM sesiones_usuario 
                      WHERE token_sesion = '33a29f9af3f98c69ea4f1e6f12e07b458621268a34355b7a1f6ca01f0d535417' 
                      AND usuario_id = 2 
                      AND activa = 1
[01-Oct-2025 15:11:01 America/Guatemala] verifySession: Ejecutando query con token: 33a29f9af3f98c69ea4f1e6f12e07b458621268a34355b7a1f6ca01f0d535417 y user_id: 2
[01-Oct-2025 15:11:01 America/Guatemala] verifySession: rowCount() después de ejecutar la query principal: 1
[01-Oct-2025 15:11:01 America/Guatemala] verifySession: Sesión encontrada y válida para user_id: 2
[01-Oct-2025 15:11:17 America/Guatemala] verifySession: user_id: 2, session_token: 33a29f9af3f98c69ea4f1e6f12e07b458621268a34355b7a1f6ca01f0d535417
[01-Oct-2025 15:11:17 America/Guatemala] verifySession: Query a ejecutar: SELECT id FROM sesiones_usuario 
                      WHERE token_sesion = :token 
                      AND usuario_id = :user_id 
                      AND activa = 1
[01-Oct-2025 15:11:17 America/Guatemala] verifySession: Query a ejecutar: SELECT id FROM sesiones_usuario 
                      WHERE token_sesion = '33a29f9af3f98c69ea4f1e6f12e07b458621268a34355b7a1f6ca01f0d535417' 
                      AND usuario_id = 2 
                      AND activa = 1
[01-Oct-2025 15:11:17 America/Guatemala] verifySession: Ejecutando query con token: 33a29f9af3f98c69ea4f1e6f12e07b458621268a34355b7a1f6ca01f0d535417 y user_id: 2
[01-Oct-2025 15:11:17 America/Guatemala] verifySession: rowCount() después de ejecutar la query principal: 1
[01-Oct-2025 15:11:17 America/Guatemala] verifySession: Sesión encontrada y válida para user_id: 2
[01-Oct-2025 15:11:28 America/Guatemala] verifySession: user_id: 2, session_token: 33a29f9af3f98c69ea4f1e6f12e07b458621268a34355b7a1f6ca01f0d535417
[01-Oct-2025 15:11:28 America/Guatemala] verifySession: Query a ejecutar: SELECT id FROM sesiones_usuario 
                      WHERE token_sesion = :token 
                      AND usuario_id = :user_id 
                      AND activa = 1
[01-Oct-2025 15:11:28 America/Guatemala] verifySession: Query a ejecutar: SELECT id FROM sesiones_usuario 
                      WHERE token_sesion = '33a29f9af3f98c69ea4f1e6f12e07b458621268a34355b7a1f6ca01f0d535417' 
                      AND usuario_id = 2 
                      AND activa = 1
[01-Oct-2025 15:11:28 America/Guatemala] verifySession: Ejecutando query con token: 33a29f9af3f98c69ea4f1e6f12e07b458621268a34355b7a1f6ca01f0d535417 y user_id: 2
[01-Oct-2025 15:11:28 America/Guatemala] verifySession: rowCount() después de ejecutar la query principal: 1
[01-Oct-2025 15:11:28 America/Guatemala] verifySession: Sesión encontrada y válida para user_id: 2
[01-Oct-2025 15:11:51 America/Guatemala] verifySession: user_id: 2, session_token: 33a29f9af3f98c69ea4f1e6f12e07b458621268a34355b7a1f6ca01f0d535417
[01-Oct-2025 15:11:51 America/Guatemala] verifySession: Query a ejecutar: SELECT id FROM sesiones_usuario 
                      WHERE token_sesion = :token 
                      AND usuario_id = :user_id 
                      AND activa = 1
[01-Oct-2025 15:11:51 America/Guatemala] verifySession: Query a ejecutar: SELECT id FROM sesiones_usuario 
                      WHERE token_sesion = '33a29f9af3f98c69ea4f1e6f12e07b458621268a34355b7a1f6ca01f0d535417' 
                      AND usuario_id = 2 
                      AND activa = 1
[01-Oct-2025 15:11:51 America/Guatemala] verifySession: Ejecutando query con token: 33a29f9af3f98c69ea4f1e6f12e07b458621268a34355b7a1f6ca01f0d535417 y user_id: 2
[01-Oct-2025 15:11:51 America/Guatemala] verifySession: rowCount() después de ejecutar la query principal: 1
[01-Oct-2025 15:11:51 America/Guatemala] verifySession: Sesión encontrada y válida para user_id: 2
[01-Oct-2025 15:11:53 America/Guatemala] PHP Deprecated:  number_format(): Passing null to parameter #1 ($num) of type float is deprecated in D:\DATOS\DOCUMENTOS\dev\cono\reportes.php on line 321
[01-Oct-2025 15:11:53 America/Guatemala] verifySession: user_id: 2, session_token: 33a29f9af3f98c69ea4f1e6f12e07b458621268a34355b7a1f6ca01f0d535417
[01-Oct-2025 15:11:53 America/Guatemala] verifySession: Query a ejecutar: SELECT id FROM sesiones_usuario 
                      WHERE token_sesion = :token 
                      AND usuario_id = :user_id 
                      AND activa = 1
[01-Oct-2025 15:11:53 America/Guatemala] verifySession: Query a ejecutar: SELECT id FROM sesiones_usuario 
                      WHERE token_sesion = '33a29f9af3f98c69ea4f1e6f12e07b458621268a34355b7a1f6ca01f0d535417' 
                      AND usuario_id = 2 
                      AND activa = 1
[01-Oct-2025 15:11:53 America/Guatemala] verifySession: Ejecutando query con token: 33a29f9af3f98c69ea4f1e6f12e07b458621268a34355b7a1f6ca01f0d535417 y user_id: 2
[01-Oct-2025 15:11:53 America/Guatemala] verifySession: rowCount() después de ejecutar la query principal: 1
[01-Oct-2025 15:11:53 America/Guatemala] verifySession: Sesión encontrada y válida para user_id: 2
[01-Oct-2025 15:11:55 America/Guatemala] PHP Deprecated:  number_format(): Passing null to parameter #1 ($num) of type float is deprecated in D:\DATOS\DOCUMENTOS\dev\cono\reportes.php on line 321
[01-Oct-2025 15:11:58 America/Guatemala] verifySession: user_id: 2, session_token: 33a29f9af3f98c69ea4f1e6f12e07b458621268a34355b7a1f6ca01f0d535417
[01-Oct-2025 15:11:58 America/Guatemala] verifySession: Query a ejecutar: SELECT id FROM sesiones_usuario 
                      WHERE token_sesion = :token 
                      AND usuario_id = :user_id 
                      AND activa = 1
[01-Oct-2025 15:11:58 America/Guatemala] verifySession: Query a ejecutar: SELECT id FROM sesiones_usuario 
                      WHERE token_sesion = '33a29f9af3f98c69ea4f1e6f12e07b458621268a34355b7a1f6ca01f0d535417' 
                      AND usuario_id = 2 
                      AND activa = 1
[01-Oct-2025 15:11:58 America/Guatemala] verifySession: Ejecutando query con token: 33a29f9af3f98c69ea4f1e6f12e07b458621268a34355b7a1f6ca01f0d535417 y user_id: 2
[01-Oct-2025 15:11:58 America/Guatemala] verifySession: rowCount() después de ejecutar la query principal: 1
[01-Oct-2025 15:11:58 America/Guatemala] verifySession: Sesión encontrada y válida para user_id: 2
[01-Oct-2025 15:12:00 America/Guatemala] PHP Deprecated:  number_format(): Passing null to parameter #1 ($num) of type float is deprecated in D:\DATOS\DOCUMENTOS\dev\cono\reportes.php on line 321
[01-Oct-2025 15:12:00 America/Guatemala] verifySession: user_id: 2, session_token: 33a29f9af3f98c69ea4f1e6f12e07b458621268a34355b7a1f6ca01f0d535417
[01-Oct-2025 15:12:00 America/Guatemala] verifySession: Query a ejecutar: SELECT id FROM sesiones_usuario 
                      WHERE token_sesion = :token 
                      AND usuario_id = :user_id 
                      AND activa = 1
[01-Oct-2025 15:12:00 America/Guatemala] verifySession: Query a ejecutar: SELECT id FROM sesiones_usuario 
                      WHERE token_sesion = '33a29f9af3f98c69ea4f1e6f12e07b458621268a34355b7a1f6ca01f0d535417' 
                      AND usuario_id = 2 
                      AND activa = 1
[01-Oct-2025 15:12:00 America/Guatemala] verifySession: Ejecutando query con token: 33a29f9af3f98c69ea4f1e6f12e07b458621268a34355b7a1f6ca01f0d535417 y user_id: 2
[01-Oct-2025 15:12:00 America/Guatemala] verifySession: rowCount() después de ejecutar la query principal: 1
[01-Oct-2025 15:12:00 America/Guatemala] verifySession: Sesión encontrada y válida para user_id: 2
[01-Oct-2025 15:12:02 America/Guatemala] PHP Deprecated:  number_format(): Passing null to parameter #1 ($num) of type float is deprecated in D:\DATOS\DOCUMENTOS\dev\cono\reportes.php on line 321
[01-Oct-2025 15:14:59 America/Guatemala] verifySession: user_id: 2, session_token: 33a29f9af3f98c69ea4f1e6f12e07b458621268a34355b7a1f6ca01f0d535417
[01-Oct-2025 15:14:59 America/Guatemala] verifySession: Query a ejecutar: SELECT id FROM sesiones_usuario 
                      WHERE token_sesion = :token 
                      AND usuario_id = :user_id 
                      AND activa = 1
[01-Oct-2025 15:14:59 America/Guatemala] verifySession: Query a ejecutar: SELECT id FROM sesiones_usuario 
                      WHERE token_sesion = '33a29f9af3f98c69ea4f1e6f12e07b458621268a34355b7a1f6ca01f0d535417' 
                      AND usuario_id = 2 
                      AND activa = 1
[01-Oct-2025 15:14:59 America/Guatemala] verifySession: Ejecutando query con token: 33a29f9af3f98c69ea4f1e6f12e07b458621268a34355b7a1f6ca01f0d535417 y user_id: 2
[01-Oct-2025 15:14:59 America/Guatemala] verifySession: rowCount() después de ejecutar la query principal: 1
[01-Oct-2025 15:14:59 America/Guatemala] verifySession: Sesión encontrada y válida para user_id: 2
[01-Oct-2025 15:15:08 America/Guatemala] verifySession: user_id: 2, session_token: 33a29f9af3f98c69ea4f1e6f12e07b458621268a34355b7a1f6ca01f0d535417
[01-Oct-2025 15:15:08 America/Guatemala] verifySession: Query a ejecutar: SELECT id FROM sesiones_usuario 
                      WHERE token_sesion = :token 
                      AND usuario_id = :user_id 
                      AND activa = 1
[01-Oct-2025 15:15:08 America/Guatemala] verifySession: Query a ejecutar: SELECT id FROM sesiones_usuario 
                      WHERE token_sesion = '33a29f9af3f98c69ea4f1e6f12e07b458621268a34355b7a1f6ca01f0d535417' 
                      AND usuario_id = 2 
                      AND activa = 1
[01-Oct-2025 15:15:08 America/Guatemala] verifySession: Ejecutando query con token: 33a29f9af3f98c69ea4f1e6f12e07b458621268a34355b7a1f6ca01f0d535417 y user_id: 2
[01-Oct-2025 15:15:08 America/Guatemala] verifySession: rowCount() después de ejecutar la query principal: 1
[01-Oct-2025 15:15:08 America/Guatemala] verifySession: Sesión encontrada y válida para user_id: 2
[01-Oct-2025 15:15:11 America/Guatemala] verifySession: user_id: 2, session_token: 33a29f9af3f98c69ea4f1e6f12e07b458621268a34355b7a1f6ca01f0d535417
[01-Oct-2025 15:15:11 America/Guatemala] verifySession: Query a ejecutar: SELECT id FROM sesiones_usuario 
                      WHERE token_sesion = :token 
                      AND usuario_id = :user_id 
                      AND activa = 1
[01-Oct-2025 15:15:11 America/Guatemala] verifySession: Query a ejecutar: SELECT id FROM sesiones_usuario 
                      WHERE token_sesion = '33a29f9af3f98c69ea4f1e6f12e07b458621268a34355b7a1f6ca01f0d535417' 
                      AND usuario_id = 2 
                      AND activa = 1
[01-Oct-2025 15:15:11 America/Guatemala] verifySession: Ejecutando query con token: 33a29f9af3f98c69ea4f1e6f12e07b458621268a34355b7a1f6ca01f0d535417 y user_id: 2
[01-Oct-2025 15:15:11 America/Guatemala] verifySession: rowCount() después de ejecutar la query principal: 1
[01-Oct-2025 15:15:11 America/Guatemala] verifySession: Sesión encontrada y válida para user_id: 2
[01-Oct-2025 15:15:50 America/Guatemala] verifySession: user_id: 2, session_token: 33a29f9af3f98c69ea4f1e6f12e07b458621268a34355b7a1f6ca01f0d535417
[01-Oct-2025 15:15:50 America/Guatemala] verifySession: Query a ejecutar: SELECT id FROM sesiones_usuario 
                      WHERE token_sesion = :token 
                      AND usuario_id = :user_id 
                      AND activa = 1
[01-Oct-2025 15:15:50 America/Guatemala] verifySession: Query a ejecutar: SELECT id FROM sesiones_usuario 
                      WHERE token_sesion = '33a29f9af3f98c69ea4f1e6f12e07b458621268a34355b7a1f6ca01f0d535417' 
                      AND usuario_id = 2 
                      AND activa = 1
[01-Oct-2025 15:15:50 America/Guatemala] verifySession: Ejecutando query con token: 33a29f9af3f98c69ea4f1e6f12e07b458621268a34355b7a1f6ca01f0d535417 y user_id: 2
[01-Oct-2025 15:15:50 America/Guatemala] verifySession: rowCount() después de ejecutar la query principal: 1
[01-Oct-2025 15:15:50 America/Guatemala] verifySession: Sesión encontrada y válida para user_id: 2
[01-Oct-2025 15:15:54 America/Guatemala] verifySession: user_id: 2, session_token: 33a29f9af3f98c69ea4f1e6f12e07b458621268a34355b7a1f6ca01f0d535417
[01-Oct-2025 15:15:54 America/Guatemala] verifySession: Query a ejecutar: SELECT id FROM sesiones_usuario 
                      WHERE token_sesion = :token 
                      AND usuario_id = :user_id 
                      AND activa = 1
[01-Oct-2025 15:15:54 America/Guatemala] verifySession: Query a ejecutar: SELECT id FROM sesiones_usuario 
                      WHERE token_sesion = '33a29f9af3f98c69ea4f1e6f12e07b458621268a34355b7a1f6ca01f0d535417' 
                      AND usuario_id = 2 
                      AND activa = 1
[01-Oct-2025 15:15:54 America/Guatemala] verifySession: Ejecutando query con token: 33a29f9af3f98c69ea4f1e6f12e07b458621268a34355b7a1f6ca01f0d535417 y user_id: 2
[01-Oct-2025 15:15:54 America/Guatemala] verifySession: rowCount() después de ejecutar la query principal: 1
[01-Oct-2025 15:15:54 America/Guatemala] verifySession: Sesión encontrada y válida para user_id: 2
[01-Oct-2025 15:17:09 America/Guatemala] verifySession: user_id: 2, session_token: 33a29f9af3f98c69ea4f1e6f12e07b458621268a34355b7a1f6ca01f0d535417
[01-Oct-2025 15:17:09 America/Guatemala] verifySession: Query a ejecutar: SELECT id FROM sesiones_usuario 
                      WHERE token_sesion = :token 
                      AND usuario_id = :user_id 
                      AND activa = 1
[01-Oct-2025 15:17:09 America/Guatemala] verifySession: Query a ejecutar: SELECT id FROM sesiones_usuario 
                      WHERE token_sesion = '33a29f9af3f98c69ea4f1e6f12e07b458621268a34355b7a1f6ca01f0d535417' 
                      AND usuario_id = 2 
                      AND activa = 1
[01-Oct-2025 15:17:09 America/Guatemala] verifySession: Ejecutando query con token: 33a29f9af3f98c69ea4f1e6f12e07b458621268a34355b7a1f6ca01f0d535417 y user_id: 2
[01-Oct-2025 15:17:09 America/Guatemala] verifySession: rowCount() después de ejecutar la query principal: 1
[01-Oct-2025 15:17:09 America/Guatemala] verifySession: Sesión encontrada y válida para user_id: 2
[01-Oct-2025 15:17:17 America/Guatemala] verifySession: user_id: 2, session_token: 33a29f9af3f98c69ea4f1e6f12e07b458621268a34355b7a1f6ca01f0d535417
[01-Oct-2025 15:17:17 America/Guatemala] verifySession: Query a ejecutar: SELECT id FROM sesiones_usuario 
                      WHERE token_sesion = :token 
                      AND usuario_id = :user_id 
                      AND activa = 1
[01-Oct-2025 15:17:17 America/Guatemala] verifySession: Query a ejecutar: SELECT id FROM sesiones_usuario 
                      WHERE token_sesion = '33a29f9af3f98c69ea4f1e6f12e07b458621268a34355b7a1f6ca01f0d535417' 
                      AND usuario_id = 2 
                      AND activa = 1
[01-Oct-2025 15:17:17 America/Guatemala] verifySession: Ejecutando query con token: 33a29f9af3f98c69ea4f1e6f12e07b458621268a34355b7a1f6ca01f0d535417 y user_id: 2
[01-Oct-2025 15:17:17 America/Guatemala] verifySession: rowCount() después de ejecutar la query principal: 1
[01-Oct-2025 15:17:17 America/Guatemala] verifySession: Sesión encontrada y válida para user_id: 2
[01-Oct-2025 15:17:45 America/Guatemala] verifySession: user_id: 2, session_token: 33a29f9af3f98c69ea4f1e6f12e07b458621268a34355b7a1f6ca01f0d535417
[01-Oct-2025 15:17:45 America/Guatemala] verifySession: Query a ejecutar: SELECT id FROM sesiones_usuario 
                      WHERE token_sesion = :token 
                      AND usuario_id = :user_id 
                      AND activa = 1
[01-Oct-2025 15:17:45 America/Guatemala] verifySession: Query a ejecutar: SELECT id FROM sesiones_usuario 
                      WHERE token_sesion = '33a29f9af3f98c69ea4f1e6f12e07b458621268a34355b7a1f6ca01f0d535417' 
                      AND usuario_id = 2 
                      AND activa = 1
[01-Oct-2025 15:17:45 America/Guatemala] verifySession: Ejecutando query con token: 33a29f9af3f98c69ea4f1e6f12e07b458621268a34355b7a1f6ca01f0d535417 y user_id: 2
[01-Oct-2025 15:17:45 America/Guatemala] verifySession: rowCount() después de ejecutar la query principal: 1
[01-Oct-2025 15:17:45 America/Guatemala] verifySession: Sesión encontrada y válida para user_id: 2
[01-Oct-2025 15:17:53 America/Guatemala] verifySession: user_id: 2, session_token: 33a29f9af3f98c69ea4f1e6f12e07b458621268a34355b7a1f6ca01f0d535417
[01-Oct-2025 15:17:53 America/Guatemala] verifySession: Query a ejecutar: SELECT id FROM sesiones_usuario 
                      WHERE token_sesion = :token 
                      AND usuario_id = :user_id 
                      AND activa = 1
[01-Oct-2025 15:17:53 America/Guatemala] verifySession: Query a ejecutar: SELECT id FROM sesiones_usuario 
                      WHERE token_sesion = '33a29f9af3f98c69ea4f1e6f12e07b458621268a34355b7a1f6ca01f0d535417' 
                      AND usuario_id = 2 
                      AND activa = 1
[01-Oct-2025 15:17:53 America/Guatemala] verifySession: Ejecutando query con token: 33a29f9af3f98c69ea4f1e6f12e07b458621268a34355b7a1f6ca01f0d535417 y user_id: 2
[01-Oct-2025 15:17:53 America/Guatemala] verifySession: rowCount() después de ejecutar la query principal: 1
[01-Oct-2025 15:17:53 America/Guatemala] verifySession: Sesión encontrada y válida para user_id: 2
[01-Oct-2025 15:17:53 America/Guatemala] verifySession: user_id: 2, session_token: 33a29f9af3f98c69ea4f1e6f12e07b458621268a34355b7a1f6ca01f0d535417
[01-Oct-2025 15:17:53 America/Guatemala] verifySession: Query a ejecutar: SELECT id FROM sesiones_usuario 
                      WHERE token_sesion = :token 
                      AND usuario_id = :user_id 
                      AND activa = 1
[01-Oct-2025 15:17:53 America/Guatemala] verifySession: Query a ejecutar: SELECT id FROM sesiones_usuario 
                      WHERE token_sesion = '33a29f9af3f98c69ea4f1e6f12e07b458621268a34355b7a1f6ca01f0d535417' 
                      AND usuario_id = 2 
                      AND activa = 1
[01-Oct-2025 15:17:53 America/Guatemala] verifySession: Ejecutando query con token: 33a29f9af3f98c69ea4f1e6f12e07b458621268a34355b7a1f6ca01f0d535417 y user_id: 2
[01-Oct-2025 15:17:53 America/Guatemala] verifySession: rowCount() después de ejecutar la query principal: 1
[01-Oct-2025 15:17:53 America/Guatemala] verifySession: Sesión encontrada y válida para user_id: 2
[01-Oct-2025 15:17:54 America/Guatemala] verifySession: user_id: 2, session_token: 33a29f9af3f98c69ea4f1e6f12e07b458621268a34355b7a1f6ca01f0d535417
[01-Oct-2025 15:17:54 America/Guatemala] verifySession: Query a ejecutar: SELECT id FROM sesiones_usuario 
                      WHERE token_sesion = :token 
                      AND usuario_id = :user_id 
                      AND activa = 1
[01-Oct-2025 15:17:54 America/Guatemala] verifySession: Query a ejecutar: SELECT id FROM sesiones_usuario 
                      WHERE token_sesion = '33a29f9af3f98c69ea4f1e6f12e07b458621268a34355b7a1f6ca01f0d535417' 
                      AND usuario_id = 2 
                      AND activa = 1
[01-Oct-2025 15:17:54 America/Guatemala] verifySession: Ejecutando query con token: 33a29f9af3f98c69ea4f1e6f12e07b458621268a34355b7a1f6ca01f0d535417 y user_id: 2
[01-Oct-2025 15:17:54 America/Guatemala] verifySession: rowCount() después de ejecutar la query principal: 1
[01-Oct-2025 15:17:54 America/Guatemala] verifySession: Sesión encontrada y válida para user_id: 2
[01-Oct-2025 15:17:54 America/Guatemala] Auth::hasPermission - User role: 'Administrador', Required role: 'Administrador'
[01-Oct-2025 15:17:59 America/Guatemala] verifySession: user_id: 2, session_token: 33a29f9af3f98c69ea4f1e6f12e07b458621268a34355b7a1f6ca01f0d535417
[01-Oct-2025 15:17:59 America/Guatemala] verifySession: Query a ejecutar: SELECT id FROM sesiones_usuario 
                      WHERE token_sesion = :token 
                      AND usuario_id = :user_id 
                      AND activa = 1
[01-Oct-2025 15:17:59 America/Guatemala] verifySession: Query a ejecutar: SELECT id FROM sesiones_usuario 
                      WHERE token_sesion = '33a29f9af3f98c69ea4f1e6f12e07b458621268a34355b7a1f6ca01f0d535417' 
                      AND usuario_id = 2 
                      AND activa = 1
[01-Oct-2025 15:17:59 America/Guatemala] verifySession: Ejecutando query con token: 33a29f9af3f98c69ea4f1e6f12e07b458621268a34355b7a1f6ca01f0d535417 y user_id: 2
[01-Oct-2025 15:17:59 America/Guatemala] verifySession: rowCount() después de ejecutar la query principal: 1
[01-Oct-2025 15:17:59 America/Guatemala] verifySession: Sesión encontrada y válida para user_id: 2
[01-Oct-2025 15:17:59 America/Guatemala] verifySession: user_id: 2, session_token: 33a29f9af3f98c69ea4f1e6f12e07b458621268a34355b7a1f6ca01f0d535417
[01-Oct-2025 15:17:59 America/Guatemala] verifySession: Query a ejecutar: SELECT id FROM sesiones_usuario 
                      WHERE token_sesion = :token 
                      AND usuario_id = :user_id 
                      AND activa = 1
[01-Oct-2025 15:17:59 America/Guatemala] verifySession: Query a ejecutar: SELECT id FROM sesiones_usuario 
                      WHERE token_sesion = '33a29f9af3f98c69ea4f1e6f12e07b458621268a34355b7a1f6ca01f0d535417' 
                      AND usuario_id = 2 
                      AND activa = 1
[01-Oct-2025 15:17:59 America/Guatemala] verifySession: Ejecutando query con token: 33a29f9af3f98c69ea4f1e6f12e07b458621268a34355b7a1f6ca01f0d535417 y user_id: 2
[01-Oct-2025 15:17:59 America/Guatemala] verifySession: rowCount() después de ejecutar la query principal: 1
[01-Oct-2025 15:17:59 America/Guatemala] verifySession: Sesión encontrada y válida para user_id: 2
[01-Oct-2025 15:18:03 America/Guatemala] verifySession: user_id: 2, session_token: 33a29f9af3f98c69ea4f1e6f12e07b458621268a34355b7a1f6ca01f0d535417
[01-Oct-2025 15:18:03 America/Guatemala] verifySession: Query a ejecutar: SELECT id FROM sesiones_usuario 
                      WHERE token_sesion = :token 
                      AND usuario_id = :user_id 
                      AND activa = 1
[01-Oct-2025 15:18:03 America/Guatemala] verifySession: Query a ejecutar: SELECT id FROM sesiones_usuario 
                      WHERE token_sesion = '33a29f9af3f98c69ea4f1e6f12e07b458621268a34355b7a1f6ca01f0d535417' 
                      AND usuario_id = 2 
                      AND activa = 1
[01-Oct-2025 15:18:03 America/Guatemala] verifySession: Ejecutando query con token: 33a29f9af3f98c69ea4f1e6f12e07b458621268a34355b7a1f6ca01f0d535417 y user_id: 2
[01-Oct-2025 15:18:03 America/Guatemala] verifySession: rowCount() después de ejecutar la query principal: 1
[01-Oct-2025 15:18:04 America/Guatemala] verifySession: Sesión encontrada y válida para user_id: 2
[01-Oct-2025 15:18:04 America/Guatemala] verifySession: user_id: 2, session_token: 33a29f9af3f98c69ea4f1e6f12e07b458621268a34355b7a1f6ca01f0d535417
[01-Oct-2025 15:18:04 America/Guatemala] verifySession: Query a ejecutar: SELECT id FROM sesiones_usuario 
                      WHERE token_sesion = :token 
                      AND usuario_id = :user_id 
                      AND activa = 1
[01-Oct-2025 15:18:04 America/Guatemala] verifySession: Query a ejecutar: SELECT id FROM sesiones_usuario 
                      WHERE token_sesion = '33a29f9af3f98c69ea4f1e6f12e07b458621268a34355b7a1f6ca01f0d535417' 
                      AND usuario_id = 2 
                      AND activa = 1
[01-Oct-2025 15:18:04 America/Guatemala] verifySession: Ejecutando query con token: 33a29f9af3f98c69ea4f1e6f12e07b458621268a34355b7a1f6ca01f0d535417 y user_id: 2
[01-Oct-2025 15:18:04 America/Guatemala] verifySession: rowCount() después de ejecutar la query principal: 1
[01-Oct-2025 15:18:04 America/Guatemala] verifySession: Sesión encontrada y válida para user_id: 2
[01-Oct-2025 15:18:04 America/Guatemala] verifySession: user_id: 2, session_token: 33a29f9af3f98c69ea4f1e6f12e07b458621268a34355b7a1f6ca01f0d535417
[01-Oct-2025 15:18:04 America/Guatemala] verifySession: Query a ejecutar: SELECT id FROM sesiones_usuario 
                      WHERE token_sesion = :token 
                      AND usuario_id = :user_id 
                      AND activa = 1
[01-Oct-2025 15:18:04 America/Guatemala] verifySession: Query a ejecutar: SELECT id FROM sesiones_usuario 
                      WHERE token_sesion = '33a29f9af3f98c69ea4f1e6f12e07b458621268a34355b7a1f6ca01f0d535417' 
                      AND usuario_id = 2 
                      AND activa = 1
[01-Oct-2025 15:18:04 America/Guatemala] verifySession: Ejecutando query con token: 33a29f9af3f98c69ea4f1e6f12e07b458621268a34355b7a1f6ca01f0d535417 y user_id: 2
[01-Oct-2025 15:18:04 America/Guatemala] verifySession: rowCount() después de ejecutar la query principal: 1
[01-Oct-2025 15:18:04 America/Guatemala] verifySession: Sesión encontrada y válida para user_id: 2
[01-Oct-2025 15:18:05 America/Guatemala] Auth::hasPermission - User role: 'Administrador', Required role: 'Administrador'
[01-Oct-2025 15:18:09 America/Guatemala] verifySession: user_id: 2, session_token: 33a29f9af3f98c69ea4f1e6f12e07b458621268a34355b7a1f6ca01f0d535417
[01-Oct-2025 15:18:09 America/Guatemala] verifySession: Query a ejecutar: SELECT id FROM sesiones_usuario 
                      WHERE token_sesion = :token 
                      AND usuario_id = :user_id 
                      AND activa = 1
[01-Oct-2025 15:18:09 America/Guatemala] verifySession: Query a ejecutar: SELECT id FROM sesiones_usuario 
                      WHERE token_sesion = '33a29f9af3f98c69ea4f1e6f12e07b458621268a34355b7a1f6ca01f0d535417' 
                      AND usuario_id = 2 
                      AND activa = 1
[01-Oct-2025 15:18:09 America/Guatemala] verifySession: Ejecutando query con token: 33a29f9af3f98c69ea4f1e6f12e07b458621268a34355b7a1f6ca01f0d535417 y user_id: 2
[01-Oct-2025 15:18:09 America/Guatemala] verifySession: rowCount() después de ejecutar la query principal: 1
[01-Oct-2025 15:18:09 America/Guatemala] verifySession: Sesión encontrada y válida para user_id: 2
[01-Oct-2025 15:18:14 America/Guatemala] verifySession: user_id: 2, session_token: 33a29f9af3f98c69ea4f1e6f12e07b458621268a34355b7a1f6ca01f0d535417
[01-Oct-2025 15:18:14 America/Guatemala] verifySession: Query a ejecutar: SELECT id FROM sesiones_usuario 
                      WHERE token_sesion = :token 
                      AND usuario_id = :user_id 
                      AND activa = 1
[01-Oct-2025 15:18:14 America/Guatemala] verifySession: Query a ejecutar: SELECT id FROM sesiones_usuario 
                      WHERE token_sesion = '33a29f9af3f98c69ea4f1e6f12e07b458621268a34355b7a1f6ca01f0d535417' 
                      AND usuario_id = 2 
                      AND activa = 1
[01-Oct-2025 15:18:14 America/Guatemala] verifySession: Ejecutando query con token: 33a29f9af3f98c69ea4f1e6f12e07b458621268a34355b7a1f6ca01f0d535417 y user_id: 2
[01-Oct-2025 15:18:14 America/Guatemala] verifySession: rowCount() después de ejecutar la query principal: 1
[01-Oct-2025 15:18:14 America/Guatemala] verifySession: Sesión encontrada y válida para user_id: 2
[01-Oct-2025 15:18:38 America/Guatemala] verifySession: user_id: 2, session_token: 33a29f9af3f98c69ea4f1e6f12e07b458621268a34355b7a1f6ca01f0d535417
[01-Oct-2025 15:18:38 America/Guatemala] verifySession: Query a ejecutar: SELECT id FROM sesiones_usuario 
                      WHERE token_sesion = :token 
                      AND usuario_id = :user_id 
                      AND activa = 1
[01-Oct-2025 15:18:38 America/Guatemala] verifySession: Query a ejecutar: SELECT id FROM sesiones_usuario 
                      WHERE token_sesion = '33a29f9af3f98c69ea4f1e6f12e07b458621268a34355b7a1f6ca01f0d535417' 
                      AND usuario_id = 2 
                      AND activa = 1
[01-Oct-2025 15:18:38 America/Guatemala] verifySession: Ejecutando query con token: 33a29f9af3f98c69ea4f1e6f12e07b458621268a34355b7a1f6ca01f0d535417 y user_id: 2
[01-Oct-2025 15:18:38 America/Guatemala] verifySession: rowCount() después de ejecutar la query principal: 1
[01-Oct-2025 15:18:38 America/Guatemala] verifySession: Sesión encontrada y válida para user_id: 2
[01-Oct-2025 15:18:47 America/Guatemala] verifySession: user_id: 2, session_token: 33a29f9af3f98c69ea4f1e6f12e07b458621268a34355b7a1f6ca01f0d535417
[01-Oct-2025 15:18:47 America/Guatemala] verifySession: Query a ejecutar: SELECT id FROM sesiones_usuario 
                      WHERE token_sesion = :token 
                      AND usuario_id = :user_id 
                      AND activa = 1
[01-Oct-2025 15:18:48 America/Guatemala] verifySession: Query a ejecutar: SELECT id FROM sesiones_usuario 
                      WHERE token_sesion = '33a29f9af3f98c69ea4f1e6f12e07b458621268a34355b7a1f6ca01f0d535417' 
                      AND usuario_id = 2 
                      AND activa = 1
[01-Oct-2025 15:18:48 America/Guatemala] verifySession: Ejecutando query con token: 33a29f9af3f98c69ea4f1e6f12e07b458621268a34355b7a1f6ca01f0d535417 y user_id: 2
[01-Oct-2025 15:18:48 America/Guatemala] verifySession: rowCount() después de ejecutar la query principal: 1
[01-Oct-2025 15:18:48 America/Guatemala] verifySession: Sesión encontrada y válida para user_id: 2
[01-Oct-2025 15:18:53 America/Guatemala] verifySession: user_id: 2, session_token: 33a29f9af3f98c69ea4f1e6f12e07b458621268a34355b7a1f6ca01f0d535417
[01-Oct-2025 15:18:53 America/Guatemala] verifySession: Query a ejecutar: SELECT id FROM sesiones_usuario 
                      WHERE token_sesion = :token 
                      AND usuario_id = :user_id 
                      AND activa = 1
[01-Oct-2025 15:18:53 America/Guatemala] verifySession: Query a ejecutar: SELECT id FROM sesiones_usuario 
                      WHERE token_sesion = '33a29f9af3f98c69ea4f1e6f12e07b458621268a34355b7a1f6ca01f0d535417' 
                      AND usuario_id = 2 
                      AND activa = 1
[01-Oct-2025 15:18:53 America/Guatemala] verifySession: Ejecutando query con token: 33a29f9af3f98c69ea4f1e6f12e07b458621268a34355b7a1f6ca01f0d535417 y user_id: 2
[01-Oct-2025 15:18:54 America/Guatemala] verifySession: rowCount() después de ejecutar la query principal: 1
[01-Oct-2025 15:18:54 America/Guatemala] verifySession: Sesión encontrada y válida para user_id: 2
[01-Oct-2025 15:25:36 America/Guatemala] verifySession: user_id: 2, session_token: 33a29f9af3f98c69ea4f1e6f12e07b458621268a34355b7a1f6ca01f0d535417
[01-Oct-2025 15:25:36 America/Guatemala] verifySession: Query a ejecutar: SELECT id FROM sesiones_usuario 
                      WHERE token_sesion = :token 
                      AND usuario_id = :user_id 
                      AND activa = 1
[01-Oct-2025 15:25:36 America/Guatemala] verifySession: Query a ejecutar: SELECT id FROM sesiones_usuario 
                      WHERE token_sesion = '33a29f9af3f98c69ea4f1e6f12e07b458621268a34355b7a1f6ca01f0d535417' 
                      AND usuario_id = 2 
                      AND activa = 1
[01-Oct-2025 15:25:36 America/Guatemala] verifySession: Ejecutando query con token: 33a29f9af3f98c69ea4f1e6f12e07b458621268a34355b7a1f6ca01f0d535417 y user_id: 2
[01-Oct-2025 15:25:36 America/Guatemala] verifySession: rowCount() después de ejecutar la query principal: 1
[01-Oct-2025 15:25:36 America/Guatemala] verifySession: Sesión encontrada y válida para user_id: 2
[01-Oct-2025 15:25:36 America/Guatemala] verifySession: user_id: 2, session_token: 33a29f9af3f98c69ea4f1e6f12e07b458621268a34355b7a1f6ca01f0d535417
[01-Oct-2025 15:25:36 America/Guatemala] verifySession: Query a ejecutar: SELECT id FROM sesiones_usuario 
                      WHERE token_sesion = :token 
                      AND usuario_id = :user_id 
                      AND activa = 1
[01-Oct-2025 15:25:36 America/Guatemala] verifySession: Query a ejecutar: SELECT id FROM sesiones_usuario 
                      WHERE token_sesion = '33a29f9af3f98c69ea4f1e6f12e07b458621268a34355b7a1f6ca01f0d535417' 
                      AND usuario_id = 2 
                      AND activa = 1
[01-Oct-2025 15:25:36 America/Guatemala] verifySession: Ejecutando query con token: 33a29f9af3f98c69ea4f1e6f12e07b458621268a34355b7a1f6ca01f0d535417 y user_id: 2
[01-Oct-2025 15:25:37 America/Guatemala] verifySession: rowCount() después de ejecutar la query principal: 1
[01-Oct-2025 15:25:37 America/Guatemala] verifySession: Sesión encontrada y válida para user_id: 2
[01-Oct-2025 15:25:39 America/Guatemala] verifySession: user_id: 2, session_token: 33a29f9af3f98c69ea4f1e6f12e07b458621268a34355b7a1f6ca01f0d535417
[01-Oct-2025 15:25:39 America/Guatemala] verifySession: Query a ejecutar: SELECT id FROM sesiones_usuario 
                      WHERE token_sesion = :token 
                      AND usuario_id = :user_id 
                      AND activa = 1
[01-Oct-2025 15:25:39 America/Guatemala] verifySession: Query a ejecutar: SELECT id FROM sesiones_usuario 
                      WHERE token_sesion = '33a29f9af3f98c69ea4f1e6f12e07b458621268a34355b7a1f6ca01f0d535417' 
                      AND usuario_id = 2 
                      AND activa = 1
[01-Oct-2025 15:25:39 America/Guatemala] verifySession: Ejecutando query con token: 33a29f9af3f98c69ea4f1e6f12e07b458621268a34355b7a1f6ca01f0d535417 y user_id: 2
[01-Oct-2025 15:25:39 America/Guatemala] verifySession: rowCount() después de ejecutar la query principal: 1
[01-Oct-2025 15:25:39 America/Guatemala] verifySession: Sesión encontrada y válida para user_id: 2
[01-Oct-2025 15:25:39 America/Guatemala] verifySession: user_id: 2, session_token: 33a29f9af3f98c69ea4f1e6f12e07b458621268a34355b7a1f6ca01f0d535417
[01-Oct-2025 15:25:39 America/Guatemala] verifySession: Query a ejecutar: SELECT id FROM sesiones_usuario 
                      WHERE token_sesion = :token 
                      AND usuario_id = :user_id 
                      AND activa = 1
[01-Oct-2025 15:25:39 America/Guatemala] verifySession: Query a ejecutar: SELECT id FROM sesiones_usuario 
                      WHERE token_sesion = '33a29f9af3f98c69ea4f1e6f12e07b458621268a34355b7a1f6ca01f0d535417' 
                      AND usuario_id = 2 
                      AND activa = 1
[01-Oct-2025 15:25:39 America/Guatemala] verifySession: Ejecutando query con token: 33a29f9af3f98c69ea4f1e6f12e07b458621268a34355b7a1f6ca01f0d535417 y user_id: 2
[01-Oct-2025 15:25:40 America/Guatemala] verifySession: rowCount() después de ejecutar la query principal: 1
[01-Oct-2025 15:25:40 America/Guatemala] verifySession: Sesión encontrada y válida para user_id: 2
[01-Oct-2025 15:32:15 America/Guatemala] verifySession: user_id: 2, session_token: 33a29f9af3f98c69ea4f1e6f12e07b458621268a34355b7a1f6ca01f0d535417
[01-Oct-2025 15:32:15 America/Guatemala] verifySession: Query a ejecutar: SELECT id FROM sesiones_usuario 
                      WHERE token_sesion = :token 
                      AND usuario_id = :user_id 
                      AND activa = 1
[01-Oct-2025 15:32:15 America/Guatemala] verifySession: Query a ejecutar: SELECT id FROM sesiones_usuario 
                      WHERE token_sesion = '33a29f9af3f98c69ea4f1e6f12e07b458621268a34355b7a1f6ca01f0d535417' 
                      AND usuario_id = 2 
                      AND activa = 1
[01-Oct-2025 15:32:15 America/Guatemala] verifySession: Ejecutando query con token: 33a29f9af3f98c69ea4f1e6f12e07b458621268a34355b7a1f6ca01f0d535417 y user_id: 2
[01-Oct-2025 15:32:15 America/Guatemala] verifySession: rowCount() después de ejecutar la query principal: 1
[01-Oct-2025 15:32:15 America/Guatemala] verifySession: Sesión encontrada y válida para user_id: 2
[01-Oct-2025 15:32:15 America/Guatemala] verifySession: user_id: 2, session_token: 33a29f9af3f98c69ea4f1e6f12e07b458621268a34355b7a1f6ca01f0d535417
[01-Oct-2025 15:32:15 America/Guatemala] verifySession: Query a ejecutar: SELECT id FROM sesiones_usuario 
                      WHERE token_sesion = :token 
                      AND usuario_id = :user_id 
                      AND activa = 1
[01-Oct-2025 15:32:15 America/Guatemala] verifySession: Query a ejecutar: SELECT id FROM sesiones_usuario 
                      WHERE token_sesion = '33a29f9af3f98c69ea4f1e6f12e07b458621268a34355b7a1f6ca01f0d535417' 
                      AND usuario_id = 2 
                      AND activa = 1
[01-Oct-2025 15:32:15 America/Guatemala] verifySession: Ejecutando query con token: 33a29f9af3f98c69ea4f1e6f12e07b458621268a34355b7a1f6ca01f0d535417 y user_id: 2
[01-Oct-2025 15:32:15 America/Guatemala] verifySession: rowCount() después de ejecutar la query principal: 1
[01-Oct-2025 15:32:15 America/Guatemala] verifySession: Sesión encontrada y válida para user_id: 2
[01-Oct-2025 15:32:17 America/Guatemala] verifySession: user_id: 2, session_token: 33a29f9af3f98c69ea4f1e6f12e07b458621268a34355b7a1f6ca01f0d535417
[01-Oct-2025 15:32:17 America/Guatemala] verifySession: Query a ejecutar: SELECT id FROM sesiones_usuario 
                      WHERE token_sesion = :token 
                      AND usuario_id = :user_id 
                      AND activa = 1
[01-Oct-2025 15:32:17 America/Guatemala] verifySession: Query a ejecutar: SELECT id FROM sesiones_usuario 
                      WHERE token_sesion = '33a29f9af3f98c69ea4f1e6f12e07b458621268a34355b7a1f6ca01f0d535417' 
                      AND usuario_id = 2 
                      AND activa = 1
[01-Oct-2025 15:32:17 America/Guatemala] verifySession: Ejecutando query con token: 33a29f9af3f98c69ea4f1e6f12e07b458621268a34355b7a1f6ca01f0d535417 y user_id: 2
[01-Oct-2025 15:32:17 America/Guatemala] verifySession: rowCount() después de ejecutar la query principal: 1
[01-Oct-2025 15:32:17 America/Guatemala] verifySession: Sesión encontrada y válida para user_id: 2
[01-Oct-2025 15:32:17 America/Guatemala] verifySession: user_id: 2, session_token: 33a29f9af3f98c69ea4f1e6f12e07b458621268a34355b7a1f6ca01f0d535417
[01-Oct-2025 15:32:17 America/Guatemala] verifySession: Query a ejecutar: SELECT id FROM sesiones_usuario 
                      WHERE token_sesion = :token 
                      AND usuario_id = :user_id 
                      AND activa = 1
[01-Oct-2025 15:32:17 America/Guatemala] verifySession: Query a ejecutar: SELECT id FROM sesiones_usuario 
                      WHERE token_sesion = '33a29f9af3f98c69ea4f1e6f12e07b458621268a34355b7a1f6ca01f0d535417' 
                      AND usuario_id = 2 
                      AND activa = 1
[01-Oct-2025 15:32:17 America/Guatemala] verifySession: Ejecutando query con token: 33a29f9af3f98c69ea4f1e6f12e07b458621268a34355b7a1f6ca01f0d535417 y user_id: 2
[01-Oct-2025 15:32:17 America/Guatemala] verifySession: rowCount() después de ejecutar la query principal: 1
[01-Oct-2025 15:32:18 America/Guatemala] verifySession: Sesión encontrada y válida para user_id: 2
[01-Oct-2025 15:32:31 America/Guatemala] verifySession: user_id: 2, session_token: 33a29f9af3f98c69ea4f1e6f12e07b458621268a34355b7a1f6ca01f0d535417
[01-Oct-2025 15:32:31 America/Guatemala] verifySession: Query a ejecutar: SELECT id FROM sesiones_usuario 
                      WHERE token_sesion = :token 
                      AND usuario_id = :user_id 
                      AND activa = 1
[01-Oct-2025 15:32:31 America/Guatemala] verifySession: Query a ejecutar: SELECT id FROM sesiones_usuario 
                      WHERE token_sesion = '33a29f9af3f98c69ea4f1e6f12e07b458621268a34355b7a1f6ca01f0d535417' 
                      AND usuario_id = 2 
                      AND activa = 1
[01-Oct-2025 15:32:31 America/Guatemala] verifySession: Ejecutando query con token: 33a29f9af3f98c69ea4f1e6f12e07b458621268a34355b7a1f6ca01f0d535417 y user_id: 2
[01-Oct-2025 15:32:31 America/Guatemala] verifySession: rowCount() después de ejecutar la query principal: 1
[01-Oct-2025 15:32:31 America/Guatemala] verifySession: Sesión encontrada y válida para user_id: 2
[01-Oct-2025 15:32:35 America/Guatemala] verifySession: user_id: 2, session_token: 33a29f9af3f98c69ea4f1e6f12e07b458621268a34355b7a1f6ca01f0d535417
[01-Oct-2025 15:32:35 America/Guatemala] verifySession: Query a ejecutar: SELECT id FROM sesiones_usuario 
                      WHERE token_sesion = :token 
                      AND usuario_id = :user_id 
                      AND activa = 1
[01-Oct-2025 15:32:35 America/Guatemala] verifySession: Query a ejecutar: SELECT id FROM sesiones_usuario 
                      WHERE token_sesion = '33a29f9af3f98c69ea4f1e6f12e07b458621268a34355b7a1f6ca01f0d535417' 
                      AND usuario_id = 2 
                      AND activa = 1
[01-Oct-2025 15:32:35 America/Guatemala] verifySession: Ejecutando query con token: 33a29f9af3f98c69ea4f1e6f12e07b458621268a34355b7a1f6ca01f0d535417 y user_id: 2
[01-Oct-2025 15:32:36 America/Guatemala] verifySession: rowCount() después de ejecutar la query principal: 1
[01-Oct-2025 15:32:36 America/Guatemala] verifySession: Sesión encontrada y válida para user_id: 2
[01-Oct-2025 15:33:54 America/Guatemala] verifySession: user_id: 2, session_token: 33a29f9af3f98c69ea4f1e6f12e07b458621268a34355b7a1f6ca01f0d535417
[01-Oct-2025 15:33:54 America/Guatemala] verifySession: Query a ejecutar: SELECT id FROM sesiones_usuario 
                      WHERE token_sesion = :token 
                      AND usuario_id = :user_id 
                      AND activa = 1
[01-Oct-2025 15:33:54 America/Guatemala] verifySession: Query a ejecutar: SELECT id FROM sesiones_usuario 
                      WHERE token_sesion = '33a29f9af3f98c69ea4f1e6f12e07b458621268a34355b7a1f6ca01f0d535417' 
                      AND usuario_id = 2 
                      AND activa = 1
[01-Oct-2025 15:33:54 America/Guatemala] verifySession: Ejecutando query con token: 33a29f9af3f98c69ea4f1e6f12e07b458621268a34355b7a1f6ca01f0d535417 y user_id: 2
[01-Oct-2025 15:33:54 America/Guatemala] verifySession: rowCount() después de ejecutar la query principal: 1
[01-Oct-2025 15:33:54 America/Guatemala] verifySession: Sesión encontrada y válida para user_id: 2
[01-Oct-2025 15:33:54 America/Guatemala] verifySession: user_id: 2, session_token: 33a29f9af3f98c69ea4f1e6f12e07b458621268a34355b7a1f6ca01f0d535417
[01-Oct-2025 15:33:54 America/Guatemala] verifySession: Query a ejecutar: SELECT id FROM sesiones_usuario 
                      WHERE token_sesion = :token 
                      AND usuario_id = :user_id 
                      AND activa = 1
[01-Oct-2025 15:33:54 America/Guatemala] verifySession: Query a ejecutar: SELECT id FROM sesiones_usuario 
                      WHERE token_sesion = '33a29f9af3f98c69ea4f1e6f12e07b458621268a34355b7a1f6ca01f0d535417' 
                      AND usuario_id = 2 
                      AND activa = 1
[01-Oct-2025 15:33:54 America/Guatemala] verifySession: Ejecutando query con token: 33a29f9af3f98c69ea4f1e6f12e07b458621268a34355b7a1f6ca01f0d535417 y user_id: 2
[01-Oct-2025 15:33:54 America/Guatemala] verifySession: rowCount() después de ejecutar la query principal: 1
[01-Oct-2025 15:33:54 America/Guatemala] verifySession: Sesión encontrada y válida para user_id: 2
[01-Oct-2025 15:33:55 America/Guatemala] verifySession: user_id: 2, session_token: 33a29f9af3f98c69ea4f1e6f12e07b458621268a34355b7a1f6ca01f0d535417
[01-Oct-2025 15:33:55 America/Guatemala] verifySession: Query a ejecutar: SELECT id FROM sesiones_usuario 
                      WHERE token_sesion = :token 
                      AND usuario_id = :user_id 
                      AND activa = 1
[01-Oct-2025 15:33:55 America/Guatemala] verifySession: Query a ejecutar: SELECT id FROM sesiones_usuario 
                      WHERE token_sesion = '33a29f9af3f98c69ea4f1e6f12e07b458621268a34355b7a1f6ca01f0d535417' 
                      AND usuario_id = 2 
                      AND activa = 1
[01-Oct-2025 15:33:55 America/Guatemala] verifySession: Ejecutando query con token: 33a29f9af3f98c69ea4f1e6f12e07b458621268a34355b7a1f6ca01f0d535417 y user_id: 2
[01-Oct-2025 15:33:55 America/Guatemala] verifySession: rowCount() después de ejecutar la query principal: 1
[01-Oct-2025 15:33:55 America/Guatemala] verifySession: Sesión encontrada y válida para user_id: 2
[01-Oct-2025 15:33:55 America/Guatemala] Auth::hasPermission - User role: 'Administrador', Required role: 'Administrador'
[01-Oct-2025 15:34:06 America/Guatemala] verifySession: user_id: 2, session_token: 33a29f9af3f98c69ea4f1e6f12e07b458621268a34355b7a1f6ca01f0d535417
[01-Oct-2025 15:34:06 America/Guatemala] verifySession: Query a ejecutar: SELECT id FROM sesiones_usuario 
                      WHERE token_sesion = :token 
                      AND usuario_id = :user_id 
                      AND activa = 1
[01-Oct-2025 15:34:06 America/Guatemala] verifySession: Query a ejecutar: SELECT id FROM sesiones_usuario 
                      WHERE token_sesion = '33a29f9af3f98c69ea4f1e6f12e07b458621268a34355b7a1f6ca01f0d535417' 
                      AND usuario_id = 2 
                      AND activa = 1
[01-Oct-2025 15:34:06 America/Guatemala] verifySession: Ejecutando query con token: 33a29f9af3f98c69ea4f1e6f12e07b458621268a34355b7a1f6ca01f0d535417 y user_id: 2
[01-Oct-2025 15:34:06 America/Guatemala] verifySession: rowCount() después de ejecutar la query principal: 1
[01-Oct-2025 15:34:06 America/Guatemala] verifySession: Sesión encontrada y válida para user_id: 2
[01-Oct-2025 15:34:06 America/Guatemala] verifySession: user_id: 2, session_token: 33a29f9af3f98c69ea4f1e6f12e07b458621268a34355b7a1f6ca01f0d535417
[01-Oct-2025 15:34:06 America/Guatemala] verifySession: Query a ejecutar: SELECT id FROM sesiones_usuario 
                      WHERE token_sesion = :token 
                      AND usuario_id = :user_id 
                      AND activa = 1
[01-Oct-2025 15:34:06 America/Guatemala] verifySession: Query a ejecutar: SELECT id FROM sesiones_usuario 
                      WHERE token_sesion = '33a29f9af3f98c69ea4f1e6f12e07b458621268a34355b7a1f6ca01f0d535417' 
                      AND usuario_id = 2 
                      AND activa = 1
[01-Oct-2025 15:34:06 America/Guatemala] verifySession: Ejecutando query con token: 33a29f9af3f98c69ea4f1e6f12e07b458621268a34355b7a1f6ca01f0d535417 y user_id: 2
[01-Oct-2025 15:34:06 America/Guatemala] verifySession: rowCount() después de ejecutar la query principal: 1
[01-Oct-2025 15:34:06 America/Guatemala] verifySession: Sesión encontrada y válida para user_id: 2
[01-Oct-2025 15:34:07 America/Guatemala] verifySession: user_id: 2, session_token: 33a29f9af3f98c69ea4f1e6f12e07b458621268a34355b7a1f6ca01f0d535417
[01-Oct-2025 15:34:07 America/Guatemala] verifySession: Query a ejecutar: SELECT id FROM sesiones_usuario 
                      WHERE token_sesion = :token 
                      AND usuario_id = :user_id 
                      AND activa = 1
[01-Oct-2025 15:34:07 America/Guatemala] verifySession: Query a ejecutar: SELECT id FROM sesiones_usuario 
                      WHERE token_sesion = '33a29f9af3f98c69ea4f1e6f12e07b458621268a34355b7a1f6ca01f0d535417' 
                      AND usuario_id = 2 
                      AND activa = 1
[01-Oct-2025 15:34:07 America/Guatemala] verifySession: Ejecutando query con token: 33a29f9af3f98c69ea4f1e6f12e07b458621268a34355b7a1f6ca01f0d535417 y user_id: 2
[01-Oct-2025 15:34:07 America/Guatemala] verifySession: rowCount() después de ejecutar la query principal: 1
[01-Oct-2025 15:34:07 America/Guatemala] verifySession: Sesión encontrada y válida para user_id: 2
[01-Oct-2025 15:34:07 America/Guatemala] Auth::hasPermission - User role: 'Administrador', Required role: 'Administrador'
[01-Oct-2025 15:34:09 America/Guatemala] verifySession: user_id: 2, session_token: 33a29f9af3f98c69ea4f1e6f12e07b458621268a34355b7a1f6ca01f0d535417
[01-Oct-2025 15:34:09 America/Guatemala] verifySession: Query a ejecutar: SELECT id FROM sesiones_usuario 
                      WHERE token_sesion = :token 
                      AND usuario_id = :user_id 
                      AND activa = 1
[01-Oct-2025 15:34:09 America/Guatemala] verifySession: Query a ejecutar: SELECT id FROM sesiones_usuario 
                      WHERE token_sesion = '33a29f9af3f98c69ea4f1e6f12e07b458621268a34355b7a1f6ca01f0d535417' 
                      AND usuario_id = 2 
                      AND activa = 1
[01-Oct-2025 15:34:09 America/Guatemala] verifySession: Ejecutando query con token: 33a29f9af3f98c69ea4f1e6f12e07b458621268a34355b7a1f6ca01f0d535417 y user_id: 2
[01-Oct-2025 15:34:09 America/Guatemala] verifySession: rowCount() después de ejecutar la query principal: 1
[01-Oct-2025 15:34:09 America/Guatemala] verifySession: Sesión encontrada y válida para user_id: 2
[01-Oct-2025 15:34:09 America/Guatemala] verifySession: user_id: 2, session_token: 33a29f9af3f98c69ea4f1e6f12e07b458621268a34355b7a1f6ca01f0d535417
[01-Oct-2025 15:34:09 America/Guatemala] verifySession: Query a ejecutar: SELECT id FROM sesiones_usuario 
                      WHERE token_sesion = :token 
                      AND usuario_id = :user_id 
                      AND activa = 1
[01-Oct-2025 15:34:09 America/Guatemala] verifySession: Query a ejecutar: SELECT id FROM sesiones_usuario 
                      WHERE token_sesion = '33a29f9af3f98c69ea4f1e6f12e07b458621268a34355b7a1f6ca01f0d535417' 
                      AND usuario_id = 2 
                      AND activa = 1
[01-Oct-2025 15:34:09 America/Guatemala] verifySession: Ejecutando query con token: 33a29f9af3f98c69ea4f1e6f12e07b458621268a34355b7a1f6ca01f0d535417 y user_id: 2
[01-Oct-2025 15:34:09 America/Guatemala] verifySession: rowCount() después de ejecutar la query principal: 1
[01-Oct-2025 15:34:09 America/Guatemala] verifySession: Sesión encontrada y válida para user_id: 2
[01-Oct-2025 15:34:09 America/Guatemala] verifySession: user_id: 2, session_token: 33a29f9af3f98c69ea4f1e6f12e07b458621268a34355b7a1f6ca01f0d535417
[01-Oct-2025 15:34:10 America/Guatemala] verifySession: Query a ejecutar: SELECT id FROM sesiones_usuario 
                      WHERE token_sesion = :token 
                      AND usuario_id = :user_id 
                      AND activa = 1
[01-Oct-2025 15:34:10 America/Guatemala] verifySession: Query a ejecutar: SELECT id FROM sesiones_usuario 
                      WHERE token_sesion = '33a29f9af3f98c69ea4f1e6f12e07b458621268a34355b7a1f6ca01f0d535417' 
                      AND usuario_id = 2 
                      AND activa = 1
[01-Oct-2025 15:34:10 America/Guatemala] verifySession: Ejecutando query con token: 33a29f9af3f98c69ea4f1e6f12e07b458621268a34355b7a1f6ca01f0d535417 y user_id: 2
[01-Oct-2025 15:34:10 America/Guatemala] verifySession: rowCount() después de ejecutar la query principal: 1
[01-Oct-2025 15:34:10 America/Guatemala] verifySession: Sesión encontrada y válida para user_id: 2
[01-Oct-2025 15:34:10 America/Guatemala] Auth::hasPermission - User role: 'Administrador', Required role: 'Administrador'
[01-Oct-2025 15:34:11 America/Guatemala] verifySession: user_id: 2, session_token: 33a29f9af3f98c69ea4f1e6f12e07b458621268a34355b7a1f6ca01f0d535417
[01-Oct-2025 15:34:11 America/Guatemala] verifySession: Query a ejecutar: SELECT id FROM sesiones_usuario 
                      WHERE token_sesion = :token 
                      AND usuario_id = :user_id 
                      AND activa = 1
[01-Oct-2025 15:34:11 America/Guatemala] verifySession: Query a ejecutar: SELECT id FROM sesiones_usuario 
                      WHERE token_sesion = '33a29f9af3f98c69ea4f1e6f12e07b458621268a34355b7a1f6ca01f0d535417' 
                      AND usuario_id = 2 
                      AND activa = 1
[01-Oct-2025 15:34:11 America/Guatemala] verifySession: Ejecutando query con token: 33a29f9af3f98c69ea4f1e6f12e07b458621268a34355b7a1f6ca01f0d535417 y user_id: 2
[01-Oct-2025 15:34:11 America/Guatemala] verifySession: rowCount() después de ejecutar la query principal: 1
[01-Oct-2025 15:34:11 America/Guatemala] verifySession: Sesión encontrada y válida para user_id: 2
[01-Oct-2025 15:34:11 America/Guatemala] verifySession: user_id: 2, session_token: 33a29f9af3f98c69ea4f1e6f12e07b458621268a34355b7a1f6ca01f0d535417
[01-Oct-2025 15:34:11 America/Guatemala] verifySession: Query a ejecutar: SELECT id FROM sesiones_usuario 
                      WHERE token_sesion = :token 
                      AND usuario_id = :user_id 
                      AND activa = 1
[01-Oct-2025 15:34:11 America/Guatemala] verifySession: Query a ejecutar: SELECT id FROM sesiones_usuario 
                      WHERE token_sesion = '33a29f9af3f98c69ea4f1e6f12e07b458621268a34355b7a1f6ca01f0d535417' 
                      AND usuario_id = 2 
                      AND activa = 1
[01-Oct-2025 15:34:11 America/Guatemala] verifySession: Ejecutando query con token: 33a29f9af3f98c69ea4f1e6f12e07b458621268a34355b7a1f6ca01f0d535417 y user_id: 2
[01-Oct-2025 15:34:11 America/Guatemala] verifySession: rowCount() después de ejecutar la query principal: 1
[01-Oct-2025 15:34:11 America/Guatemala] verifySession: Sesión encontrada y válida para user_id: 2
[01-Oct-2025 15:34:11 America/Guatemala] verifySession: user_id: 2, session_token: 33a29f9af3f98c69ea4f1e6f12e07b458621268a34355b7a1f6ca01f0d535417
[01-Oct-2025 15:34:12 America/Guatemala] verifySession: Query a ejecutar: SELECT id FROM sesiones_usuario 
                      WHERE token_sesion = :token 
                      AND usuario_id = :user_id 
                      AND activa = 1
[01-Oct-2025 15:34:12 America/Guatemala] verifySession: Query a ejecutar: SELECT id FROM sesiones_usuario 
                      WHERE token_sesion = '33a29f9af3f98c69ea4f1e6f12e07b458621268a34355b7a1f6ca01f0d535417' 
                      AND usuario_id = 2 
                      AND activa = 1
[01-Oct-2025 15:34:12 America/Guatemala] verifySession: Ejecutando query con token: 33a29f9af3f98c69ea4f1e6f12e07b458621268a34355b7a1f6ca01f0d535417 y user_id: 2
[01-Oct-2025 15:34:12 America/Guatemala] verifySession: rowCount() después de ejecutar la query principal: 1
[01-Oct-2025 15:34:12 America/Guatemala] verifySession: Sesión encontrada y válida para user_id: 2
[01-Oct-2025 15:34:12 America/Guatemala] Auth::hasPermission - User role: 'Administrador', Required role: 'Administrador'
[01-Oct-2025 15:34:12 America/Guatemala] Error en gestión de puestos: SQLSTATE[23000]: Integrity constraint violation: 1062 Duplicate entry 'Oficinista I' for key 'puestos.nombre'
[01-Oct-2025 15:36:26 America/Guatemala] verifySession: user_id: 2, session_token: 33a29f9af3f98c69ea4f1e6f12e07b458621268a34355b7a1f6ca01f0d535417
[01-Oct-2025 15:36:26 America/Guatemala] verifySession: Query a ejecutar: SELECT id FROM sesiones_usuario 
                      WHERE token_sesion = :token 
                      AND usuario_id = :user_id 
                      AND activa = 1
[01-Oct-2025 15:36:26 America/Guatemala] verifySession: Query a ejecutar: SELECT id FROM sesiones_usuario 
                      WHERE token_sesion = '33a29f9af3f98c69ea4f1e6f12e07b458621268a34355b7a1f6ca01f0d535417' 
                      AND usuario_id = 2 
                      AND activa = 1
[01-Oct-2025 15:36:26 America/Guatemala] verifySession: Ejecutando query con token: 33a29f9af3f98c69ea4f1e6f12e07b458621268a34355b7a1f6ca01f0d535417 y user_id: 2
[01-Oct-2025 15:36:26 America/Guatemala] verifySession: rowCount() después de ejecutar la query principal: 1
[01-Oct-2025 15:36:26 America/Guatemala] verifySession: Sesión encontrada y válida para user_id: 2
[01-Oct-2025 15:36:26 America/Guatemala] verifySession: user_id: 2, session_token: 33a29f9af3f98c69ea4f1e6f12e07b458621268a34355b7a1f6ca01f0d535417
[01-Oct-2025 15:36:26 America/Guatemala] verifySession: Query a ejecutar: SELECT id FROM sesiones_usuario 
                      WHERE token_sesion = :token 
                      AND usuario_id = :user_id 
                      AND activa = 1
[01-Oct-2025 15:36:27 America/Guatemala] verifySession: Query a ejecutar: SELECT id FROM sesiones_usuario 
                      WHERE token_sesion = '33a29f9af3f98c69ea4f1e6f12e07b458621268a34355b7a1f6ca01f0d535417' 
                      AND usuario_id = 2 
                      AND activa = 1
[01-Oct-2025 15:36:27 America/Guatemala] verifySession: Ejecutando query con token: 33a29f9af3f98c69ea4f1e6f12e07b458621268a34355b7a1f6ca01f0d535417 y user_id: 2
[01-Oct-2025 15:36:27 America/Guatemala] verifySession: rowCount() después de ejecutar la query principal: 1
[01-Oct-2025 15:36:27 America/Guatemala] verifySession: Sesión encontrada y válida para user_id: 2
[01-Oct-2025 15:36:27 America/Guatemala] verifySession: user_id: 2, session_token: 33a29f9af3f98c69ea4f1e6f12e07b458621268a34355b7a1f6ca01f0d535417
[01-Oct-2025 15:36:27 America/Guatemala] verifySession: Query a ejecutar: SELECT id FROM sesiones_usuario 
                      WHERE token_sesion = :token 
                      AND usuario_id = :user_id 
                      AND activa = 1
[01-Oct-2025 15:36:27 America/Guatemala] verifySession: Query a ejecutar: SELECT id FROM sesiones_usuario 
                      WHERE token_sesion = '33a29f9af3f98c69ea4f1e6f12e07b458621268a34355b7a1f6ca01f0d535417' 
                      AND usuario_id = 2 
                      AND activa = 1
[01-Oct-2025 15:36:27 America/Guatemala] verifySession: Ejecutando query con token: 33a29f9af3f98c69ea4f1e6f12e07b458621268a34355b7a1f6ca01f0d535417 y user_id: 2
[01-Oct-2025 15:36:27 America/Guatemala] verifySession: rowCount() después de ejecutar la query principal: 1
[01-Oct-2025 15:36:27 America/Guatemala] verifySession: Sesión encontrada y válida para user_id: 2
[01-Oct-2025 15:36:27 America/Guatemala] Auth::hasPermission - User role: 'Administrador', Required role: 'Administrador'
[01-Oct-2025 15:36:29 America/Guatemala] verifySession: user_id: 2, session_token: 33a29f9af3f98c69ea4f1e6f12e07b458621268a34355b7a1f6ca01f0d535417
[01-Oct-2025 15:36:29 America/Guatemala] verifySession: Query a ejecutar: SELECT id FROM sesiones_usuario 
                      WHERE token_sesion = :token 
                      AND usuario_id = :user_id 
                      AND activa = 1
[01-Oct-2025 15:36:29 America/Guatemala] verifySession: Query a ejecutar: SELECT id FROM sesiones_usuario 
                      WHERE token_sesion = '33a29f9af3f98c69ea4f1e6f12e07b458621268a34355b7a1f6ca01f0d535417' 
                      AND usuario_id = 2 
                      AND activa = 1
[01-Oct-2025 15:36:29 America/Guatemala] verifySession: Ejecutando query con token: 33a29f9af3f98c69ea4f1e6f12e07b458621268a34355b7a1f6ca01f0d535417 y user_id: 2
[01-Oct-2025 15:36:29 America/Guatemala] verifySession: rowCount() después de ejecutar la query principal: 1
[01-Oct-2025 15:36:29 America/Guatemala] verifySession: Sesión encontrada y válida para user_id: 2
[01-Oct-2025 15:36:29 America/Guatemala] verifySession: user_id: 2, session_token: 33a29f9af3f98c69ea4f1e6f12e07b458621268a34355b7a1f6ca01f0d535417
[01-Oct-2025 15:36:29 America/Guatemala] verifySession: Query a ejecutar: SELECT id FROM sesiones_usuario 
                      WHERE token_sesion = :token 
                      AND usuario_id = :user_id 
                      AND activa = 1
[01-Oct-2025 15:36:29 America/Guatemala] verifySession: Query a ejecutar: SELECT id FROM sesiones_usuario 
                      WHERE token_sesion = '33a29f9af3f98c69ea4f1e6f12e07b458621268a34355b7a1f6ca01f0d535417' 
                      AND usuario_id = 2 
                      AND activa = 1
[01-Oct-2025 15:36:29 America/Guatemala] verifySession: Ejecutando query con token: 33a29f9af3f98c69ea4f1e6f12e07b458621268a34355b7a1f6ca01f0d535417 y user_id: 2
[01-Oct-2025 15:36:29 America/Guatemala] verifySession: rowCount() después de ejecutar la query principal: 1
[01-Oct-2025 15:36:29 America/Guatemala] verifySession: Sesión encontrada y válida para user_id: 2
[01-Oct-2025 15:36:30 America/Guatemala] verifySession: user_id: 2, session_token: 33a29f9af3f98c69ea4f1e6f12e07b458621268a34355b7a1f6ca01f0d535417
[01-Oct-2025 15:36:30 America/Guatemala] verifySession: Query a ejecutar: SELECT id FROM sesiones_usuario 
                      WHERE token_sesion = :token 
                      AND usuario_id = :user_id 
                      AND activa = 1
[01-Oct-2025 15:36:30 America/Guatemala] verifySession: Query a ejecutar: SELECT id FROM sesiones_usuario 
                      WHERE token_sesion = '33a29f9af3f98c69ea4f1e6f12e07b458621268a34355b7a1f6ca01f0d535417' 
                      AND usuario_id = 2 
                      AND activa = 1
[01-Oct-2025 15:36:30 America/Guatemala] verifySession: Ejecutando query con token: 33a29f9af3f98c69ea4f1e6f12e07b458621268a34355b7a1f6ca01f0d535417 y user_id: 2
[01-Oct-2025 15:36:30 America/Guatemala] verifySession: rowCount() después de ejecutar la query principal: 1
[01-Oct-2025 15:36:30 America/Guatemala] verifySession: Sesión encontrada y válida para user_id: 2
[01-Oct-2025 15:36:30 America/Guatemala] Auth::hasPermission - User role: 'Administrador', Required role: 'Administrador'
[01-Oct-2025 15:36:31 America/Guatemala] verifySession: user_id: 2, session_token: 33a29f9af3f98c69ea4f1e6f12e07b458621268a34355b7a1f6ca01f0d535417
[01-Oct-2025 15:36:31 America/Guatemala] verifySession: Query a ejecutar: SELECT id FROM sesiones_usuario 
                      WHERE token_sesion = :token 
                      AND usuario_id = :user_id 
                      AND activa = 1
[01-Oct-2025 15:36:31 America/Guatemala] verifySession: Query a ejecutar: SELECT id FROM sesiones_usuario 
                      WHERE token_sesion = '33a29f9af3f98c69ea4f1e6f12e07b458621268a34355b7a1f6ca01f0d535417' 
                      AND usuario_id = 2 
                      AND activa = 1
[01-Oct-2025 15:36:31 America/Guatemala] verifySession: Ejecutando query con token: 33a29f9af3f98c69ea4f1e6f12e07b458621268a34355b7a1f6ca01f0d535417 y user_id: 2
[01-Oct-2025 15:36:31 America/Guatemala] verifySession: rowCount() después de ejecutar la query principal: 1
[01-Oct-2025 15:36:31 America/Guatemala] verifySession: Sesión encontrada y válida para user_id: 2
[01-Oct-2025 15:36:31 America/Guatemala] verifySession: user_id: 2, session_token: 33a29f9af3f98c69ea4f1e6f12e07b458621268a34355b7a1f6ca01f0d535417
[01-Oct-2025 15:36:31 America/Guatemala] verifySession: Query a ejecutar: SELECT id FROM sesiones_usuario 
                      WHERE token_sesion = :token 
                      AND usuario_id = :user_id 
                      AND activa = 1
[01-Oct-2025 15:36:31 America/Guatemala] verifySession: Query a ejecutar: SELECT id FROM sesiones_usuario 
                      WHERE token_sesion = '33a29f9af3f98c69ea4f1e6f12e07b458621268a34355b7a1f6ca01f0d535417' 
                      AND usuario_id = 2 
                      AND activa = 1
[01-Oct-2025 15:36:31 America/Guatemala] verifySession: Ejecutando query con token: 33a29f9af3f98c69ea4f1e6f12e07b458621268a34355b7a1f6ca01f0d535417 y user_id: 2
[01-Oct-2025 15:36:32 America/Guatemala] verifySession: rowCount() después de ejecutar la query principal: 1
[01-Oct-2025 15:36:32 America/Guatemala] verifySession: Sesión encontrada y válida para user_id: 2
[01-Oct-2025 15:36:32 America/Guatemala] verifySession: user_id: 2, session_token: 33a29f9af3f98c69ea4f1e6f12e07b458621268a34355b7a1f6ca01f0d535417
[01-Oct-2025 15:36:32 America/Guatemala] verifySession: Query a ejecutar: SELECT id FROM sesiones_usuario 
                      WHERE token_sesion = :token 
                      AND usuario_id = :user_id 
                      AND activa = 1
[01-Oct-2025 15:36:32 America/Guatemala] verifySession: Query a ejecutar: SELECT id FROM sesiones_usuario 
                      WHERE token_sesion = '33a29f9af3f98c69ea4f1e6f12e07b458621268a34355b7a1f6ca01f0d535417' 
                      AND usuario_id = 2 
                      AND activa = 1
[01-Oct-2025 15:36:32 America/Guatemala] verifySession: Ejecutando query con token: 33a29f9af3f98c69ea4f1e6f12e07b458621268a34355b7a1f6ca01f0d535417 y user_id: 2
[01-Oct-2025 15:36:32 America/Guatemala] verifySession: rowCount() después de ejecutar la query principal: 1
[01-Oct-2025 15:36:32 America/Guatemala] verifySession: Sesión encontrada y válida para user_id: 2
[01-Oct-2025 15:36:32 America/Guatemala] Auth::hasPermission - User role: 'Administrador', Required role: 'Administrador'
[01-Oct-2025 15:36:33 America/Guatemala] Error en gestión de puestos: SQLSTATE[23000]: Integrity constraint violation: 1062 Duplicate entry 'Oficinista I' for key 'puestos.nombre'
[01-Oct-2025 15:36:48 America/Guatemala] verifySession: user_id o session_token no están seteados en SESSION.
[01-Oct-2025 15:36:49 America/Guatemala] verifySession: user_id o session_token no están seteados en SESSION.
[01-Oct-2025 15:36:50 America/Guatemala] verifySession: user_id o session_token no están seteados en SESSION.
[01-Oct-2025 15:36:50 America/Guatemala] Intento de login para usuario: chofox
[01-Oct-2025 15:36:51 America/Guatemala] Sesión creada exitosamente en DB para usuario: 2
[01-Oct-2025 15:36:51 America/Guatemala] Auth::login - User role set in session: Administrador
[01-Oct-2025 15:36:51 America/Guatemala] Resultado de login: {"success":true,"message":"Inicio de sesi\u00f3n exitoso","user":{"id":2,"nombre_completo":"Rodolfo Garcia","usuario":"chofox","password_hash":"$2y$10$r2z\/zRSNiKhGHAJiqz728uBUPr7bT\/ZxE5MFelrC5ZPvRcKz8AYBy","puesto":"Administrador de Sistema","activo":1,"rol":"Administrador","distrito":"Chamelco"}}
[01-Oct-2025 15:36:51 America/Guatemala] Login exitoso. Verificando sesión...
[01-Oct-2025 15:36:51 America/Guatemala] verifySession: user_id: 2, session_token: c53020ffc4b74a7334b77612d58f87a8dad128f5dc96988b493b4096ec8061cb
[01-Oct-2025 15:36:51 America/Guatemala] verifySession: Query a ejecutar: SELECT id FROM sesiones_usuario 
                      WHERE token_sesion = :token 
                      AND usuario_id = :user_id 
                      AND activa = 1
[01-Oct-2025 15:36:51 America/Guatemala] verifySession: Query a ejecutar: SELECT id FROM sesiones_usuario 
                      WHERE token_sesion = 'c53020ffc4b74a7334b77612d58f87a8dad128f5dc96988b493b4096ec8061cb' 
                      AND usuario_id = 2 
                      AND activa = 1
[01-Oct-2025 15:36:51 America/Guatemala] verifySession: Ejecutando query con token: c53020ffc4b74a7334b77612d58f87a8dad128f5dc96988b493b4096ec8061cb y user_id: 2
[01-Oct-2025 15:36:51 America/Guatemala] verifySession: rowCount() después de ejecutar la query principal: 1
[01-Oct-2025 15:36:51 America/Guatemala] verifySession: Sesión encontrada y válida para user_id: 2
[01-Oct-2025 15:36:51 America/Guatemala] Sesión verificada después del login. Redirigiendo a dashboard.php
[01-Oct-2025 15:36:52 America/Guatemala] verifySession: user_id: 2, session_token: c53020ffc4b74a7334b77612d58f87a8dad128f5dc96988b493b4096ec8061cb
[01-Oct-2025 15:36:52 America/Guatemala] verifySession: Query a ejecutar: SELECT id FROM sesiones_usuario 
                      WHERE token_sesion = :token 
                      AND usuario_id = :user_id 
                      AND activa = 1
[01-Oct-2025 15:36:52 America/Guatemala] verifySession: Query a ejecutar: SELECT id FROM sesiones_usuario 
                      WHERE token_sesion = 'c53020ffc4b74a7334b77612d58f87a8dad128f5dc96988b493b4096ec8061cb' 
                      AND usuario_id = 2 
                      AND activa = 1
[01-Oct-2025 15:36:52 America/Guatemala] verifySession: Ejecutando query con token: c53020ffc4b74a7334b77612d58f87a8dad128f5dc96988b493b4096ec8061cb y user_id: 2
[01-Oct-2025 15:36:52 America/Guatemala] verifySession: rowCount() después de ejecutar la query principal: 1
[01-Oct-2025 15:36:52 America/Guatemala] verifySession: Sesión encontrada y válida para user_id: 2
[01-Oct-2025 15:36:56 America/Guatemala] verifySession: user_id: 2, session_token: c53020ffc4b74a7334b77612d58f87a8dad128f5dc96988b493b4096ec8061cb
[01-Oct-2025 15:36:56 America/Guatemala] verifySession: Query a ejecutar: SELECT id FROM sesiones_usuario 
                      WHERE token_sesion = :token 
                      AND usuario_id = :user_id 
                      AND activa = 1
[01-Oct-2025 15:36:56 America/Guatemala] verifySession: Query a ejecutar: SELECT id FROM sesiones_usuario 
                      WHERE token_sesion = 'c53020ffc4b74a7334b77612d58f87a8dad128f5dc96988b493b4096ec8061cb' 
                      AND usuario_id = 2 
                      AND activa = 1
[01-Oct-2025 15:36:57 America/Guatemala] verifySession: Ejecutando query con token: c53020ffc4b74a7334b77612d58f87a8dad128f5dc96988b493b4096ec8061cb y user_id: 2
[01-Oct-2025 15:36:57 America/Guatemala] verifySession: rowCount() después de ejecutar la query principal: 1
[01-Oct-2025 15:36:57 America/Guatemala] verifySession: Sesión encontrada y válida para user_id: 2
[01-Oct-2025 15:36:57 America/Guatemala] verifySession: user_id: 2, session_token: c53020ffc4b74a7334b77612d58f87a8dad128f5dc96988b493b4096ec8061cb
[01-Oct-2025 15:36:57 America/Guatemala] verifySession: Query a ejecutar: SELECT id FROM sesiones_usuario 
                      WHERE token_sesion = :token 
                      AND usuario_id = :user_id 
                      AND activa = 1
[01-Oct-2025 15:36:57 America/Guatemala] verifySession: Query a ejecutar: SELECT id FROM sesiones_usuario 
                      WHERE token_sesion = 'c53020ffc4b74a7334b77612d58f87a8dad128f5dc96988b493b4096ec8061cb' 
                      AND usuario_id = 2 
                      AND activa = 1
[01-Oct-2025 15:36:57 America/Guatemala] verifySession: Ejecutando query con token: c53020ffc4b74a7334b77612d58f87a8dad128f5dc96988b493b4096ec8061cb y user_id: 2
[01-Oct-2025 15:36:57 America/Guatemala] verifySession: rowCount() después de ejecutar la query principal: 1
[01-Oct-2025 15:36:57 America/Guatemala] verifySession: Sesión encontrada y válida para user_id: 2
[01-Oct-2025 15:36:57 America/Guatemala] verifySession: user_id: 2, session_token: c53020ffc4b74a7334b77612d58f87a8dad128f5dc96988b493b4096ec8061cb
[01-Oct-2025 15:36:57 America/Guatemala] verifySession: Query a ejecutar: SELECT id FROM sesiones_usuario 
                      WHERE token_sesion = :token 
                      AND usuario_id = :user_id 
                      AND activa = 1
[01-Oct-2025 15:36:57 America/Guatemala] verifySession: Query a ejecutar: SELECT id FROM sesiones_usuario 
                      WHERE token_sesion = 'c53020ffc4b74a7334b77612d58f87a8dad128f5dc96988b493b4096ec8061cb' 
                      AND usuario_id = 2 
                      AND activa = 1
[01-Oct-2025 15:36:57 America/Guatemala] verifySession: Ejecutando query con token: c53020ffc4b74a7334b77612d58f87a8dad128f5dc96988b493b4096ec8061cb y user_id: 2
[01-Oct-2025 15:36:57 America/Guatemala] verifySession: rowCount() después de ejecutar la query principal: 1
[01-Oct-2025 15:36:57 America/Guatemala] verifySession: Sesión encontrada y válida para user_id: 2
[01-Oct-2025 15:36:58 America/Guatemala] Auth::hasPermission - User role: 'Administrador', Required role: 'Administrador'
[01-Oct-2025 15:37:26 America/Guatemala] verifySession: user_id: 2, session_token: c53020ffc4b74a7334b77612d58f87a8dad128f5dc96988b493b4096ec8061cb
[01-Oct-2025 15:37:26 America/Guatemala] verifySession: Query a ejecutar: SELECT id FROM sesiones_usuario 
                      WHERE token_sesion = :token 
                      AND usuario_id = :user_id 
                      AND activa = 1
[01-Oct-2025 15:37:26 America/Guatemala] verifySession: Query a ejecutar: SELECT id FROM sesiones_usuario 
                      WHERE token_sesion = 'c53020ffc4b74a7334b77612d58f87a8dad128f5dc96988b493b4096ec8061cb' 
                      AND usuario_id = 2 
                      AND activa = 1
[01-Oct-2025 15:37:26 America/Guatemala] verifySession: Ejecutando query con token: c53020ffc4b74a7334b77612d58f87a8dad128f5dc96988b493b4096ec8061cb y user_id: 2
[01-Oct-2025 15:37:26 America/Guatemala] verifySession: rowCount() después de ejecutar la query principal: 1
[01-Oct-2025 15:37:26 America/Guatemala] verifySession: Sesión encontrada y válida para user_id: 2
[01-Oct-2025 15:37:26 America/Guatemala] verifySession: user_id: 2, session_token: c53020ffc4b74a7334b77612d58f87a8dad128f5dc96988b493b4096ec8061cb
[01-Oct-2025 15:37:26 America/Guatemala] verifySession: Query a ejecutar: SELECT id FROM sesiones_usuario 
                      WHERE token_sesion = :token 
                      AND usuario_id = :user_id 
                      AND activa = 1
[01-Oct-2025 15:37:26 America/Guatemala] verifySession: Query a ejecutar: SELECT id FROM sesiones_usuario 
                      WHERE token_sesion = 'c53020ffc4b74a7334b77612d58f87a8dad128f5dc96988b493b4096ec8061cb' 
                      AND usuario_id = 2 
                      AND activa = 1
[01-Oct-2025 15:37:26 America/Guatemala] verifySession: Ejecutando query con token: c53020ffc4b74a7334b77612d58f87a8dad128f5dc96988b493b4096ec8061cb y user_id: 2
[01-Oct-2025 15:37:26 America/Guatemala] verifySession: rowCount() después de ejecutar la query principal: 1
[01-Oct-2025 15:37:26 America/Guatemala] verifySession: Sesión encontrada y válida para user_id: 2
[01-Oct-2025 15:37:27 America/Guatemala] verifySession: user_id: 2, session_token: c53020ffc4b74a7334b77612d58f87a8dad128f5dc96988b493b4096ec8061cb
[01-Oct-2025 15:37:27 America/Guatemala] verifySession: Query a ejecutar: SELECT id FROM sesiones_usuario 
                      WHERE token_sesion = :token 
                      AND usuario_id = :user_id 
                      AND activa = 1
[01-Oct-2025 15:37:27 America/Guatemala] verifySession: Query a ejecutar: SELECT id FROM sesiones_usuario 
                      WHERE token_sesion = 'c53020ffc4b74a7334b77612d58f87a8dad128f5dc96988b493b4096ec8061cb' 
                      AND usuario_id = 2 
                      AND activa = 1
[01-Oct-2025 15:37:27 America/Guatemala] verifySession: Ejecutando query con token: c53020ffc4b74a7334b77612d58f87a8dad128f5dc96988b493b4096ec8061cb y user_id: 2
[01-Oct-2025 15:37:27 America/Guatemala] verifySession: rowCount() después de ejecutar la query principal: 1
[01-Oct-2025 15:37:27 America/Guatemala] verifySession: Sesión encontrada y válida para user_id: 2
[01-Oct-2025 15:37:27 America/Guatemala] Auth::hasPermission - User role: 'Administrador', Required role: 'Administrador'
[01-Oct-2025 15:37:29 America/Guatemala] verifySession: user_id: 2, session_token: c53020ffc4b74a7334b77612d58f87a8dad128f5dc96988b493b4096ec8061cb
[01-Oct-2025 15:37:29 America/Guatemala] verifySession: Query a ejecutar: SELECT id FROM sesiones_usuario 
                      WHERE token_sesion = :token 
                      AND usuario_id = :user_id 
                      AND activa = 1
[01-Oct-2025 15:37:29 America/Guatemala] verifySession: Query a ejecutar: SELECT id FROM sesiones_usuario 
                      WHERE token_sesion = 'c53020ffc4b74a7334b77612d58f87a8dad128f5dc96988b493b4096ec8061cb' 
                      AND usuario_id = 2 
                      AND activa = 1
[01-Oct-2025 15:37:29 America/Guatemala] verifySession: Ejecutando query con token: c53020ffc4b74a7334b77612d58f87a8dad128f5dc96988b493b4096ec8061cb y user_id: 2
[01-Oct-2025 15:37:29 America/Guatemala] verifySession: rowCount() después de ejecutar la query principal: 1
[01-Oct-2025 15:37:29 America/Guatemala] verifySession: Sesión encontrada y válida para user_id: 2
[01-Oct-2025 15:37:29 America/Guatemala] verifySession: user_id: 2, session_token: c53020ffc4b74a7334b77612d58f87a8dad128f5dc96988b493b4096ec8061cb
[01-Oct-2025 15:37:29 America/Guatemala] verifySession: Query a ejecutar: SELECT id FROM sesiones_usuario 
                      WHERE token_sesion = :token 
                      AND usuario_id = :user_id 
                      AND activa = 1
[01-Oct-2025 15:37:29 America/Guatemala] verifySession: Query a ejecutar: SELECT id FROM sesiones_usuario 
                      WHERE token_sesion = 'c53020ffc4b74a7334b77612d58f87a8dad128f5dc96988b493b4096ec8061cb' 
                      AND usuario_id = 2 
                      AND activa = 1
[01-Oct-2025 15:37:29 America/Guatemala] verifySession: Ejecutando query con token: c53020ffc4b74a7334b77612d58f87a8dad128f5dc96988b493b4096ec8061cb y user_id: 2
[01-Oct-2025 15:37:29 America/Guatemala] verifySession: rowCount() después de ejecutar la query principal: 1
[01-Oct-2025 15:37:29 America/Guatemala] verifySession: Sesión encontrada y válida para user_id: 2
[01-Oct-2025 15:37:30 America/Guatemala] verifySession: user_id: 2, session_token: c53020ffc4b74a7334b77612d58f87a8dad128f5dc96988b493b4096ec8061cb
[01-Oct-2025 15:37:30 America/Guatemala] verifySession: Query a ejecutar: SELECT id FROM sesiones_usuario 
                      WHERE token_sesion = :token 
                      AND usuario_id = :user_id 
                      AND activa = 1
[01-Oct-2025 15:37:30 America/Guatemala] verifySession: Query a ejecutar: SELECT id FROM sesiones_usuario 
                      WHERE token_sesion = 'c53020ffc4b74a7334b77612d58f87a8dad128f5dc96988b493b4096ec8061cb' 
                      AND usuario_id = 2 
                      AND activa = 1
[01-Oct-2025 15:37:30 America/Guatemala] verifySession: Ejecutando query con token: c53020ffc4b74a7334b77612d58f87a8dad128f5dc96988b493b4096ec8061cb y user_id: 2
[01-Oct-2025 15:37:30 America/Guatemala] verifySession: rowCount() después de ejecutar la query principal: 1
[01-Oct-2025 15:37:30 America/Guatemala] verifySession: Sesión encontrada y válida para user_id: 2
[01-Oct-2025 15:37:30 America/Guatemala] Auth::hasPermission - User role: 'Administrador', Required role: 'Administrador'
[01-Oct-2025 15:37:37 America/Guatemala] verifySession: user_id: 2, session_token: c53020ffc4b74a7334b77612d58f87a8dad128f5dc96988b493b4096ec8061cb
[01-Oct-2025 15:37:38 America/Guatemala] verifySession: Query a ejecutar: SELECT id FROM sesiones_usuario 
                      WHERE token_sesion = :token 
                      AND usuario_id = :user_id 
                      AND activa = 1
[01-Oct-2025 15:37:38 America/Guatemala] verifySession: Query a ejecutar: SELECT id FROM sesiones_usuario 
                      WHERE token_sesion = 'c53020ffc4b74a7334b77612d58f87a8dad128f5dc96988b493b4096ec8061cb' 
                      AND usuario_id = 2 
                      AND activa = 1
[01-Oct-2025 15:37:38 America/Guatemala] verifySession: Ejecutando query con token: c53020ffc4b74a7334b77612d58f87a8dad128f5dc96988b493b4096ec8061cb y user_id: 2
[01-Oct-2025 15:37:38 America/Guatemala] verifySession: rowCount() después de ejecutar la query principal: 1
[01-Oct-2025 15:37:38 America/Guatemala] verifySession: Sesión encontrada y válida para user_id: 2
[01-Oct-2025 15:37:38 America/Guatemala] verifySession: user_id: 2, session_token: c53020ffc4b74a7334b77612d58f87a8dad128f5dc96988b493b4096ec8061cb
[01-Oct-2025 15:37:38 America/Guatemala] verifySession: Query a ejecutar: SELECT id FROM sesiones_usuario 
                      WHERE token_sesion = :token 
                      AND usuario_id = :user_id 
                      AND activa = 1
[01-Oct-2025 15:37:38 America/Guatemala] verifySession: Query a ejecutar: SELECT id FROM sesiones_usuario 
                      WHERE token_sesion = 'c53020ffc4b74a7334b77612d58f87a8dad128f5dc96988b493b4096ec8061cb' 
                      AND usuario_id = 2 
                      AND activa = 1
[01-Oct-2025 15:37:38 America/Guatemala] verifySession: Ejecutando query con token: c53020ffc4b74a7334b77612d58f87a8dad128f5dc96988b493b4096ec8061cb y user_id: 2
[01-Oct-2025 15:37:38 America/Guatemala] verifySession: rowCount() después de ejecutar la query principal: 1
[01-Oct-2025 15:37:38 America/Guatemala] verifySession: Sesión encontrada y válida para user_id: 2
[01-Oct-2025 15:37:38 America/Guatemala] verifySession: user_id: 2, session_token: c53020ffc4b74a7334b77612d58f87a8dad128f5dc96988b493b4096ec8061cb
[01-Oct-2025 15:37:38 America/Guatemala] verifySession: Query a ejecutar: SELECT id FROM sesiones_usuario 
                      WHERE token_sesion = :token 
                      AND usuario_id = :user_id 
                      AND activa = 1
[01-Oct-2025 15:37:38 America/Guatemala] verifySession: Query a ejecutar: SELECT id FROM sesiones_usuario 
                      WHERE token_sesion = 'c53020ffc4b74a7334b77612d58f87a8dad128f5dc96988b493b4096ec8061cb' 
                      AND usuario_id = 2 
                      AND activa = 1
[01-Oct-2025 15:37:38 America/Guatemala] verifySession: Ejecutando query con token: c53020ffc4b74a7334b77612d58f87a8dad128f5dc96988b493b4096ec8061cb y user_id: 2
[01-Oct-2025 15:37:39 America/Guatemala] verifySession: rowCount() después de ejecutar la query principal: 1
[01-Oct-2025 15:37:39 America/Guatemala] verifySession: Sesión encontrada y válida para user_id: 2
[01-Oct-2025 15:37:39 America/Guatemala] Auth::hasPermission - User role: 'Administrador', Required role: 'Administrador'
[01-Oct-2025 15:37:42 America/Guatemala] verifySession: user_id: 2, session_token: c53020ffc4b74a7334b77612d58f87a8dad128f5dc96988b493b4096ec8061cb
[01-Oct-2025 15:37:42 America/Guatemala] verifySession: Query a ejecutar: SELECT id FROM sesiones_usuario 
                      WHERE token_sesion = :token 
                      AND usuario_id = :user_id 
                      AND activa = 1
[01-Oct-2025 15:37:42 America/Guatemala] verifySession: Query a ejecutar: SELECT id FROM sesiones_usuario 
                      WHERE token_sesion = 'c53020ffc4b74a7334b77612d58f87a8dad128f5dc96988b493b4096ec8061cb' 
                      AND usuario_id = 2 
                      AND activa = 1
[01-Oct-2025 15:37:42 America/Guatemala] verifySession: Ejecutando query con token: c53020ffc4b74a7334b77612d58f87a8dad128f5dc96988b493b4096ec8061cb y user_id: 2
[01-Oct-2025 15:37:42 America/Guatemala] verifySession: rowCount() después de ejecutar la query principal: 1
[01-Oct-2025 15:37:42 America/Guatemala] verifySession: Sesión encontrada y válida para user_id: 2
[01-Oct-2025 15:37:42 America/Guatemala] verifySession: user_id: 2, session_token: c53020ffc4b74a7334b77612d58f87a8dad128f5dc96988b493b4096ec8061cb
[01-Oct-2025 15:37:42 America/Guatemala] verifySession: Query a ejecutar: SELECT id FROM sesiones_usuario 
                      WHERE token_sesion = :token 
                      AND usuario_id = :user_id 
                      AND activa = 1
[01-Oct-2025 15:37:42 America/Guatemala] verifySession: Query a ejecutar: SELECT id FROM sesiones_usuario 
                      WHERE token_sesion = 'c53020ffc4b74a7334b77612d58f87a8dad128f5dc96988b493b4096ec8061cb' 
                      AND usuario_id = 2 
                      AND activa = 1
[01-Oct-2025 15:37:42 America/Guatemala] verifySession: Ejecutando query con token: c53020ffc4b74a7334b77612d58f87a8dad128f5dc96988b493b4096ec8061cb y user_id: 2
[01-Oct-2025 15:37:42 America/Guatemala] verifySession: rowCount() después de ejecutar la query principal: 1
[01-Oct-2025 15:37:42 America/Guatemala] verifySession: Sesión encontrada y válida para user_id: 2
[01-Oct-2025 15:37:52 America/Guatemala] verifySession: user_id: 2, session_token: c53020ffc4b74a7334b77612d58f87a8dad128f5dc96988b493b4096ec8061cb
[01-Oct-2025 15:37:52 America/Guatemala] verifySession: Query a ejecutar: SELECT id FROM sesiones_usuario 
                      WHERE token_sesion = :token 
                      AND usuario_id = :user_id 
                      AND activa = 1
[01-Oct-2025 15:37:52 America/Guatemala] verifySession: Query a ejecutar: SELECT id FROM sesiones_usuario 
                      WHERE token_sesion = 'c53020ffc4b74a7334b77612d58f87a8dad128f5dc96988b493b4096ec8061cb' 
                      AND usuario_id = 2 
                      AND activa = 1
[01-Oct-2025 15:37:52 America/Guatemala] verifySession: Ejecutando query con token: c53020ffc4b74a7334b77612d58f87a8dad128f5dc96988b493b4096ec8061cb y user_id: 2
[01-Oct-2025 15:37:52 America/Guatemala] verifySession: rowCount() después de ejecutar la query principal: 1
[01-Oct-2025 15:37:53 America/Guatemala] verifySession: Sesión encontrada y válida para user_id: 2
[01-Oct-2025 15:37:53 America/Guatemala] verifySession: user_id: 2, session_token: c53020ffc4b74a7334b77612d58f87a8dad128f5dc96988b493b4096ec8061cb
[01-Oct-2025 15:37:53 America/Guatemala] verifySession: Query a ejecutar: SELECT id FROM sesiones_usuario 
                      WHERE token_sesion = :token 
                      AND usuario_id = :user_id 
                      AND activa = 1
[01-Oct-2025 15:37:53 America/Guatemala] verifySession: Query a ejecutar: SELECT id FROM sesiones_usuario 
                      WHERE token_sesion = 'c53020ffc4b74a7334b77612d58f87a8dad128f5dc96988b493b4096ec8061cb' 
                      AND usuario_id = 2 
                      AND activa = 1
[01-Oct-2025 15:37:53 America/Guatemala] verifySession: Ejecutando query con token: c53020ffc4b74a7334b77612d58f87a8dad128f5dc96988b493b4096ec8061cb y user_id: 2
[01-Oct-2025 15:37:53 America/Guatemala] verifySession: rowCount() después de ejecutar la query principal: 1
[01-Oct-2025 15:37:53 America/Guatemala] verifySession: Sesión encontrada y válida para user_id: 2
[01-Oct-2025 15:37:55 America/Guatemala] verifySession: user_id: 2, session_token: c53020ffc4b74a7334b77612d58f87a8dad128f5dc96988b493b4096ec8061cb
[01-Oct-2025 15:37:55 America/Guatemala] verifySession: Query a ejecutar: SELECT id FROM sesiones_usuario 
                      WHERE token_sesion = :token 
                      AND usuario_id = :user_id 
                      AND activa = 1
[01-Oct-2025 15:37:55 America/Guatemala] verifySession: Query a ejecutar: SELECT id FROM sesiones_usuario 
                      WHERE token_sesion = 'c53020ffc4b74a7334b77612d58f87a8dad128f5dc96988b493b4096ec8061cb' 
                      AND usuario_id = 2 
                      AND activa = 1
[01-Oct-2025 15:37:55 America/Guatemala] verifySession: Ejecutando query con token: c53020ffc4b74a7334b77612d58f87a8dad128f5dc96988b493b4096ec8061cb y user_id: 2
[01-Oct-2025 15:37:55 America/Guatemala] verifySession: rowCount() después de ejecutar la query principal: 1
[01-Oct-2025 15:37:55 America/Guatemala] verifySession: Sesión encontrada y válida para user_id: 2
[01-Oct-2025 15:37:55 America/Guatemala] verifySession: user_id: 2, session_token: c53020ffc4b74a7334b77612d58f87a8dad128f5dc96988b493b4096ec8061cb
[01-Oct-2025 15:37:55 America/Guatemala] verifySession: Query a ejecutar: SELECT id FROM sesiones_usuario 
                      WHERE token_sesion = :token 
                      AND usuario_id = :user_id 
                      AND activa = 1
[01-Oct-2025 15:37:55 America/Guatemala] verifySession: Query a ejecutar: SELECT id FROM sesiones_usuario 
                      WHERE token_sesion = 'c53020ffc4b74a7334b77612d58f87a8dad128f5dc96988b493b4096ec8061cb' 
                      AND usuario_id = 2 
                      AND activa = 1
[01-Oct-2025 15:37:55 America/Guatemala] verifySession: Ejecutando query con token: c53020ffc4b74a7334b77612d58f87a8dad128f5dc96988b493b4096ec8061cb y user_id: 2
[01-Oct-2025 15:37:55 America/Guatemala] verifySession: rowCount() después de ejecutar la query principal: 1
[01-Oct-2025 15:37:55 America/Guatemala] verifySession: Sesión encontrada y válida para user_id: 2
[01-Oct-2025 15:37:59 America/Guatemala] verifySession: user_id: 2, session_token: c53020ffc4b74a7334b77612d58f87a8dad128f5dc96988b493b4096ec8061cb
[01-Oct-2025 15:37:59 America/Guatemala] verifySession: Query a ejecutar: SELECT id FROM sesiones_usuario 
                      WHERE token_sesion = :token 
                      AND usuario_id = :user_id 
                      AND activa = 1
[01-Oct-2025 15:37:59 America/Guatemala] verifySession: Query a ejecutar: SELECT id FROM sesiones_usuario 
                      WHERE token_sesion = 'c53020ffc4b74a7334b77612d58f87a8dad128f5dc96988b493b4096ec8061cb' 
                      AND usuario_id = 2 
                      AND activa = 1
[01-Oct-2025 15:37:59 America/Guatemala] verifySession: Ejecutando query con token: c53020ffc4b74a7334b77612d58f87a8dad128f5dc96988b493b4096ec8061cb y user_id: 2
[01-Oct-2025 15:37:59 America/Guatemala] verifySession: rowCount() después de ejecutar la query principal: 1
[01-Oct-2025 15:37:59 America/Guatemala] verifySession: Sesión encontrada y válida para user_id: 2
[01-Oct-2025 15:37:59 America/Guatemala] verifySession: user_id: 2, session_token: c53020ffc4b74a7334b77612d58f87a8dad128f5dc96988b493b4096ec8061cb
[01-Oct-2025 15:37:59 America/Guatemala] verifySession: Query a ejecutar: SELECT id FROM sesiones_usuario 
                      WHERE token_sesion = :token 
                      AND usuario_id = :user_id 
                      AND activa = 1
[01-Oct-2025 15:38:00 America/Guatemala] verifySession: Query a ejecutar: SELECT id FROM sesiones_usuario 
                      WHERE token_sesion = 'c53020ffc4b74a7334b77612d58f87a8dad128f5dc96988b493b4096ec8061cb' 
                      AND usuario_id = 2 
                      AND activa = 1
[01-Oct-2025 15:38:00 America/Guatemala] verifySession: Ejecutando query con token: c53020ffc4b74a7334b77612d58f87a8dad128f5dc96988b493b4096ec8061cb y user_id: 2
[01-Oct-2025 15:38:00 America/Guatemala] verifySession: rowCount() después de ejecutar la query principal: 1
[01-Oct-2025 15:38:00 America/Guatemala] verifySession: Sesión encontrada y válida para user_id: 2
[01-Oct-2025 15:38:00 America/Guatemala] verifySession: user_id: 2, session_token: c53020ffc4b74a7334b77612d58f87a8dad128f5dc96988b493b4096ec8061cb
[01-Oct-2025 15:38:00 America/Guatemala] verifySession: Query a ejecutar: SELECT id FROM sesiones_usuario 
                      WHERE token_sesion = :token 
                      AND usuario_id = :user_id 
                      AND activa = 1
[01-Oct-2025 15:38:00 America/Guatemala] verifySession: Query a ejecutar: SELECT id FROM sesiones_usuario 
                      WHERE token_sesion = 'c53020ffc4b74a7334b77612d58f87a8dad128f5dc96988b493b4096ec8061cb' 
                      AND usuario_id = 2 
                      AND activa = 1
[01-Oct-2025 15:38:00 America/Guatemala] verifySession: Ejecutando query con token: c53020ffc4b74a7334b77612d58f87a8dad128f5dc96988b493b4096ec8061cb y user_id: 2
[01-Oct-2025 15:38:00 America/Guatemala] verifySession: rowCount() después de ejecutar la query principal: 1
[01-Oct-2025 15:38:00 America/Guatemala] verifySession: Sesión encontrada y válida para user_id: 2
[01-Oct-2025 15:38:00 America/Guatemala] Auth::hasPermission - User role: 'Administrador', Required role: 'Administrador'
[01-Oct-2025 15:38:17 America/Guatemala] verifySession: user_id: 2, session_token: c53020ffc4b74a7334b77612d58f87a8dad128f5dc96988b493b4096ec8061cb
[01-Oct-2025 15:38:17 America/Guatemala] verifySession: Query a ejecutar: SELECT id FROM sesiones_usuario 
                      WHERE token_sesion = :token 
                      AND usuario_id = :user_id 
                      AND activa = 1
[01-Oct-2025 15:38:17 America/Guatemala] verifySession: Query a ejecutar: SELECT id FROM sesiones_usuario 
                      WHERE token_sesion = 'c53020ffc4b74a7334b77612d58f87a8dad128f5dc96988b493b4096ec8061cb' 
                      AND usuario_id = 2 
                      AND activa = 1
[01-Oct-2025 15:38:17 America/Guatemala] verifySession: Ejecutando query con token: c53020ffc4b74a7334b77612d58f87a8dad128f5dc96988b493b4096ec8061cb y user_id: 2
[01-Oct-2025 15:38:17 America/Guatemala] verifySession: rowCount() después de ejecutar la query principal: 1
[01-Oct-2025 15:38:17 America/Guatemala] verifySession: Sesión encontrada y válida para user_id: 2
[01-Oct-2025 15:38:17 America/Guatemala] verifySession: user_id: 2, session_token: c53020ffc4b74a7334b77612d58f87a8dad128f5dc96988b493b4096ec8061cb
[01-Oct-2025 15:38:17 America/Guatemala] verifySession: Query a ejecutar: SELECT id FROM sesiones_usuario 
                      WHERE token_sesion = :token 
                      AND usuario_id = :user_id 
                      AND activa = 1
[01-Oct-2025 15:38:17 America/Guatemala] verifySession: Query a ejecutar: SELECT id FROM sesiones_usuario 
                      WHERE token_sesion = 'c53020ffc4b74a7334b77612d58f87a8dad128f5dc96988b493b4096ec8061cb' 
                      AND usuario_id = 2 
                      AND activa = 1
[01-Oct-2025 15:38:17 America/Guatemala] verifySession: Ejecutando query con token: c53020ffc4b74a7334b77612d58f87a8dad128f5dc96988b493b4096ec8061cb y user_id: 2
[01-Oct-2025 15:38:17 America/Guatemala] verifySession: rowCount() después de ejecutar la query principal: 1
[01-Oct-2025 15:38:17 America/Guatemala] verifySession: Sesión encontrada y válida para user_id: 2
[01-Oct-2025 15:38:18 America/Guatemala] verifySession: user_id: 2, session_token: c53020ffc4b74a7334b77612d58f87a8dad128f5dc96988b493b4096ec8061cb
[01-Oct-2025 15:38:18 America/Guatemala] verifySession: Query a ejecutar: SELECT id FROM sesiones_usuario 
                      WHERE token_sesion = :token 
                      AND usuario_id = :user_id 
                      AND activa = 1
[01-Oct-2025 15:38:18 America/Guatemala] verifySession: Query a ejecutar: SELECT id FROM sesiones_usuario 
                      WHERE token_sesion = 'c53020ffc4b74a7334b77612d58f87a8dad128f5dc96988b493b4096ec8061cb' 
                      AND usuario_id = 2 
                      AND activa = 1
[01-Oct-2025 15:38:18 America/Guatemala] verifySession: Ejecutando query con token: c53020ffc4b74a7334b77612d58f87a8dad128f5dc96988b493b4096ec8061cb y user_id: 2
[01-Oct-2025 15:38:18 America/Guatemala] verifySession: rowCount() después de ejecutar la query principal: 1
[01-Oct-2025 15:38:18 America/Guatemala] verifySession: Sesión encontrada y válida para user_id: 2
[01-Oct-2025 15:38:18 America/Guatemala] Auth::hasPermission - User role: 'Administrador', Required role: 'Administrador'
[01-Oct-2025 15:40:28 America/Guatemala] verifySession: user_id: 2, session_token: c53020ffc4b74a7334b77612d58f87a8dad128f5dc96988b493b4096ec8061cb
[01-Oct-2025 15:40:28 America/Guatemala] verifySession: Query a ejecutar: SELECT id FROM sesiones_usuario 
                      WHERE token_sesion = :token 
                      AND usuario_id = :user_id 
                      AND activa = 1
[01-Oct-2025 15:40:28 America/Guatemala] verifySession: Query a ejecutar: SELECT id FROM sesiones_usuario 
                      WHERE token_sesion = 'c53020ffc4b74a7334b77612d58f87a8dad128f5dc96988b493b4096ec8061cb' 
                      AND usuario_id = 2 
                      AND activa = 1
[01-Oct-2025 15:40:28 America/Guatemala] verifySession: Ejecutando query con token: c53020ffc4b74a7334b77612d58f87a8dad128f5dc96988b493b4096ec8061cb y user_id: 2
[01-Oct-2025 15:40:28 America/Guatemala] verifySession: rowCount() después de ejecutar la query principal: 1
[01-Oct-2025 15:40:28 America/Guatemala] verifySession: Sesión encontrada y válida para user_id: 2
[01-Oct-2025 15:40:28 America/Guatemala] verifySession: user_id: 2, session_token: c53020ffc4b74a7334b77612d58f87a8dad128f5dc96988b493b4096ec8061cb
[01-Oct-2025 15:40:28 America/Guatemala] verifySession: Query a ejecutar: SELECT id FROM sesiones_usuario 
                      WHERE token_sesion = :token 
                      AND usuario_id = :user_id 
                      AND activa = 1
[01-Oct-2025 15:40:28 America/Guatemala] verifySession: Query a ejecutar: SELECT id FROM sesiones_usuario 
                      WHERE token_sesion = 'c53020ffc4b74a7334b77612d58f87a8dad128f5dc96988b493b4096ec8061cb' 
                      AND usuario_id = 2 
                      AND activa = 1
[01-Oct-2025 15:40:28 America/Guatemala] verifySession: Ejecutando query con token: c53020ffc4b74a7334b77612d58f87a8dad128f5dc96988b493b4096ec8061cb y user_id: 2
[01-Oct-2025 15:40:29 America/Guatemala] verifySession: rowCount() después de ejecutar la query principal: 1
[01-Oct-2025 15:40:29 America/Guatemala] verifySession: Sesión encontrada y válida para user_id: 2
[01-Oct-2025 15:40:29 America/Guatemala] verifySession: user_id: 2, session_token: c53020ffc4b74a7334b77612d58f87a8dad128f5dc96988b493b4096ec8061cb
[01-Oct-2025 15:40:29 America/Guatemala] verifySession: Query a ejecutar: SELECT id FROM sesiones_usuario 
                      WHERE token_sesion = :token 
                      AND usuario_id = :user_id 
                      AND activa = 1
[01-Oct-2025 15:40:29 America/Guatemala] verifySession: Query a ejecutar: SELECT id FROM sesiones_usuario 
                      WHERE token_sesion = 'c53020ffc4b74a7334b77612d58f87a8dad128f5dc96988b493b4096ec8061cb' 
                      AND usuario_id = 2 
                      AND activa = 1
[01-Oct-2025 15:40:29 America/Guatemala] verifySession: Ejecutando query con token: c53020ffc4b74a7334b77612d58f87a8dad128f5dc96988b493b4096ec8061cb y user_id: 2
[01-Oct-2025 15:40:29 America/Guatemala] verifySession: rowCount() después de ejecutar la query principal: 1
[01-Oct-2025 15:40:29 America/Guatemala] verifySession: Sesión encontrada y válida para user_id: 2
[01-Oct-2025 15:40:29 America/Guatemala] Auth::hasPermission - User role: 'Administrador', Required role: 'Administrador'
[01-Oct-2025 15:40:39 America/Guatemala] verifySession: user_id: 2, session_token: c53020ffc4b74a7334b77612d58f87a8dad128f5dc96988b493b4096ec8061cb
[01-Oct-2025 15:40:39 America/Guatemala] verifySession: Query a ejecutar: SELECT id FROM sesiones_usuario 
                      WHERE token_sesion = :token 
                      AND usuario_id = :user_id 
                      AND activa = 1
[01-Oct-2025 15:40:39 America/Guatemala] verifySession: Query a ejecutar: SELECT id FROM sesiones_usuario 
                      WHERE token_sesion = 'c53020ffc4b74a7334b77612d58f87a8dad128f5dc96988b493b4096ec8061cb' 
                      AND usuario_id = 2 
                      AND activa = 1
[01-Oct-2025 15:40:39 America/Guatemala] verifySession: Ejecutando query con token: c53020ffc4b74a7334b77612d58f87a8dad128f5dc96988b493b4096ec8061cb y user_id: 2
[01-Oct-2025 15:40:39 America/Guatemala] verifySession: rowCount() después de ejecutar la query principal: 1
[01-Oct-2025 15:40:39 America/Guatemala] verifySession: Sesión encontrada y válida para user_id: 2
[01-Oct-2025 15:40:39 America/Guatemala] verifySession: user_id: 2, session_token: c53020ffc4b74a7334b77612d58f87a8dad128f5dc96988b493b4096ec8061cb
[01-Oct-2025 15:40:39 America/Guatemala] verifySession: Query a ejecutar: SELECT id FROM sesiones_usuario 
                      WHERE token_sesion = :token 
                      AND usuario_id = :user_id 
                      AND activa = 1
[01-Oct-2025 15:40:39 America/Guatemala] verifySession: Query a ejecutar: SELECT id FROM sesiones_usuario 
                      WHERE token_sesion = 'c53020ffc4b74a7334b77612d58f87a8dad128f5dc96988b493b4096ec8061cb' 
                      AND usuario_id = 2 
                      AND activa = 1
[01-Oct-2025 15:40:39 America/Guatemala] verifySession: Ejecutando query con token: c53020ffc4b74a7334b77612d58f87a8dad128f5dc96988b493b4096ec8061cb y user_id: 2
[01-Oct-2025 15:40:39 America/Guatemala] verifySession: rowCount() después de ejecutar la query principal: 1
[01-Oct-2025 15:40:39 America/Guatemala] verifySession: Sesión encontrada y válida para user_id: 2
[01-Oct-2025 15:40:40 America/Guatemala] verifySession: user_id: 2, session_token: c53020ffc4b74a7334b77612d58f87a8dad128f5dc96988b493b4096ec8061cb
[01-Oct-2025 15:40:40 America/Guatemala] verifySession: Query a ejecutar: SELECT id FROM sesiones_usuario 
                      WHERE token_sesion = :token 
                      AND usuario_id = :user_id 
                      AND activa = 1
[01-Oct-2025 15:40:40 America/Guatemala] verifySession: Query a ejecutar: SELECT id FROM sesiones_usuario 
                      WHERE token_sesion = 'c53020ffc4b74a7334b77612d58f87a8dad128f5dc96988b493b4096ec8061cb' 
                      AND usuario_id = 2 
                      AND activa = 1
[01-Oct-2025 15:40:40 America/Guatemala] verifySession: Ejecutando query con token: c53020ffc4b74a7334b77612d58f87a8dad128f5dc96988b493b4096ec8061cb y user_id: 2
[01-Oct-2025 15:40:40 America/Guatemala] verifySession: rowCount() después de ejecutar la query principal: 1
[01-Oct-2025 15:40:40 America/Guatemala] verifySession: Sesión encontrada y válida para user_id: 2
[01-Oct-2025 15:40:40 America/Guatemala] Auth::hasPermission - User role: 'Administrador', Required role: 'Administrador'
[01-Oct-2025 15:40:41 America/Guatemala] verifySession: user_id: 2, session_token: c53020ffc4b74a7334b77612d58f87a8dad128f5dc96988b493b4096ec8061cb
[01-Oct-2025 15:40:41 America/Guatemala] verifySession: Query a ejecutar: SELECT id FROM sesiones_usuario 
                      WHERE token_sesion = :token 
                      AND usuario_id = :user_id 
                      AND activa = 1
[01-Oct-2025 15:40:42 America/Guatemala] verifySession: Query a ejecutar: SELECT id FROM sesiones_usuario 
                      WHERE token_sesion = 'c53020ffc4b74a7334b77612d58f87a8dad128f5dc96988b493b4096ec8061cb' 
                      AND usuario_id = 2 
                      AND activa = 1
[01-Oct-2025 15:40:42 America/Guatemala] verifySession: Ejecutando query con token: c53020ffc4b74a7334b77612d58f87a8dad128f5dc96988b493b4096ec8061cb y user_id: 2
[01-Oct-2025 15:40:42 America/Guatemala] verifySession: rowCount() después de ejecutar la query principal: 1
[01-Oct-2025 15:40:42 America/Guatemala] verifySession: Sesión encontrada y válida para user_id: 2
[01-Oct-2025 15:40:57 America/Guatemala] verifySession: user_id: 2, session_token: c53020ffc4b74a7334b77612d58f87a8dad128f5dc96988b493b4096ec8061cb
[01-Oct-2025 15:40:57 America/Guatemala] verifySession: Query a ejecutar: SELECT id FROM sesiones_usuario 
                      WHERE token_sesion = :token 
                      AND usuario_id = :user_id 
                      AND activa = 1
[01-Oct-2025 15:40:57 America/Guatemala] verifySession: Query a ejecutar: SELECT id FROM sesiones_usuario 
                      WHERE token_sesion = 'c53020ffc4b74a7334b77612d58f87a8dad128f5dc96988b493b4096ec8061cb' 
                      AND usuario_id = 2 
                      AND activa = 1
[01-Oct-2025 15:40:57 America/Guatemala] verifySession: Ejecutando query con token: c53020ffc4b74a7334b77612d58f87a8dad128f5dc96988b493b4096ec8061cb y user_id: 2
[01-Oct-2025 15:40:57 America/Guatemala] verifySession: rowCount() después de ejecutar la query principal: 1
[01-Oct-2025 15:40:57 America/Guatemala] verifySession: Sesión encontrada y válida para user_id: 2
[01-Oct-2025 15:41:11 America/Guatemala] verifySession: user_id: 2, session_token: c53020ffc4b74a7334b77612d58f87a8dad128f5dc96988b493b4096ec8061cb
[01-Oct-2025 15:41:11 America/Guatemala] verifySession: Query a ejecutar: SELECT id FROM sesiones_usuario 
                      WHERE token_sesion = :token 
                      AND usuario_id = :user_id 
                      AND activa = 1
[01-Oct-2025 15:41:11 America/Guatemala] verifySession: Query a ejecutar: SELECT id FROM sesiones_usuario 
                      WHERE token_sesion = 'c53020ffc4b74a7334b77612d58f87a8dad128f5dc96988b493b4096ec8061cb' 
                      AND usuario_id = 2 
                      AND activa = 1
[01-Oct-2025 15:41:11 America/Guatemala] verifySession: Ejecutando query con token: c53020ffc4b74a7334b77612d58f87a8dad128f5dc96988b493b4096ec8061cb y user_id: 2
[01-Oct-2025 15:41:11 America/Guatemala] verifySession: rowCount() después de ejecutar la query principal: 1
[01-Oct-2025 15:41:11 America/Guatemala] verifySession: Sesión encontrada y válida para user_id: 2
[01-Oct-2025 15:45:54 America/Guatemala] verifySession: user_id: 2, session_token: c53020ffc4b74a7334b77612d58f87a8dad128f5dc96988b493b4096ec8061cb
[01-Oct-2025 15:45:54 America/Guatemala] verifySession: Query a ejecutar: SELECT id FROM sesiones_usuario 
                      WHERE token_sesion = :token 
                      AND usuario_id = :user_id 
                      AND activa = 1
[01-Oct-2025 15:45:54 America/Guatemala] verifySession: Query a ejecutar: SELECT id FROM sesiones_usuario 
                      WHERE token_sesion = 'c53020ffc4b74a7334b77612d58f87a8dad128f5dc96988b493b4096ec8061cb' 
                      AND usuario_id = 2 
                      AND activa = 1
[01-Oct-2025 15:45:54 America/Guatemala] verifySession: Ejecutando query con token: c53020ffc4b74a7334b77612d58f87a8dad128f5dc96988b493b4096ec8061cb y user_id: 2
[01-Oct-2025 15:45:54 America/Guatemala] verifySession: rowCount() después de ejecutar la query principal: 1
[01-Oct-2025 15:45:55 America/Guatemala] verifySession: Sesión encontrada y válida para user_id: 2
[01-Oct-2025 15:45:59 America/Guatemala] verifySession: user_id: 2, session_token: c53020ffc4b74a7334b77612d58f87a8dad128f5dc96988b493b4096ec8061cb
[01-Oct-2025 15:45:59 America/Guatemala] verifySession: Query a ejecutar: SELECT id FROM sesiones_usuario 
                      WHERE token_sesion = :token 
                      AND usuario_id = :user_id 
                      AND activa = 1
[01-Oct-2025 15:45:59 America/Guatemala] verifySession: Query a ejecutar: SELECT id FROM sesiones_usuario 
                      WHERE token_sesion = 'c53020ffc4b74a7334b77612d58f87a8dad128f5dc96988b493b4096ec8061cb' 
                      AND usuario_id = 2 
                      AND activa = 1
[01-Oct-2025 15:45:59 America/Guatemala] verifySession: Ejecutando query con token: c53020ffc4b74a7334b77612d58f87a8dad128f5dc96988b493b4096ec8061cb y user_id: 2
[01-Oct-2025 15:45:59 America/Guatemala] verifySession: rowCount() después de ejecutar la query principal: 1
[01-Oct-2025 15:45:59 America/Guatemala] verifySession: Sesión encontrada y válida para user_id: 2
[01-Oct-2025 15:45:59 America/Guatemala] verifySession: user_id: 2, session_token: c53020ffc4b74a7334b77612d58f87a8dad128f5dc96988b493b4096ec8061cb
[01-Oct-2025 15:45:59 America/Guatemala] verifySession: Query a ejecutar: SELECT id FROM sesiones_usuario 
                      WHERE token_sesion = :token 
                      AND usuario_id = :user_id 
                      AND activa = 1
[01-Oct-2025 15:45:59 America/Guatemala] verifySession: Query a ejecutar: SELECT id FROM sesiones_usuario 
                      WHERE token_sesion = 'c53020ffc4b74a7334b77612d58f87a8dad128f5dc96988b493b4096ec8061cb' 
                      AND usuario_id = 2 
                      AND activa = 1
[01-Oct-2025 15:45:59 America/Guatemala] verifySession: Ejecutando query con token: c53020ffc4b74a7334b77612d58f87a8dad128f5dc96988b493b4096ec8061cb y user_id: 2
[01-Oct-2025 15:45:59 America/Guatemala] verifySession: rowCount() después de ejecutar la query principal: 1
[01-Oct-2025 15:45:59 America/Guatemala] verifySession: Sesión encontrada y válida para user_id: 2
[01-Oct-2025 15:46:00 America/Guatemala] verifySession: user_id: 2, session_token: c53020ffc4b74a7334b77612d58f87a8dad128f5dc96988b493b4096ec8061cb
[01-Oct-2025 15:46:00 America/Guatemala] verifySession: Query a ejecutar: SELECT id FROM sesiones_usuario 
                      WHERE token_sesion = :token 
                      AND usuario_id = :user_id 
                      AND activa = 1
[01-Oct-2025 15:46:00 America/Guatemala] verifySession: Query a ejecutar: SELECT id FROM sesiones_usuario 
                      WHERE token_sesion = 'c53020ffc4b74a7334b77612d58f87a8dad128f5dc96988b493b4096ec8061cb' 
                      AND usuario_id = 2 
                      AND activa = 1
[01-Oct-2025 15:46:00 America/Guatemala] verifySession: Ejecutando query con token: c53020ffc4b74a7334b77612d58f87a8dad128f5dc96988b493b4096ec8061cb y user_id: 2
[01-Oct-2025 15:46:00 America/Guatemala] verifySession: rowCount() después de ejecutar la query principal: 1
[01-Oct-2025 15:46:00 America/Guatemala] verifySession: Sesión encontrada y válida para user_id: 2
[01-Oct-2025 15:46:00 America/Guatemala] Auth::hasPermission - User role: 'Administrador', Required role: 'Administrador'
[01-Oct-2025 15:46:16 America/Guatemala] verifySession: user_id: 2, session_token: c53020ffc4b74a7334b77612d58f87a8dad128f5dc96988b493b4096ec8061cb
[01-Oct-2025 15:46:16 America/Guatemala] verifySession: Query a ejecutar: SELECT id FROM sesiones_usuario 
                      WHERE token_sesion = :token 
                      AND usuario_id = :user_id 
                      AND activa = 1
[01-Oct-2025 15:46:17 America/Guatemala] verifySession: Query a ejecutar: SELECT id FROM sesiones_usuario 
                      WHERE token_sesion = 'c53020ffc4b74a7334b77612d58f87a8dad128f5dc96988b493b4096ec8061cb' 
                      AND usuario_id = 2 
                      AND activa = 1
[01-Oct-2025 15:46:17 America/Guatemala] verifySession: Ejecutando query con token: c53020ffc4b74a7334b77612d58f87a8dad128f5dc96988b493b4096ec8061cb y user_id: 2
[01-Oct-2025 15:46:17 America/Guatemala] verifySession: rowCount() después de ejecutar la query principal: 1
[01-Oct-2025 15:46:17 America/Guatemala] verifySession: Sesión encontrada y válida para user_id: 2
[01-Oct-2025 15:46:17 America/Guatemala] verifySession: user_id: 2, session_token: c53020ffc4b74a7334b77612d58f87a8dad128f5dc96988b493b4096ec8061cb
[01-Oct-2025 15:46:17 America/Guatemala] verifySession: Query a ejecutar: SELECT id FROM sesiones_usuario 
                      WHERE token_sesion = :token 
                      AND usuario_id = :user_id 
                      AND activa = 1
[01-Oct-2025 15:46:17 America/Guatemala] verifySession: Query a ejecutar: SELECT id FROM sesiones_usuario 
                      WHERE token_sesion = 'c53020ffc4b74a7334b77612d58f87a8dad128f5dc96988b493b4096ec8061cb' 
                      AND usuario_id = 2 
                      AND activa = 1
[01-Oct-2025 15:46:17 America/Guatemala] verifySession: Ejecutando query con token: c53020ffc4b74a7334b77612d58f87a8dad128f5dc96988b493b4096ec8061cb y user_id: 2
[01-Oct-2025 15:46:17 America/Guatemala] verifySession: rowCount() después de ejecutar la query principal: 1
[01-Oct-2025 15:46:17 America/Guatemala] verifySession: Sesión encontrada y válida para user_id: 2
[01-Oct-2025 15:46:17 America/Guatemala] verifySession: user_id: 2, session_token: c53020ffc4b74a7334b77612d58f87a8dad128f5dc96988b493b4096ec8061cb
[01-Oct-2025 15:46:17 America/Guatemala] verifySession: Query a ejecutar: SELECT id FROM sesiones_usuario 
                      WHERE token_sesion = :token 
                      AND usuario_id = :user_id 
                      AND activa = 1
[01-Oct-2025 15:46:17 America/Guatemala] verifySession: Query a ejecutar: SELECT id FROM sesiones_usuario 
                      WHERE token_sesion = 'c53020ffc4b74a7334b77612d58f87a8dad128f5dc96988b493b4096ec8061cb' 
                      AND usuario_id = 2 
                      AND activa = 1
[01-Oct-2025 15:46:17 America/Guatemala] verifySession: Ejecutando query con token: c53020ffc4b74a7334b77612d58f87a8dad128f5dc96988b493b4096ec8061cb y user_id: 2
[01-Oct-2025 15:46:17 America/Guatemala] verifySession: rowCount() después de ejecutar la query principal: 1
[01-Oct-2025 15:46:17 America/Guatemala] verifySession: Sesión encontrada y válida para user_id: 2
[01-Oct-2025 15:46:18 America/Guatemala] Auth::hasPermission - User role: 'Administrador', Required role: 'Administrador'
[01-Oct-2025 15:46:20 America/Guatemala] verifySession: user_id: 2, session_token: c53020ffc4b74a7334b77612d58f87a8dad128f5dc96988b493b4096ec8061cb
[01-Oct-2025 15:46:20 America/Guatemala] verifySession: Query a ejecutar: SELECT id FROM sesiones_usuario 
                      WHERE token_sesion = :token 
                      AND usuario_id = :user_id 
                      AND activa = 1
[01-Oct-2025 15:46:21 America/Guatemala] verifySession: Query a ejecutar: SELECT id FROM sesiones_usuario 
                      WHERE token_sesion = 'c53020ffc4b74a7334b77612d58f87a8dad128f5dc96988b493b4096ec8061cb' 
                      AND usuario_id = 2 
                      AND activa = 1
[01-Oct-2025 15:46:21 America/Guatemala] verifySession: Ejecutando query con token: c53020ffc4b74a7334b77612d58f87a8dad128f5dc96988b493b4096ec8061cb y user_id: 2
[01-Oct-2025 15:46:21 America/Guatemala] verifySession: rowCount() después de ejecutar la query principal: 1
[01-Oct-2025 15:46:21 America/Guatemala] verifySession: Sesión encontrada y válida para user_id: 2
[01-Oct-2025 15:46:21 America/Guatemala] verifySession: user_id: 2, session_token: c53020ffc4b74a7334b77612d58f87a8dad128f5dc96988b493b4096ec8061cb
[01-Oct-2025 15:46:21 America/Guatemala] verifySession: Query a ejecutar: SELECT id FROM sesiones_usuario 
                      WHERE token_sesion = :token 
                      AND usuario_id = :user_id 
                      AND activa = 1
[01-Oct-2025 15:46:21 America/Guatemala] verifySession: Query a ejecutar: SELECT id FROM sesiones_usuario 
                      WHERE token_sesion = 'c53020ffc4b74a7334b77612d58f87a8dad128f5dc96988b493b4096ec8061cb' 
                      AND usuario_id = 2 
                      AND activa = 1
[01-Oct-2025 15:46:21 America/Guatemala] verifySession: Ejecutando query con token: c53020ffc4b74a7334b77612d58f87a8dad128f5dc96988b493b4096ec8061cb y user_id: 2
[01-Oct-2025 15:46:21 America/Guatemala] verifySession: rowCount() después de ejecutar la query principal: 1
[01-Oct-2025 15:46:21 America/Guatemala] verifySession: Sesión encontrada y válida para user_id: 2
[01-Oct-2025 15:46:21 America/Guatemala] verifySession: user_id: 2, session_token: c53020ffc4b74a7334b77612d58f87a8dad128f5dc96988b493b4096ec8061cb
[01-Oct-2025 15:46:21 America/Guatemala] verifySession: Query a ejecutar: SELECT id FROM sesiones_usuario 
                      WHERE token_sesion = :token 
                      AND usuario_id = :user_id 
                      AND activa = 1
[01-Oct-2025 15:46:21 America/Guatemala] verifySession: Query a ejecutar: SELECT id FROM sesiones_usuario 
                      WHERE token_sesion = 'c53020ffc4b74a7334b77612d58f87a8dad128f5dc96988b493b4096ec8061cb' 
                      AND usuario_id = 2 
                      AND activa = 1
[01-Oct-2025 15:46:21 America/Guatemala] verifySession: Ejecutando query con token: c53020ffc4b74a7334b77612d58f87a8dad128f5dc96988b493b4096ec8061cb y user_id: 2
[01-Oct-2025 15:46:21 America/Guatemala] verifySession: rowCount() después de ejecutar la query principal: 1
[01-Oct-2025 15:46:21 America/Guatemala] verifySession: Sesión encontrada y válida para user_id: 2
[01-Oct-2025 15:46:22 America/Guatemala] Auth::hasPermission - User role: 'Administrador', Required role: 'Administrador'
[01-Oct-2025 15:46:24 America/Guatemala] verifySession: user_id: 2, session_token: c53020ffc4b74a7334b77612d58f87a8dad128f5dc96988b493b4096ec8061cb
[01-Oct-2025 15:46:24 America/Guatemala] verifySession: Query a ejecutar: SELECT id FROM sesiones_usuario 
                      WHERE token_sesion = :token 
                      AND usuario_id = :user_id 
                      AND activa = 1
[01-Oct-2025 15:46:25 America/Guatemala] verifySession: Query a ejecutar: SELECT id FROM sesiones_usuario 
                      WHERE token_sesion = 'c53020ffc4b74a7334b77612d58f87a8dad128f5dc96988b493b4096ec8061cb' 
                      AND usuario_id = 2 
                      AND activa = 1
[01-Oct-2025 15:46:25 America/Guatemala] verifySession: Ejecutando query con token: c53020ffc4b74a7334b77612d58f87a8dad128f5dc96988b493b4096ec8061cb y user_id: 2
[01-Oct-2025 15:46:25 America/Guatemala] verifySession: rowCount() después de ejecutar la query principal: 1
[01-Oct-2025 15:46:25 America/Guatemala] verifySession: Sesión encontrada y válida para user_id: 2
[01-Oct-2025 15:46:25 America/Guatemala] verifySession: user_id: 2, session_token: c53020ffc4b74a7334b77612d58f87a8dad128f5dc96988b493b4096ec8061cb
[01-Oct-2025 15:46:25 America/Guatemala] verifySession: Query a ejecutar: SELECT id FROM sesiones_usuario 
                      WHERE token_sesion = :token 
                      AND usuario_id = :user_id 
                      AND activa = 1
[01-Oct-2025 15:46:25 America/Guatemala] verifySession: Query a ejecutar: SELECT id FROM sesiones_usuario 
                      WHERE token_sesion = 'c53020ffc4b74a7334b77612d58f87a8dad128f5dc96988b493b4096ec8061cb' 
                      AND usuario_id = 2 
                      AND activa = 1
[01-Oct-2025 15:46:25 America/Guatemala] verifySession: Ejecutando query con token: c53020ffc4b74a7334b77612d58f87a8dad128f5dc96988b493b4096ec8061cb y user_id: 2
[01-Oct-2025 15:46:25 America/Guatemala] verifySession: rowCount() después de ejecutar la query principal: 1
[01-Oct-2025 15:46:25 America/Guatemala] verifySession: Sesión encontrada y válida para user_id: 2
[01-Oct-2025 15:46:25 America/Guatemala] verifySession: user_id: 2, session_token: c53020ffc4b74a7334b77612d58f87a8dad128f5dc96988b493b4096ec8061cb
[01-Oct-2025 15:46:25 America/Guatemala] verifySession: Query a ejecutar: SELECT id FROM sesiones_usuario 
                      WHERE token_sesion = :token 
                      AND usuario_id = :user_id 
                      AND activa = 1
[01-Oct-2025 15:46:25 America/Guatemala] verifySession: Query a ejecutar: SELECT id FROM sesiones_usuario 
                      WHERE token_sesion = 'c53020ffc4b74a7334b77612d58f87a8dad128f5dc96988b493b4096ec8061cb' 
                      AND usuario_id = 2 
                      AND activa = 1
[01-Oct-2025 15:46:25 America/Guatemala] verifySession: Ejecutando query con token: c53020ffc4b74a7334b77612d58f87a8dad128f5dc96988b493b4096ec8061cb y user_id: 2
[01-Oct-2025 15:46:25 America/Guatemala] verifySession: rowCount() después de ejecutar la query principal: 1
[01-Oct-2025 15:46:25 America/Guatemala] verifySession: Sesión encontrada y válida para user_id: 2
[01-Oct-2025 15:46:26 America/Guatemala] Auth::hasPermission - User role: 'Administrador', Required role: 'Administrador'
[01-Oct-2025 15:50:47 America/Guatemala] verifySession: user_id: 2, session_token: c53020ffc4b74a7334b77612d58f87a8dad128f5dc96988b493b4096ec8061cb
[01-Oct-2025 15:50:47 America/Guatemala] verifySession: Query a ejecutar: SELECT id FROM sesiones_usuario 
                      WHERE token_sesion = :token 
                      AND usuario_id = :user_id 
                      AND activa = 1
[01-Oct-2025 15:50:47 America/Guatemala] verifySession: Query a ejecutar: SELECT id FROM sesiones_usuario 
                      WHERE token_sesion = 'c53020ffc4b74a7334b77612d58f87a8dad128f5dc96988b493b4096ec8061cb' 
                      AND usuario_id = 2 
                      AND activa = 1
[01-Oct-2025 15:50:47 America/Guatemala] verifySession: Ejecutando query con token: c53020ffc4b74a7334b77612d58f87a8dad128f5dc96988b493b4096ec8061cb y user_id: 2
[01-Oct-2025 15:50:47 America/Guatemala] verifySession: rowCount() después de ejecutar la query principal: 1
[01-Oct-2025 15:50:47 America/Guatemala] verifySession: Sesión encontrada y válida para user_id: 2
[01-Oct-2025 15:50:47 America/Guatemala] verifySession: user_id: 2, session_token: c53020ffc4b74a7334b77612d58f87a8dad128f5dc96988b493b4096ec8061cb
[01-Oct-2025 15:50:47 America/Guatemala] verifySession: Query a ejecutar: SELECT id FROM sesiones_usuario 
                      WHERE token_sesion = :token 
                      AND usuario_id = :user_id 
                      AND activa = 1
[01-Oct-2025 15:50:47 America/Guatemala] verifySession: Query a ejecutar: SELECT id FROM sesiones_usuario 
                      WHERE token_sesion = 'c53020ffc4b74a7334b77612d58f87a8dad128f5dc96988b493b4096ec8061cb' 
                      AND usuario_id = 2 
                      AND activa = 1
[01-Oct-2025 15:50:47 America/Guatemala] verifySession: Ejecutando query con token: c53020ffc4b74a7334b77612d58f87a8dad128f5dc96988b493b4096ec8061cb y user_id: 2
[01-Oct-2025 15:50:47 America/Guatemala] verifySession: rowCount() después de ejecutar la query principal: 1
[01-Oct-2025 15:50:47 America/Guatemala] verifySession: Sesión encontrada y válida para user_id: 2
[01-Oct-2025 15:50:48 America/Guatemala] verifySession: user_id: 2, session_token: c53020ffc4b74a7334b77612d58f87a8dad128f5dc96988b493b4096ec8061cb
[01-Oct-2025 15:50:48 America/Guatemala] verifySession: Query a ejecutar: SELECT id FROM sesiones_usuario 
                      WHERE token_sesion = :token 
                      AND usuario_id = :user_id 
                      AND activa = 1
[01-Oct-2025 15:50:48 America/Guatemala] verifySession: Query a ejecutar: SELECT id FROM sesiones_usuario 
                      WHERE token_sesion = 'c53020ffc4b74a7334b77612d58f87a8dad128f5dc96988b493b4096ec8061cb' 
                      AND usuario_id = 2 
                      AND activa = 1
[01-Oct-2025 15:50:48 America/Guatemala] verifySession: Ejecutando query con token: c53020ffc4b74a7334b77612d58f87a8dad128f5dc96988b493b4096ec8061cb y user_id: 2
[01-Oct-2025 15:50:48 America/Guatemala] verifySession: rowCount() después de ejecutar la query principal: 1
[01-Oct-2025 15:50:48 America/Guatemala] verifySession: Sesión encontrada y válida para user_id: 2
[01-Oct-2025 15:50:48 America/Guatemala] Auth::hasPermission - User role: 'Administrador', Required role: 'Administrador'
[01-Oct-2025 15:55:34 America/Guatemala] verifySession: user_id: 2, session_token: c53020ffc4b74a7334b77612d58f87a8dad128f5dc96988b493b4096ec8061cb
[01-Oct-2025 15:55:34 America/Guatemala] verifySession: Query a ejecutar: SELECT id FROM sesiones_usuario 
                      WHERE token_sesion = :token 
                      AND usuario_id = :user_id 
                      AND activa = 1
[01-Oct-2025 15:55:35 America/Guatemala] verifySession: Query a ejecutar: SELECT id FROM sesiones_usuario 
                      WHERE token_sesion = 'c53020ffc4b74a7334b77612d58f87a8dad128f5dc96988b493b4096ec8061cb' 
                      AND usuario_id = 2 
                      AND activa = 1
[01-Oct-2025 15:55:35 America/Guatemala] verifySession: Ejecutando query con token: c53020ffc4b74a7334b77612d58f87a8dad128f5dc96988b493b4096ec8061cb y user_id: 2
[01-Oct-2025 15:55:35 America/Guatemala] verifySession: rowCount() después de ejecutar la query principal: 1
[01-Oct-2025 15:55:35 America/Guatemala] verifySession: Sesión encontrada y válida para user_id: 2
[01-Oct-2025 15:55:35 America/Guatemala] verifySession: user_id: 2, session_token: c53020ffc4b74a7334b77612d58f87a8dad128f5dc96988b493b4096ec8061cb
[01-Oct-2025 15:55:35 America/Guatemala] verifySession: Query a ejecutar: SELECT id FROM sesiones_usuario 
                      WHERE token_sesion = :token 
                      AND usuario_id = :user_id 
                      AND activa = 1
[01-Oct-2025 15:55:35 America/Guatemala] verifySession: Query a ejecutar: SELECT id FROM sesiones_usuario 
                      WHERE token_sesion = 'c53020ffc4b74a7334b77612d58f87a8dad128f5dc96988b493b4096ec8061cb' 
                      AND usuario_id = 2 
                      AND activa = 1
[01-Oct-2025 15:55:35 America/Guatemala] verifySession: Ejecutando query con token: c53020ffc4b74a7334b77612d58f87a8dad128f5dc96988b493b4096ec8061cb y user_id: 2
[01-Oct-2025 15:55:35 America/Guatemala] verifySession: rowCount() después de ejecutar la query principal: 1
[01-Oct-2025 15:55:35 America/Guatemala] verifySession: Sesión encontrada y válida para user_id: 2
[01-Oct-2025 15:55:35 America/Guatemala] verifySession: user_id: 2, session_token: c53020ffc4b74a7334b77612d58f87a8dad128f5dc96988b493b4096ec8061cb
[01-Oct-2025 15:55:35 America/Guatemala] verifySession: Query a ejecutar: SELECT id FROM sesiones_usuario 
                      WHERE token_sesion = :token 
                      AND usuario_id = :user_id 
                      AND activa = 1
[01-Oct-2025 15:55:35 America/Guatemala] verifySession: Query a ejecutar: SELECT id FROM sesiones_usuario 
                      WHERE token_sesion = 'c53020ffc4b74a7334b77612d58f87a8dad128f5dc96988b493b4096ec8061cb' 
                      AND usuario_id = 2 
                      AND activa = 1
[01-Oct-2025 15:55:35 America/Guatemala] verifySession: Ejecutando query con token: c53020ffc4b74a7334b77612d58f87a8dad128f5dc96988b493b4096ec8061cb y user_id: 2
[01-Oct-2025 15:55:36 America/Guatemala] verifySession: rowCount() después de ejecutar la query principal: 1
[01-Oct-2025 15:55:36 America/Guatemala] verifySession: Sesión encontrada y válida para user_id: 2
[01-Oct-2025 15:55:36 America/Guatemala] Auth::hasPermission - User role: 'Administrador', Required role: 'Administrador'
[01-Oct-2025 15:55:43 America/Guatemala] verifySession: user_id: 2, session_token: c53020ffc4b74a7334b77612d58f87a8dad128f5dc96988b493b4096ec8061cb
[01-Oct-2025 15:55:43 America/Guatemala] verifySession: Query a ejecutar: SELECT id FROM sesiones_usuario 
                      WHERE token_sesion = :token 
                      AND usuario_id = :user_id 
                      AND activa = 1
[01-Oct-2025 15:55:43 America/Guatemala] verifySession: Query a ejecutar: SELECT id FROM sesiones_usuario 
                      WHERE token_sesion = 'c53020ffc4b74a7334b77612d58f87a8dad128f5dc96988b493b4096ec8061cb' 
                      AND usuario_id = 2 
                      AND activa = 1
[01-Oct-2025 15:55:43 America/Guatemala] verifySession: Ejecutando query con token: c53020ffc4b74a7334b77612d58f87a8dad128f5dc96988b493b4096ec8061cb y user_id: 2
[01-Oct-2025 15:55:44 America/Guatemala] verifySession: rowCount() después de ejecutar la query principal: 1
[01-Oct-2025 15:55:44 America/Guatemala] verifySession: Sesión encontrada y válida para user_id: 2
[01-Oct-2025 15:55:44 America/Guatemala] verifySession: user_id: 2, session_token: c53020ffc4b74a7334b77612d58f87a8dad128f5dc96988b493b4096ec8061cb
[01-Oct-2025 15:55:44 America/Guatemala] verifySession: Query a ejecutar: SELECT id FROM sesiones_usuario 
                      WHERE token_sesion = :token 
                      AND usuario_id = :user_id 
                      AND activa = 1
[01-Oct-2025 15:55:44 America/Guatemala] verifySession: Query a ejecutar: SELECT id FROM sesiones_usuario 
                      WHERE token_sesion = 'c53020ffc4b74a7334b77612d58f87a8dad128f5dc96988b493b4096ec8061cb' 
                      AND usuario_id = 2 
                      AND activa = 1
[01-Oct-2025 15:55:44 America/Guatemala] verifySession: Ejecutando query con token: c53020ffc4b74a7334b77612d58f87a8dad128f5dc96988b493b4096ec8061cb y user_id: 2
[01-Oct-2025 15:55:44 America/Guatemala] verifySession: rowCount() después de ejecutar la query principal: 1
[01-Oct-2025 15:55:44 America/Guatemala] verifySession: Sesión encontrada y válida para user_id: 2
[01-Oct-2025 15:55:44 America/Guatemala] verifySession: user_id: 2, session_token: c53020ffc4b74a7334b77612d58f87a8dad128f5dc96988b493b4096ec8061cb
[01-Oct-2025 15:55:44 America/Guatemala] verifySession: Query a ejecutar: SELECT id FROM sesiones_usuario 
                      WHERE token_sesion = :token 
                      AND usuario_id = :user_id 
                      AND activa = 1
[01-Oct-2025 15:55:44 America/Guatemala] verifySession: Query a ejecutar: SELECT id FROM sesiones_usuario 
                      WHERE token_sesion = 'c53020ffc4b74a7334b77612d58f87a8dad128f5dc96988b493b4096ec8061cb' 
                      AND usuario_id = 2 
                      AND activa = 1
[01-Oct-2025 15:55:44 America/Guatemala] verifySession: Ejecutando query con token: c53020ffc4b74a7334b77612d58f87a8dad128f5dc96988b493b4096ec8061cb y user_id: 2
[01-Oct-2025 15:55:44 America/Guatemala] verifySession: rowCount() después de ejecutar la query principal: 1
[01-Oct-2025 15:55:44 America/Guatemala] verifySession: Sesión encontrada y válida para user_id: 2
[01-Oct-2025 15:55:45 America/Guatemala] Auth::hasPermission - User role: 'Administrador', Required role: 'Administrador'
[01-Oct-2025 15:55:50 America/Guatemala] verifySession: user_id: 2, session_token: c53020ffc4b74a7334b77612d58f87a8dad128f5dc96988b493b4096ec8061cb
[01-Oct-2025 15:55:50 America/Guatemala] verifySession: Query a ejecutar: SELECT id FROM sesiones_usuario 
                      WHERE token_sesion = :token 
                      AND usuario_id = :user_id 
                      AND activa = 1
[01-Oct-2025 15:55:50 America/Guatemala] verifySession: Query a ejecutar: SELECT id FROM sesiones_usuario 
                      WHERE token_sesion = 'c53020ffc4b74a7334b77612d58f87a8dad128f5dc96988b493b4096ec8061cb' 
                      AND usuario_id = 2 
                      AND activa = 1
[01-Oct-2025 15:55:50 America/Guatemala] verifySession: Ejecutando query con token: c53020ffc4b74a7334b77612d58f87a8dad128f5dc96988b493b4096ec8061cb y user_id: 2
[01-Oct-2025 15:55:50 America/Guatemala] verifySession: rowCount() después de ejecutar la query principal: 1
[01-Oct-2025 15:55:50 America/Guatemala] verifySession: Sesión encontrada y válida para user_id: 2
[01-Oct-2025 15:55:53 America/Guatemala] verifySession: user_id: 2, session_token: c53020ffc4b74a7334b77612d58f87a8dad128f5dc96988b493b4096ec8061cb
[01-Oct-2025 15:55:53 America/Guatemala] verifySession: Query a ejecutar: SELECT id FROM sesiones_usuario 
                      WHERE token_sesion = :token 
                      AND usuario_id = :user_id 
                      AND activa = 1
[01-Oct-2025 15:55:53 America/Guatemala] verifySession: Query a ejecutar: SELECT id FROM sesiones_usuario 
                      WHERE token_sesion = 'c53020ffc4b74a7334b77612d58f87a8dad128f5dc96988b493b4096ec8061cb' 
                      AND usuario_id = 2 
                      AND activa = 1
[01-Oct-2025 15:55:53 America/Guatemala] verifySession: Ejecutando query con token: c53020ffc4b74a7334b77612d58f87a8dad128f5dc96988b493b4096ec8061cb y user_id: 2
[01-Oct-2025 15:55:53 America/Guatemala] verifySession: rowCount() después de ejecutar la query principal: 1
[01-Oct-2025 15:55:53 America/Guatemala] verifySession: Sesión encontrada y válida para user_id: 2
[01-Oct-2025 15:55:53 America/Guatemala] verifySession: user_id: 2, session_token: c53020ffc4b74a7334b77612d58f87a8dad128f5dc96988b493b4096ec8061cb
[01-Oct-2025 15:55:53 America/Guatemala] verifySession: Query a ejecutar: SELECT id FROM sesiones_usuario 
                      WHERE token_sesion = :token 
                      AND usuario_id = :user_id 
                      AND activa = 1
[01-Oct-2025 15:55:53 America/Guatemala] verifySession: Query a ejecutar: SELECT id FROM sesiones_usuario 
                      WHERE token_sesion = 'c53020ffc4b74a7334b77612d58f87a8dad128f5dc96988b493b4096ec8061cb' 
                      AND usuario_id = 2 
                      AND activa = 1
[01-Oct-2025 15:55:53 America/Guatemala] verifySession: Ejecutando query con token: c53020ffc4b74a7334b77612d58f87a8dad128f5dc96988b493b4096ec8061cb y user_id: 2
[01-Oct-2025 15:55:53 America/Guatemala] verifySession: rowCount() después de ejecutar la query principal: 1
[01-Oct-2025 15:55:53 America/Guatemala] verifySession: Sesión encontrada y válida para user_id: 2
[01-Oct-2025 15:55:53 America/Guatemala] verifySession: user_id: 2, session_token: c53020ffc4b74a7334b77612d58f87a8dad128f5dc96988b493b4096ec8061cb
[01-Oct-2025 15:55:53 America/Guatemala] verifySession: Query a ejecutar: SELECT id FROM sesiones_usuario 
                      WHERE token_sesion = :token 
                      AND usuario_id = :user_id 
                      AND activa = 1
[01-Oct-2025 15:55:54 America/Guatemala] verifySession: Query a ejecutar: SELECT id FROM sesiones_usuario 
                      WHERE token_sesion = 'c53020ffc4b74a7334b77612d58f87a8dad128f5dc96988b493b4096ec8061cb' 
                      AND usuario_id = 2 
                      AND activa = 1
[01-Oct-2025 15:55:54 America/Guatemala] verifySession: Ejecutando query con token: c53020ffc4b74a7334b77612d58f87a8dad128f5dc96988b493b4096ec8061cb y user_id: 2
[01-Oct-2025 15:55:54 America/Guatemala] verifySession: rowCount() después de ejecutar la query principal: 1
[01-Oct-2025 15:55:54 America/Guatemala] verifySession: Sesión encontrada y válida para user_id: 2
[01-Oct-2025 15:55:54 America/Guatemala] Auth::hasPermission - User role: 'Administrador', Required role: 'Administrador'
[01-Oct-2025 16:00:56 America/Guatemala] verifySession: user_id: 2, session_token: c53020ffc4b74a7334b77612d58f87a8dad128f5dc96988b493b4096ec8061cb
[01-Oct-2025 16:00:56 America/Guatemala] verifySession: Query a ejecutar: SELECT id FROM sesiones_usuario 
                      WHERE token_sesion = :token 
                      AND usuario_id = :user_id 
                      AND activa = 1
[01-Oct-2025 16:00:56 America/Guatemala] verifySession: Query a ejecutar: SELECT id FROM sesiones_usuario 
                      WHERE token_sesion = 'c53020ffc4b74a7334b77612d58f87a8dad128f5dc96988b493b4096ec8061cb' 
                      AND usuario_id = 2 
                      AND activa = 1
[01-Oct-2025 16:00:56 America/Guatemala] verifySession: Ejecutando query con token: c53020ffc4b74a7334b77612d58f87a8dad128f5dc96988b493b4096ec8061cb y user_id: 2
[01-Oct-2025 16:00:56 America/Guatemala] verifySession: rowCount() después de ejecutar la query principal: 1
[01-Oct-2025 16:00:56 America/Guatemala] verifySession: Sesión encontrada y válida para user_id: 2
[01-Oct-2025 16:00:56 America/Guatemala] verifySession: user_id: 2, session_token: c53020ffc4b74a7334b77612d58f87a8dad128f5dc96988b493b4096ec8061cb
[01-Oct-2025 16:00:56 America/Guatemala] verifySession: Query a ejecutar: SELECT id FROM sesiones_usuario 
                      WHERE token_sesion = :token 
                      AND usuario_id = :user_id 
                      AND activa = 1
[01-Oct-2025 16:00:56 America/Guatemala] verifySession: Query a ejecutar: SELECT id FROM sesiones_usuario 
                      WHERE token_sesion = 'c53020ffc4b74a7334b77612d58f87a8dad128f5dc96988b493b4096ec8061cb' 
                      AND usuario_id = 2 
                      AND activa = 1
[01-Oct-2025 16:00:56 America/Guatemala] verifySession: Ejecutando query con token: c53020ffc4b74a7334b77612d58f87a8dad128f5dc96988b493b4096ec8061cb y user_id: 2
[01-Oct-2025 16:00:56 America/Guatemala] verifySession: rowCount() después de ejecutar la query principal: 1
[01-Oct-2025 16:00:56 America/Guatemala] verifySession: Sesión encontrada y válida para user_id: 2
[01-Oct-2025 16:00:57 America/Guatemala] verifySession: user_id: 2, session_token: c53020ffc4b74a7334b77612d58f87a8dad128f5dc96988b493b4096ec8061cb
[01-Oct-2025 16:00:57 America/Guatemala] verifySession: Query a ejecutar: SELECT id FROM sesiones_usuario 
                      WHERE token_sesion = :token 
                      AND usuario_id = :user_id 
                      AND activa = 1
[01-Oct-2025 16:00:57 America/Guatemala] verifySession: Query a ejecutar: SELECT id FROM sesiones_usuario 
                      WHERE token_sesion = 'c53020ffc4b74a7334b77612d58f87a8dad128f5dc96988b493b4096ec8061cb' 
                      AND usuario_id = 2 
                      AND activa = 1
[01-Oct-2025 16:00:57 America/Guatemala] verifySession: Ejecutando query con token: c53020ffc4b74a7334b77612d58f87a8dad128f5dc96988b493b4096ec8061cb y user_id: 2
[01-Oct-2025 16:00:57 America/Guatemala] verifySession: rowCount() después de ejecutar la query principal: 1
[01-Oct-2025 16:00:57 America/Guatemala] verifySession: Sesión encontrada y válida para user_id: 2
[01-Oct-2025 16:00:57 America/Guatemala] Auth::hasPermission - User role: 'Administrador', Required role: 'Administrador'
[01-Oct-2025 16:01:22 America/Guatemala] verifySession: user_id: 2, session_token: c53020ffc4b74a7334b77612d58f87a8dad128f5dc96988b493b4096ec8061cb
[01-Oct-2025 16:01:22 America/Guatemala] verifySession: Query a ejecutar: SELECT id FROM sesiones_usuario 
                      WHERE token_sesion = :token 
                      AND usuario_id = :user_id 
                      AND activa = 1
[01-Oct-2025 16:01:22 America/Guatemala] verifySession: Query a ejecutar: SELECT id FROM sesiones_usuario 
                      WHERE token_sesion = 'c53020ffc4b74a7334b77612d58f87a8dad128f5dc96988b493b4096ec8061cb' 
                      AND usuario_id = 2 
                      AND activa = 1
[01-Oct-2025 16:01:22 America/Guatemala] verifySession: Ejecutando query con token: c53020ffc4b74a7334b77612d58f87a8dad128f5dc96988b493b4096ec8061cb y user_id: 2
[01-Oct-2025 16:01:23 America/Guatemala] verifySession: rowCount() después de ejecutar la query principal: 1
[01-Oct-2025 16:01:23 America/Guatemala] verifySession: Sesión encontrada y válida para user_id: 2
[01-Oct-2025 16:01:23 America/Guatemala] verifySession: user_id: 2, session_token: c53020ffc4b74a7334b77612d58f87a8dad128f5dc96988b493b4096ec8061cb
[01-Oct-2025 16:01:23 America/Guatemala] verifySession: Query a ejecutar: SELECT id FROM sesiones_usuario 
                      WHERE token_sesion = :token 
                      AND usuario_id = :user_id 
                      AND activa = 1
[01-Oct-2025 16:01:23 America/Guatemala] verifySession: Query a ejecutar: SELECT id FROM sesiones_usuario 
                      WHERE token_sesion = 'c53020ffc4b74a7334b77612d58f87a8dad128f5dc96988b493b4096ec8061cb' 
                      AND usuario_id = 2 
                      AND activa = 1
[01-Oct-2025 16:01:23 America/Guatemala] verifySession: Ejecutando query con token: c53020ffc4b74a7334b77612d58f87a8dad128f5dc96988b493b4096ec8061cb y user_id: 2
[01-Oct-2025 16:01:23 America/Guatemala] verifySession: rowCount() después de ejecutar la query principal: 1
[01-Oct-2025 16:01:23 America/Guatemala] verifySession: Sesión encontrada y válida para user_id: 2
[01-Oct-2025 16:01:23 America/Guatemala] verifySession: user_id: 2, session_token: c53020ffc4b74a7334b77612d58f87a8dad128f5dc96988b493b4096ec8061cb
[01-Oct-2025 16:01:23 America/Guatemala] verifySession: Query a ejecutar: SELECT id FROM sesiones_usuario 
                      WHERE token_sesion = :token 
                      AND usuario_id = :user_id 
                      AND activa = 1
[01-Oct-2025 16:01:23 America/Guatemala] verifySession: Query a ejecutar: SELECT id FROM sesiones_usuario 
                      WHERE token_sesion = 'c53020ffc4b74a7334b77612d58f87a8dad128f5dc96988b493b4096ec8061cb' 
                      AND usuario_id = 2 
                      AND activa = 1
[01-Oct-2025 16:01:23 America/Guatemala] verifySession: Ejecutando query con token: c53020ffc4b74a7334b77612d58f87a8dad128f5dc96988b493b4096ec8061cb y user_id: 2
[01-Oct-2025 16:01:23 America/Guatemala] verifySession: rowCount() después de ejecutar la query principal: 1
[01-Oct-2025 16:01:23 America/Guatemala] verifySession: Sesión encontrada y válida para user_id: 2
[01-Oct-2025 16:01:24 America/Guatemala] Auth::hasPermission - User role: 'Administrador', Required role: 'Administrador'
[01-Oct-2025 16:01:50 America/Guatemala] verifySession: user_id: 2, session_token: c53020ffc4b74a7334b77612d58f87a8dad128f5dc96988b493b4096ec8061cb
[01-Oct-2025 16:01:50 America/Guatemala] verifySession: Query a ejecutar: SELECT id FROM sesiones_usuario 
                      WHERE token_sesion = :token 
                      AND usuario_id = :user_id 
                      AND activa = 1
[01-Oct-2025 16:01:50 America/Guatemala] verifySession: Query a ejecutar: SELECT id FROM sesiones_usuario 
                      WHERE token_sesion = 'c53020ffc4b74a7334b77612d58f87a8dad128f5dc96988b493b4096ec8061cb' 
                      AND usuario_id = 2 
                      AND activa = 1
[01-Oct-2025 16:01:50 America/Guatemala] verifySession: Ejecutando query con token: c53020ffc4b74a7334b77612d58f87a8dad128f5dc96988b493b4096ec8061cb y user_id: 2
[01-Oct-2025 16:01:51 America/Guatemala] verifySession: rowCount() después de ejecutar la query principal: 1
[01-Oct-2025 16:01:51 America/Guatemala] verifySession: Sesión encontrada y válida para user_id: 2
[01-Oct-2025 16:01:51 America/Guatemala] verifySession: user_id: 2, session_token: c53020ffc4b74a7334b77612d58f87a8dad128f5dc96988b493b4096ec8061cb
[01-Oct-2025 16:01:51 America/Guatemala] verifySession: Query a ejecutar: SELECT id FROM sesiones_usuario 
                      WHERE token_sesion = :token 
                      AND usuario_id = :user_id 
                      AND activa = 1
[01-Oct-2025 16:01:51 America/Guatemala] verifySession: Query a ejecutar: SELECT id FROM sesiones_usuario 
                      WHERE token_sesion = 'c53020ffc4b74a7334b77612d58f87a8dad128f5dc96988b493b4096ec8061cb' 
                      AND usuario_id = 2 
                      AND activa = 1
[01-Oct-2025 16:01:51 America/Guatemala] verifySession: Ejecutando query con token: c53020ffc4b74a7334b77612d58f87a8dad128f5dc96988b493b4096ec8061cb y user_id: 2
[01-Oct-2025 16:01:51 America/Guatemala] verifySession: rowCount() después de ejecutar la query principal: 1
[01-Oct-2025 16:01:51 America/Guatemala] verifySession: Sesión encontrada y válida para user_id: 2
[01-Oct-2025 16:01:51 America/Guatemala] verifySession: user_id: 2, session_token: c53020ffc4b74a7334b77612d58f87a8dad128f5dc96988b493b4096ec8061cb
[01-Oct-2025 16:01:51 America/Guatemala] verifySession: Query a ejecutar: SELECT id FROM sesiones_usuario 
                      WHERE token_sesion = :token 
                      AND usuario_id = :user_id 
                      AND activa = 1
[01-Oct-2025 16:01:51 America/Guatemala] verifySession: Query a ejecutar: SELECT id FROM sesiones_usuario 
                      WHERE token_sesion = 'c53020ffc4b74a7334b77612d58f87a8dad128f5dc96988b493b4096ec8061cb' 
                      AND usuario_id = 2 
                      AND activa = 1
[01-Oct-2025 16:01:51 America/Guatemala] verifySession: Ejecutando query con token: c53020ffc4b74a7334b77612d58f87a8dad128f5dc96988b493b4096ec8061cb y user_id: 2
[01-Oct-2025 16:01:51 America/Guatemala] verifySession: rowCount() después de ejecutar la query principal: 1
[01-Oct-2025 16:01:51 America/Guatemala] verifySession: Sesión encontrada y válida para user_id: 2
[01-Oct-2025 16:01:52 America/Guatemala] Auth::hasPermission - User role: 'Administrador', Required role: 'Administrador'
[01-Oct-2025 16:02:06 America/Guatemala] verifySession: user_id: 2, session_token: c53020ffc4b74a7334b77612d58f87a8dad128f5dc96988b493b4096ec8061cb
[01-Oct-2025 16:02:06 America/Guatemala] verifySession: Query a ejecutar: SELECT id FROM sesiones_usuario 
                      WHERE token_sesion = :token 
                      AND usuario_id = :user_id 
                      AND activa = 1
[01-Oct-2025 16:02:06 America/Guatemala] verifySession: Query a ejecutar: SELECT id FROM sesiones_usuario 
                      WHERE token_sesion = 'c53020ffc4b74a7334b77612d58f87a8dad128f5dc96988b493b4096ec8061cb' 
                      AND usuario_id = 2 
                      AND activa = 1
[01-Oct-2025 16:02:06 America/Guatemala] verifySession: Ejecutando query con token: c53020ffc4b74a7334b77612d58f87a8dad128f5dc96988b493b4096ec8061cb y user_id: 2
[01-Oct-2025 16:02:06 America/Guatemala] verifySession: rowCount() después de ejecutar la query principal: 1
[01-Oct-2025 16:02:06 America/Guatemala] verifySession: Sesión encontrada y válida para user_id: 2
[01-Oct-2025 16:02:06 America/Guatemala] verifySession: user_id: 2, session_token: c53020ffc4b74a7334b77612d58f87a8dad128f5dc96988b493b4096ec8061cb
[01-Oct-2025 16:02:06 America/Guatemala] verifySession: Query a ejecutar: SELECT id FROM sesiones_usuario 
                      WHERE token_sesion = :token 
                      AND usuario_id = :user_id 
                      AND activa = 1
[01-Oct-2025 16:02:06 America/Guatemala] verifySession: Query a ejecutar: SELECT id FROM sesiones_usuario 
                      WHERE token_sesion = 'c53020ffc4b74a7334b77612d58f87a8dad128f5dc96988b493b4096ec8061cb' 
                      AND usuario_id = 2 
                      AND activa = 1
[01-Oct-2025 16:02:06 America/Guatemala] verifySession: Ejecutando query con token: c53020ffc4b74a7334b77612d58f87a8dad128f5dc96988b493b4096ec8061cb y user_id: 2
[01-Oct-2025 16:02:06 America/Guatemala] verifySession: rowCount() después de ejecutar la query principal: 1
[01-Oct-2025 16:02:06 America/Guatemala] verifySession: Sesión encontrada y válida para user_id: 2
[01-Oct-2025 16:02:07 America/Guatemala] verifySession: user_id: 2, session_token: c53020ffc4b74a7334b77612d58f87a8dad128f5dc96988b493b4096ec8061cb
[01-Oct-2025 16:02:07 America/Guatemala] verifySession: Query a ejecutar: SELECT id FROM sesiones_usuario 
                      WHERE token_sesion = :token 
                      AND usuario_id = :user_id 
                      AND activa = 1
[01-Oct-2025 16:02:07 America/Guatemala] verifySession: Query a ejecutar: SELECT id FROM sesiones_usuario 
                      WHERE token_sesion = 'c53020ffc4b74a7334b77612d58f87a8dad128f5dc96988b493b4096ec8061cb' 
                      AND usuario_id = 2 
                      AND activa = 1
[01-Oct-2025 16:02:07 America/Guatemala] verifySession: Ejecutando query con token: c53020ffc4b74a7334b77612d58f87a8dad128f5dc96988b493b4096ec8061cb y user_id: 2
[01-Oct-2025 16:02:07 America/Guatemala] verifySession: rowCount() después de ejecutar la query principal: 1
[01-Oct-2025 16:02:07 America/Guatemala] verifySession: Sesión encontrada y válida para user_id: 2
[01-Oct-2025 16:02:07 America/Guatemala] Auth::hasPermission - User role: 'Administrador', Required role: 'Administrador'
[01-Oct-2025 16:02:27 America/Guatemala] verifySession: user_id: 2, session_token: c53020ffc4b74a7334b77612d58f87a8dad128f5dc96988b493b4096ec8061cb
[01-Oct-2025 16:02:27 America/Guatemala] verifySession: Query a ejecutar: SELECT id FROM sesiones_usuario 
                      WHERE token_sesion = :token 
                      AND usuario_id = :user_id 
                      AND activa = 1
[01-Oct-2025 16:02:27 America/Guatemala] verifySession: Query a ejecutar: SELECT id FROM sesiones_usuario 
                      WHERE token_sesion = 'c53020ffc4b74a7334b77612d58f87a8dad128f5dc96988b493b4096ec8061cb' 
                      AND usuario_id = 2 
                      AND activa = 1
[01-Oct-2025 16:02:27 America/Guatemala] verifySession: Ejecutando query con token: c53020ffc4b74a7334b77612d58f87a8dad128f5dc96988b493b4096ec8061cb y user_id: 2
[01-Oct-2025 16:02:28 America/Guatemala] verifySession: rowCount() después de ejecutar la query principal: 1
[01-Oct-2025 16:02:28 America/Guatemala] verifySession: Sesión encontrada y válida para user_id: 2
[01-Oct-2025 16:02:28 America/Guatemala] verifySession: user_id: 2, session_token: c53020ffc4b74a7334b77612d58f87a8dad128f5dc96988b493b4096ec8061cb
[01-Oct-2025 16:02:28 America/Guatemala] verifySession: Query a ejecutar: SELECT id FROM sesiones_usuario 
                      WHERE token_sesion = :token 
                      AND usuario_id = :user_id 
                      AND activa = 1
[01-Oct-2025 16:02:28 America/Guatemala] verifySession: Query a ejecutar: SELECT id FROM sesiones_usuario 
                      WHERE token_sesion = 'c53020ffc4b74a7334b77612d58f87a8dad128f5dc96988b493b4096ec8061cb' 
                      AND usuario_id = 2 
                      AND activa = 1
[01-Oct-2025 16:02:28 America/Guatemala] verifySession: Ejecutando query con token: c53020ffc4b74a7334b77612d58f87a8dad128f5dc96988b493b4096ec8061cb y user_id: 2
[01-Oct-2025 16:02:28 America/Guatemala] verifySession: rowCount() después de ejecutar la query principal: 1
[01-Oct-2025 16:02:28 America/Guatemala] verifySession: Sesión encontrada y válida para user_id: 2
[01-Oct-2025 16:02:28 America/Guatemala] verifySession: user_id: 2, session_token: c53020ffc4b74a7334b77612d58f87a8dad128f5dc96988b493b4096ec8061cb
[01-Oct-2025 16:02:28 America/Guatemala] verifySession: Query a ejecutar: SELECT id FROM sesiones_usuario 
                      WHERE token_sesion = :token 
                      AND usuario_id = :user_id 
                      AND activa = 1
[01-Oct-2025 16:02:28 America/Guatemala] verifySession: Query a ejecutar: SELECT id FROM sesiones_usuario 
                      WHERE token_sesion = 'c53020ffc4b74a7334b77612d58f87a8dad128f5dc96988b493b4096ec8061cb' 
                      AND usuario_id = 2 
                      AND activa = 1
[01-Oct-2025 16:02:28 America/Guatemala] verifySession: Ejecutando query con token: c53020ffc4b74a7334b77612d58f87a8dad128f5dc96988b493b4096ec8061cb y user_id: 2
[01-Oct-2025 16:02:28 America/Guatemala] verifySession: rowCount() después de ejecutar la query principal: 1
[01-Oct-2025 16:02:28 America/Guatemala] verifySession: Sesión encontrada y válida para user_id: 2
[01-Oct-2025 16:02:29 America/Guatemala] Auth::hasPermission - User role: 'Administrador', Required role: 'Administrador'
[01-Oct-2025 16:02:35 America/Guatemala] verifySession: user_id: 2, session_token: c53020ffc4b74a7334b77612d58f87a8dad128f5dc96988b493b4096ec8061cb
[01-Oct-2025 16:02:35 America/Guatemala] verifySession: Query a ejecutar: SELECT id FROM sesiones_usuario 
                      WHERE token_sesion = :token 
                      AND usuario_id = :user_id 
                      AND activa = 1
[01-Oct-2025 16:02:35 America/Guatemala] verifySession: Query a ejecutar: SELECT id FROM sesiones_usuario 
                      WHERE token_sesion = 'c53020ffc4b74a7334b77612d58f87a8dad128f5dc96988b493b4096ec8061cb' 
                      AND usuario_id = 2 
                      AND activa = 1
[01-Oct-2025 16:02:35 America/Guatemala] verifySession: Ejecutando query con token: c53020ffc4b74a7334b77612d58f87a8dad128f5dc96988b493b4096ec8061cb y user_id: 2
[01-Oct-2025 16:02:35 America/Guatemala] verifySession: rowCount() después de ejecutar la query principal: 1
[01-Oct-2025 16:02:35 America/Guatemala] verifySession: Sesión encontrada y válida para user_id: 2
[01-Oct-2025 16:02:57 America/Guatemala] verifySession: user_id: 2, session_token: c53020ffc4b74a7334b77612d58f87a8dad128f5dc96988b493b4096ec8061cb
[01-Oct-2025 16:02:57 America/Guatemala] verifySession: Query a ejecutar: SELECT id FROM sesiones_usuario 
                      WHERE token_sesion = :token 
                      AND usuario_id = :user_id 
                      AND activa = 1
[01-Oct-2025 16:02:57 America/Guatemala] verifySession: Query a ejecutar: SELECT id FROM sesiones_usuario 
                      WHERE token_sesion = 'c53020ffc4b74a7334b77612d58f87a8dad128f5dc96988b493b4096ec8061cb' 
                      AND usuario_id = 2 
                      AND activa = 1
[01-Oct-2025 16:02:57 America/Guatemala] verifySession: Ejecutando query con token: c53020ffc4b74a7334b77612d58f87a8dad128f5dc96988b493b4096ec8061cb y user_id: 2
[01-Oct-2025 16:02:57 America/Guatemala] verifySession: rowCount() después de ejecutar la query principal: 1
[01-Oct-2025 16:02:57 America/Guatemala] verifySession: Sesión encontrada y válida para user_id: 2
[01-Oct-2025 16:02:59 America/Guatemala] [DEBUG] [ERROR] Transacción revertida debido a un error: El entregante y receptor no pueden ser la misma persona
[01-Oct-2025 16:02:59 America/Guatemala] Error al guardar conocimiento: El entregante y receptor no pueden ser la misma persona
[01-Oct-2025 16:02:59 America/Guatemala] POST data: Array
(
    [csrf_token] => d6ea125bdcc9b07c6f4896b717881293cf313e3e99d8e8a81fddcd59a33b56f9
    [fecha_entrega] => 2025-10-01
    [lugar_entrega] => COBAN
    [entregante_id] => 2
    [receptor_id] => 2
    [insumos] => Array
        (
            [0] => 1
        )

    [cantidades] => Array
        (
            [0] => 2
        )

    [observaciones_insumos] => Array
        (
            [0] => 1
        )

    [observaciones_generales] => w
    [estado] => finalizado
    [guardar_conocimiento] => 
)

[01-Oct-2025 16:02:59 America/Guatemala] [DEBUG] [ERROR] Error al guardar conocimiento: El entregante y receptor no pueden ser la misma persona
[01-Oct-2025 16:06:02 America/Guatemala] verifySession: user_id: 2, session_token: c53020ffc4b74a7334b77612d58f87a8dad128f5dc96988b493b4096ec8061cb
[01-Oct-2025 16:06:02 America/Guatemala] verifySession: Query a ejecutar: SELECT id FROM sesiones_usuario 
                      WHERE token_sesion = :token 
                      AND usuario_id = :user_id 
                      AND activa = 1
[01-Oct-2025 16:06:02 America/Guatemala] verifySession: Query a ejecutar: SELECT id FROM sesiones_usuario 
                      WHERE token_sesion = 'c53020ffc4b74a7334b77612d58f87a8dad128f5dc96988b493b4096ec8061cb' 
                      AND usuario_id = 2 
                      AND activa = 1
[01-Oct-2025 16:06:02 America/Guatemala] verifySession: Ejecutando query con token: c53020ffc4b74a7334b77612d58f87a8dad128f5dc96988b493b4096ec8061cb y user_id: 2
[01-Oct-2025 16:06:02 America/Guatemala] verifySession: rowCount() después de ejecutar la query principal: 1
[01-Oct-2025 16:06:02 America/Guatemala] verifySession: Sesión encontrada y válida para user_id: 2
[01-Oct-2025 16:07:39 America/Guatemala] verifySession: user_id: 2, session_token: c53020ffc4b74a7334b77612d58f87a8dad128f5dc96988b493b4096ec8061cb
[01-Oct-2025 16:07:39 America/Guatemala] verifySession: Query a ejecutar: SELECT id FROM sesiones_usuario 
                      WHERE token_sesion = :token 
                      AND usuario_id = :user_id 
                      AND activa = 1
[01-Oct-2025 16:07:39 America/Guatemala] verifySession: Query a ejecutar: SELECT id FROM sesiones_usuario 
                      WHERE token_sesion = 'c53020ffc4b74a7334b77612d58f87a8dad128f5dc96988b493b4096ec8061cb' 
                      AND usuario_id = 2 
                      AND activa = 1
[01-Oct-2025 16:07:39 America/Guatemala] verifySession: Ejecutando query con token: c53020ffc4b74a7334b77612d58f87a8dad128f5dc96988b493b4096ec8061cb y user_id: 2
[01-Oct-2025 16:07:39 America/Guatemala] verifySession: rowCount() después de ejecutar la query principal: 1
[01-Oct-2025 16:07:39 America/Guatemala] verifySession: Sesión encontrada y válida para user_id: 2
[01-Oct-2025 16:07:46 America/Guatemala] verifySession: user_id: 2, session_token: c53020ffc4b74a7334b77612d58f87a8dad128f5dc96988b493b4096ec8061cb
[01-Oct-2025 16:07:46 America/Guatemala] verifySession: Query a ejecutar: SELECT id FROM sesiones_usuario 
                      WHERE token_sesion = :token 
                      AND usuario_id = :user_id 
                      AND activa = 1
[01-Oct-2025 16:07:46 America/Guatemala] verifySession: Query a ejecutar: SELECT id FROM sesiones_usuario 
                      WHERE token_sesion = 'c53020ffc4b74a7334b77612d58f87a8dad128f5dc96988b493b4096ec8061cb' 
                      AND usuario_id = 2 
                      AND activa = 1
[01-Oct-2025 16:07:46 America/Guatemala] verifySession: Ejecutando query con token: c53020ffc4b74a7334b77612d58f87a8dad128f5dc96988b493b4096ec8061cb y user_id: 2
[01-Oct-2025 16:07:46 America/Guatemala] verifySession: rowCount() después de ejecutar la query principal: 1
[01-Oct-2025 16:07:46 America/Guatemala] verifySession: Sesión encontrada y válida para user_id: 2
[01-Oct-2025 16:08:01 America/Guatemala] verifySession: user_id: 2, session_token: c53020ffc4b74a7334b77612d58f87a8dad128f5dc96988b493b4096ec8061cb
[01-Oct-2025 16:08:01 America/Guatemala] verifySession: Query a ejecutar: SELECT id FROM sesiones_usuario 
                      WHERE token_sesion = :token 
                      AND usuario_id = :user_id 
                      AND activa = 1
[01-Oct-2025 16:08:01 America/Guatemala] verifySession: Query a ejecutar: SELECT id FROM sesiones_usuario 
                      WHERE token_sesion = 'c53020ffc4b74a7334b77612d58f87a8dad128f5dc96988b493b4096ec8061cb' 
                      AND usuario_id = 2 
                      AND activa = 1
[01-Oct-2025 16:08:01 America/Guatemala] verifySession: Ejecutando query con token: c53020ffc4b74a7334b77612d58f87a8dad128f5dc96988b493b4096ec8061cb y user_id: 2
[01-Oct-2025 16:08:01 America/Guatemala] verifySession: rowCount() después de ejecutar la query principal: 1
[01-Oct-2025 16:08:01 America/Guatemala] verifySession: Sesión encontrada y válida para user_id: 2
[01-Oct-2025 16:08:22 America/Guatemala] verifySession: user_id: 2, session_token: c53020ffc4b74a7334b77612d58f87a8dad128f5dc96988b493b4096ec8061cb
[01-Oct-2025 16:08:22 America/Guatemala] verifySession: Query a ejecutar: SELECT id FROM sesiones_usuario 
                      WHERE token_sesion = :token 
                      AND usuario_id = :user_id 
                      AND activa = 1
[01-Oct-2025 16:08:23 America/Guatemala] verifySession: Query a ejecutar: SELECT id FROM sesiones_usuario 
                      WHERE token_sesion = 'c53020ffc4b74a7334b77612d58f87a8dad128f5dc96988b493b4096ec8061cb' 
                      AND usuario_id = 2 
                      AND activa = 1
[01-Oct-2025 16:08:23 America/Guatemala] verifySession: Ejecutando query con token: c53020ffc4b74a7334b77612d58f87a8dad128f5dc96988b493b4096ec8061cb y user_id: 2
[01-Oct-2025 16:08:23 America/Guatemala] verifySession: rowCount() después de ejecutar la query principal: 1
[01-Oct-2025 16:08:23 America/Guatemala] verifySession: Sesión encontrada y válida para user_id: 2
[01-Oct-2025 16:22:00 America/Guatemala] verifySession: user_id: 2, session_token: c53020ffc4b74a7334b77612d58f87a8dad128f5dc96988b493b4096ec8061cb
[01-Oct-2025 16:22:00 America/Guatemala] verifySession: Query a ejecutar: SELECT id FROM sesiones_usuario 
                      WHERE token_sesion = :token 
                      AND usuario_id = :user_id 
                      AND activa = 1
[01-Oct-2025 16:22:00 America/Guatemala] verifySession: Query a ejecutar: SELECT id FROM sesiones_usuario 
                      WHERE token_sesion = 'c53020ffc4b74a7334b77612d58f87a8dad128f5dc96988b493b4096ec8061cb' 
                      AND usuario_id = 2 
                      AND activa = 1
[01-Oct-2025 16:22:00 America/Guatemala] verifySession: Ejecutando query con token: c53020ffc4b74a7334b77612d58f87a8dad128f5dc96988b493b4096ec8061cb y user_id: 2
[01-Oct-2025 16:22:00 America/Guatemala] verifySession: rowCount() después de ejecutar la query principal: 1
[01-Oct-2025 16:22:00 America/Guatemala] verifySession: Sesión encontrada y válida para user_id: 2
[01-Oct-2025 16:25:29 America/Guatemala] verifySession: user_id: 2, session_token: c53020ffc4b74a7334b77612d58f87a8dad128f5dc96988b493b4096ec8061cb
[01-Oct-2025 16:25:29 America/Guatemala] verifySession: Query a ejecutar: SELECT id FROM sesiones_usuario 
                      WHERE token_sesion = :token 
                      AND usuario_id = :user_id 
                      AND activa = 1
[01-Oct-2025 16:25:29 America/Guatemala] verifySession: Query a ejecutar: SELECT id FROM sesiones_usuario 
                      WHERE token_sesion = 'c53020ffc4b74a7334b77612d58f87a8dad128f5dc96988b493b4096ec8061cb' 
                      AND usuario_id = 2 
                      AND activa = 1
[01-Oct-2025 16:25:29 America/Guatemala] verifySession: Ejecutando query con token: c53020ffc4b74a7334b77612d58f87a8dad128f5dc96988b493b4096ec8061cb y user_id: 2
[01-Oct-2025 16:25:29 America/Guatemala] verifySession: rowCount() después de ejecutar la query principal: 1
[01-Oct-2025 16:25:29 America/Guatemala] verifySession: Sesión encontrada y válida para user_id: 2
[01-Oct-2025 16:25:34 America/Guatemala] verifySession: user_id: 2, session_token: c53020ffc4b74a7334b77612d58f87a8dad128f5dc96988b493b4096ec8061cb
[01-Oct-2025 16:25:34 America/Guatemala] verifySession: Query a ejecutar: SELECT id FROM sesiones_usuario 
                      WHERE token_sesion = :token 
                      AND usuario_id = :user_id 
                      AND activa = 1
[01-Oct-2025 16:25:34 America/Guatemala] verifySession: Query a ejecutar: SELECT id FROM sesiones_usuario 
                      WHERE token_sesion = 'c53020ffc4b74a7334b77612d58f87a8dad128f5dc96988b493b4096ec8061cb' 
                      AND usuario_id = 2 
                      AND activa = 1
[01-Oct-2025 16:25:34 America/Guatemala] verifySession: Ejecutando query con token: c53020ffc4b74a7334b77612d58f87a8dad128f5dc96988b493b4096ec8061cb y user_id: 2
[01-Oct-2025 16:25:34 America/Guatemala] verifySession: rowCount() después de ejecutar la query principal: 1
[01-Oct-2025 16:25:34 America/Guatemala] verifySession: Sesión encontrada y válida para user_id: 2
[01-Oct-2025 16:43:50 America/Guatemala] verifySession: user_id: 2, session_token: c53020ffc4b74a7334b77612d58f87a8dad128f5dc96988b493b4096ec8061cb
[01-Oct-2025 16:43:50 America/Guatemala] verifySession: Query a ejecutar: SELECT id FROM sesiones_usuario 
                      WHERE token_sesion = :token 
                      AND usuario_id = :user_id 
                      AND activa = 1
[01-Oct-2025 16:43:50 America/Guatemala] verifySession: Query a ejecutar: SELECT id FROM sesiones_usuario 
                      WHERE token_sesion = 'c53020ffc4b74a7334b77612d58f87a8dad128f5dc96988b493b4096ec8061cb' 
                      AND usuario_id = 2 
                      AND activa = 1
[01-Oct-2025 16:43:50 America/Guatemala] verifySession: Ejecutando query con token: c53020ffc4b74a7334b77612d58f87a8dad128f5dc96988b493b4096ec8061cb y user_id: 2
[01-Oct-2025 16:43:50 America/Guatemala] verifySession: rowCount() después de ejecutar la query principal: 1
[01-Oct-2025 16:43:50 America/Guatemala] verifySession: Sesión encontrada y válida para user_id: 2
[01-Oct-2025 16:43:57 America/Guatemala] verifySession: user_id: 2, session_token: c53020ffc4b74a7334b77612d58f87a8dad128f5dc96988b493b4096ec8061cb
[01-Oct-2025 16:43:57 America/Guatemala] verifySession: Query a ejecutar: SELECT id FROM sesiones_usuario 
                      WHERE token_sesion = :token 
                      AND usuario_id = :user_id 
                      AND activa = 1
[01-Oct-2025 16:43:57 America/Guatemala] verifySession: Query a ejecutar: SELECT id FROM sesiones_usuario 
                      WHERE token_sesion = 'c53020ffc4b74a7334b77612d58f87a8dad128f5dc96988b493b4096ec8061cb' 
                      AND usuario_id = 2 
                      AND activa = 1
[01-Oct-2025 16:43:57 America/Guatemala] verifySession: Ejecutando query con token: c53020ffc4b74a7334b77612d58f87a8dad128f5dc96988b493b4096ec8061cb y user_id: 2
[01-Oct-2025 16:43:57 America/Guatemala] verifySession: rowCount() después de ejecutar la query principal: 1
[01-Oct-2025 16:43:57 America/Guatemala] verifySession: Sesión encontrada y válida para user_id: 2
[01-Oct-2025 16:44:07 America/Guatemala] verifySession: user_id: 2, session_token: c53020ffc4b74a7334b77612d58f87a8dad128f5dc96988b493b4096ec8061cb
[01-Oct-2025 16:44:07 America/Guatemala] verifySession: Query a ejecutar: SELECT id FROM sesiones_usuario 
                      WHERE token_sesion = :token 
                      AND usuario_id = :user_id 
                      AND activa = 1
[01-Oct-2025 16:44:07 America/Guatemala] verifySession: Query a ejecutar: SELECT id FROM sesiones_usuario 
                      WHERE token_sesion = 'c53020ffc4b74a7334b77612d58f87a8dad128f5dc96988b493b4096ec8061cb' 
                      AND usuario_id = 2 
                      AND activa = 1
[01-Oct-2025 16:44:07 America/Guatemala] verifySession: Ejecutando query con token: c53020ffc4b74a7334b77612d58f87a8dad128f5dc96988b493b4096ec8061cb y user_id: 2
[01-Oct-2025 16:44:07 America/Guatemala] verifySession: rowCount() después de ejecutar la query principal: 1
[01-Oct-2025 16:44:07 America/Guatemala] verifySession: Sesión encontrada y válida para user_id: 2
[01-Oct-2025 16:44:13 America/Guatemala] verifySession: user_id: 2, session_token: c53020ffc4b74a7334b77612d58f87a8dad128f5dc96988b493b4096ec8061cb
[01-Oct-2025 16:44:13 America/Guatemala] verifySession: Query a ejecutar: SELECT id FROM sesiones_usuario 
                      WHERE token_sesion = :token 
                      AND usuario_id = :user_id 
                      AND activa = 1
[01-Oct-2025 16:44:13 America/Guatemala] verifySession: Query a ejecutar: SELECT id FROM sesiones_usuario 
                      WHERE token_sesion = 'c53020ffc4b74a7334b77612d58f87a8dad128f5dc96988b493b4096ec8061cb' 
                      AND usuario_id = 2 
                      AND activa = 1
[01-Oct-2025 16:44:13 America/Guatemala] verifySession: Ejecutando query con token: c53020ffc4b74a7334b77612d58f87a8dad128f5dc96988b493b4096ec8061cb y user_id: 2
[01-Oct-2025 16:44:13 America/Guatemala] verifySession: rowCount() después de ejecutar la query principal: 1
[01-Oct-2025 16:44:13 America/Guatemala] verifySession: Sesión encontrada y válida para user_id: 2
[01-Oct-2025 16:44:18 America/Guatemala] verifySession: user_id: 2, session_token: c53020ffc4b74a7334b77612d58f87a8dad128f5dc96988b493b4096ec8061cb
[01-Oct-2025 16:44:18 America/Guatemala] verifySession: Query a ejecutar: SELECT id FROM sesiones_usuario 
                      WHERE token_sesion = :token 
                      AND usuario_id = :user_id 
                      AND activa = 1
[01-Oct-2025 16:44:18 America/Guatemala] verifySession: Query a ejecutar: SELECT id FROM sesiones_usuario 
                      WHERE token_sesion = 'c53020ffc4b74a7334b77612d58f87a8dad128f5dc96988b493b4096ec8061cb' 
                      AND usuario_id = 2 
                      AND activa = 1
[01-Oct-2025 16:44:18 America/Guatemala] verifySession: Ejecutando query con token: c53020ffc4b74a7334b77612d58f87a8dad128f5dc96988b493b4096ec8061cb y user_id: 2
[01-Oct-2025 16:44:19 America/Guatemala] verifySession: rowCount() después de ejecutar la query principal: 1
[01-Oct-2025 16:44:19 America/Guatemala] verifySession: Sesión encontrada y válida para user_id: 2
[01-Oct-2025 16:45:02 America/Guatemala] verifySession: user_id: 2, session_token: c53020ffc4b74a7334b77612d58f87a8dad128f5dc96988b493b4096ec8061cb
[01-Oct-2025 16:45:02 America/Guatemala] verifySession: Query a ejecutar: SELECT id FROM sesiones_usuario 
                      WHERE token_sesion = :token 
                      AND usuario_id = :user_id 
                      AND activa = 1
[01-Oct-2025 16:45:02 America/Guatemala] verifySession: Query a ejecutar: SELECT id FROM sesiones_usuario 
                      WHERE token_sesion = 'c53020ffc4b74a7334b77612d58f87a8dad128f5dc96988b493b4096ec8061cb' 
                      AND usuario_id = 2 
                      AND activa = 1
[01-Oct-2025 16:45:02 America/Guatemala] verifySession: Ejecutando query con token: c53020ffc4b74a7334b77612d58f87a8dad128f5dc96988b493b4096ec8061cb y user_id: 2
[01-Oct-2025 16:45:02 America/Guatemala] verifySession: rowCount() después de ejecutar la query principal: 1
[01-Oct-2025 16:45:02 America/Guatemala] verifySession: Sesión encontrada y válida para user_id: 2
[01-Oct-2025 16:45:06 America/Guatemala] verifySession: user_id: 2, session_token: c53020ffc4b74a7334b77612d58f87a8dad128f5dc96988b493b4096ec8061cb
[01-Oct-2025 16:45:06 America/Guatemala] verifySession: Query a ejecutar: SELECT id FROM sesiones_usuario 
                      WHERE token_sesion = :token 
                      AND usuario_id = :user_id 
                      AND activa = 1
[01-Oct-2025 16:45:06 America/Guatemala] verifySession: Query a ejecutar: SELECT id FROM sesiones_usuario 
                      WHERE token_sesion = 'c53020ffc4b74a7334b77612d58f87a8dad128f5dc96988b493b4096ec8061cb' 
                      AND usuario_id = 2 
                      AND activa = 1
[01-Oct-2025 16:45:06 America/Guatemala] verifySession: Ejecutando query con token: c53020ffc4b74a7334b77612d58f87a8dad128f5dc96988b493b4096ec8061cb y user_id: 2
[01-Oct-2025 16:45:06 America/Guatemala] verifySession: rowCount() después de ejecutar la query principal: 1
[01-Oct-2025 16:45:06 America/Guatemala] verifySession: Sesión encontrada y válida para user_id: 2
[01-Oct-2025 16:45:11 America/Guatemala] verifySession: user_id: 2, session_token: c53020ffc4b74a7334b77612d58f87a8dad128f5dc96988b493b4096ec8061cb
[01-Oct-2025 16:45:11 America/Guatemala] verifySession: Query a ejecutar: SELECT id FROM sesiones_usuario 
                      WHERE token_sesion = :token 
                      AND usuario_id = :user_id 
                      AND activa = 1
[01-Oct-2025 16:45:12 America/Guatemala] verifySession: Query a ejecutar: SELECT id FROM sesiones_usuario 
                      WHERE token_sesion = 'c53020ffc4b74a7334b77612d58f87a8dad128f5dc96988b493b4096ec8061cb' 
                      AND usuario_id = 2 
                      AND activa = 1
[01-Oct-2025 16:45:12 America/Guatemala] verifySession: Ejecutando query con token: c53020ffc4b74a7334b77612d58f87a8dad128f5dc96988b493b4096ec8061cb y user_id: 2
[01-Oct-2025 16:45:12 America/Guatemala] verifySession: rowCount() después de ejecutar la query principal: 1
[01-Oct-2025 16:45:12 America/Guatemala] verifySession: Sesión encontrada y válida para user_id: 2
[01-Oct-2025 16:53:54 America/Guatemala] verifySession: user_id: 2, session_token: c53020ffc4b74a7334b77612d58f87a8dad128f5dc96988b493b4096ec8061cb
[01-Oct-2025 16:53:54 America/Guatemala] verifySession: Query a ejecutar: SELECT id FROM sesiones_usuario 
                      WHERE token_sesion = :token 
                      AND usuario_id = :user_id 
                      AND activa = 1
[01-Oct-2025 16:53:54 America/Guatemala] verifySession: Query a ejecutar: SELECT id FROM sesiones_usuario 
                      WHERE token_sesion = 'c53020ffc4b74a7334b77612d58f87a8dad128f5dc96988b493b4096ec8061cb' 
                      AND usuario_id = 2 
                      AND activa = 1
[01-Oct-2025 16:53:54 America/Guatemala] verifySession: Ejecutando query con token: c53020ffc4b74a7334b77612d58f87a8dad128f5dc96988b493b4096ec8061cb y user_id: 2
[01-Oct-2025 16:53:54 America/Guatemala] verifySession: rowCount() después de ejecutar la query principal: 1
[01-Oct-2025 16:53:54 America/Guatemala] verifySession: Sesión encontrada y válida para user_id: 2
[01-Oct-2025 16:54:03 America/Guatemala] verifySession: user_id: 2, session_token: c53020ffc4b74a7334b77612d58f87a8dad128f5dc96988b493b4096ec8061cb
[01-Oct-2025 16:54:03 America/Guatemala] verifySession: Query a ejecutar: SELECT id FROM sesiones_usuario 
                      WHERE token_sesion = :token 
                      AND usuario_id = :user_id 
                      AND activa = 1
[01-Oct-2025 16:54:03 America/Guatemala] verifySession: Query a ejecutar: SELECT id FROM sesiones_usuario 
                      WHERE token_sesion = 'c53020ffc4b74a7334b77612d58f87a8dad128f5dc96988b493b4096ec8061cb' 
                      AND usuario_id = 2 
                      AND activa = 1
[01-Oct-2025 16:54:03 America/Guatemala] verifySession: Ejecutando query con token: c53020ffc4b74a7334b77612d58f87a8dad128f5dc96988b493b4096ec8061cb y user_id: 2
[01-Oct-2025 16:54:04 America/Guatemala] verifySession: rowCount() después de ejecutar la query principal: 1
[01-Oct-2025 16:54:04 America/Guatemala] verifySession: Sesión encontrada y válida para user_id: 2
[02-Oct-2025 10:31:16 America/Guatemala] verifySession: user_id o session_token no están seteados en SESSION.
[02-Oct-2025 10:31:19 America/Guatemala] verifySession: user_id o session_token no están seteados en SESSION.
[02-Oct-2025 10:31:19 America/Guatemala] Intento de login para usuario: chofox
[02-Oct-2025 10:31:19 America/Guatemala] Sesión creada exitosamente en DB para usuario: 2
[02-Oct-2025 10:31:19 America/Guatemala] Auth::login - User role set in session: Administrador
[02-Oct-2025 10:31:20 America/Guatemala] Resultado de login: {"success":true,"message":"Inicio de sesi\u00f3n exitoso","user":{"id":2,"nombre_completo":"Rodolfo Garcia","usuario":"chofox","password_hash":"$2y$10$r2z\/zRSNiKhGHAJiqz728uBUPr7bT\/ZxE5MFelrC5ZPvRcKz8AYBy","puesto":"Asistente Tecnico En Informatica","activo":1,"rol":"Administrador","distrito":"DDRISS AV"}}
[02-Oct-2025 10:31:20 America/Guatemala] Login exitoso. Verificando sesión...
[02-Oct-2025 10:31:20 America/Guatemala] verifySession: user_id: 2, session_token: 94eb46ec3805616c7c0d815ad9b8b649711eac99e2bf1650e4ccb6932af96408
[02-Oct-2025 10:31:20 America/Guatemala] verifySession: Query a ejecutar: SELECT id FROM sesiones_usuario 
                      WHERE token_sesion = :token 
                      AND usuario_id = :user_id 
                      AND activa = 1
[02-Oct-2025 10:31:20 America/Guatemala] verifySession: Query a ejecutar: SELECT id FROM sesiones_usuario 
                      WHERE token_sesion = '94eb46ec3805616c7c0d815ad9b8b649711eac99e2bf1650e4ccb6932af96408' 
                      AND usuario_id = 2 
                      AND activa = 1
[02-Oct-2025 10:31:20 America/Guatemala] verifySession: Ejecutando query con token: 94eb46ec3805616c7c0d815ad9b8b649711eac99e2bf1650e4ccb6932af96408 y user_id: 2
[02-Oct-2025 10:31:20 America/Guatemala] verifySession: rowCount() después de ejecutar la query principal: 1
[02-Oct-2025 10:31:20 America/Guatemala] verifySession: Sesión encontrada y válida para user_id: 2
[02-Oct-2025 10:31:20 America/Guatemala] Sesión verificada después del login. Redirigiendo a dashboard.php
[02-Oct-2025 10:31:20 America/Guatemala] verifySession: user_id: 2, session_token: 94eb46ec3805616c7c0d815ad9b8b649711eac99e2bf1650e4ccb6932af96408
[02-Oct-2025 10:31:20 America/Guatemala] verifySession: Query a ejecutar: SELECT id FROM sesiones_usuario 
                      WHERE token_sesion = :token 
                      AND usuario_id = :user_id 
                      AND activa = 1
[02-Oct-2025 10:31:20 America/Guatemala] verifySession: Query a ejecutar: SELECT id FROM sesiones_usuario 
                      WHERE token_sesion = '94eb46ec3805616c7c0d815ad9b8b649711eac99e2bf1650e4ccb6932af96408' 
                      AND usuario_id = 2 
                      AND activa = 1
[02-Oct-2025 10:31:20 America/Guatemala] verifySession: Ejecutando query con token: 94eb46ec3805616c7c0d815ad9b8b649711eac99e2bf1650e4ccb6932af96408 y user_id: 2
[02-Oct-2025 10:31:20 America/Guatemala] verifySession: rowCount() después de ejecutar la query principal: 1
[02-Oct-2025 10:31:21 America/Guatemala] verifySession: Sesión encontrada y válida para user_id: 2
[02-Oct-2025 10:31:29 America/Guatemala] verifySession: user_id: 2, session_token: 94eb46ec3805616c7c0d815ad9b8b649711eac99e2bf1650e4ccb6932af96408
[02-Oct-2025 10:31:29 America/Guatemala] verifySession: Query a ejecutar: SELECT id FROM sesiones_usuario 
                      WHERE token_sesion = :token 
                      AND usuario_id = :user_id 
                      AND activa = 1
[02-Oct-2025 10:31:29 America/Guatemala] verifySession: Query a ejecutar: SELECT id FROM sesiones_usuario 
                      WHERE token_sesion = '94eb46ec3805616c7c0d815ad9b8b649711eac99e2bf1650e4ccb6932af96408' 
                      AND usuario_id = 2 
                      AND activa = 1
[02-Oct-2025 10:31:29 America/Guatemala] verifySession: Ejecutando query con token: 94eb46ec3805616c7c0d815ad9b8b649711eac99e2bf1650e4ccb6932af96408 y user_id: 2
[02-Oct-2025 10:31:29 America/Guatemala] verifySession: rowCount() después de ejecutar la query principal: 1
[02-Oct-2025 10:31:29 America/Guatemala] verifySession: Sesión encontrada y válida para user_id: 2
[02-Oct-2025 10:31:33 America/Guatemala] verifySession: user_id: 2, session_token: 94eb46ec3805616c7c0d815ad9b8b649711eac99e2bf1650e4ccb6932af96408
[02-Oct-2025 10:31:33 America/Guatemala] verifySession: Query a ejecutar: SELECT id FROM sesiones_usuario 
                      WHERE token_sesion = :token 
                      AND usuario_id = :user_id 
                      AND activa = 1
[02-Oct-2025 10:31:33 America/Guatemala] verifySession: Query a ejecutar: SELECT id FROM sesiones_usuario 
                      WHERE token_sesion = '94eb46ec3805616c7c0d815ad9b8b649711eac99e2bf1650e4ccb6932af96408' 
                      AND usuario_id = 2 
                      AND activa = 1
[02-Oct-2025 10:31:33 America/Guatemala] verifySession: Ejecutando query con token: 94eb46ec3805616c7c0d815ad9b8b649711eac99e2bf1650e4ccb6932af96408 y user_id: 2
[02-Oct-2025 10:31:33 America/Guatemala] verifySession: rowCount() después de ejecutar la query principal: 1
[02-Oct-2025 10:31:33 America/Guatemala] verifySession: Sesión encontrada y válida para user_id: 2
[02-Oct-2025 10:31:42 America/Guatemala] verifySession: user_id: 2, session_token: 94eb46ec3805616c7c0d815ad9b8b649711eac99e2bf1650e4ccb6932af96408
[02-Oct-2025 10:31:42 America/Guatemala] verifySession: Query a ejecutar: SELECT id FROM sesiones_usuario 
                      WHERE token_sesion = :token 
                      AND usuario_id = :user_id 
                      AND activa = 1
[02-Oct-2025 10:31:42 America/Guatemala] verifySession: Query a ejecutar: SELECT id FROM sesiones_usuario 
                      WHERE token_sesion = '94eb46ec3805616c7c0d815ad9b8b649711eac99e2bf1650e4ccb6932af96408' 
                      AND usuario_id = 2 
                      AND activa = 1
[02-Oct-2025 10:31:42 America/Guatemala] verifySession: Ejecutando query con token: 94eb46ec3805616c7c0d815ad9b8b649711eac99e2bf1650e4ccb6932af96408 y user_id: 2
[02-Oct-2025 10:31:42 America/Guatemala] verifySession: rowCount() después de ejecutar la query principal: 1
[02-Oct-2025 10:31:42 America/Guatemala] verifySession: Sesión encontrada y válida para user_id: 2
[02-Oct-2025 10:32:00 America/Guatemala] verifySession: user_id: 2, session_token: 94eb46ec3805616c7c0d815ad9b8b649711eac99e2bf1650e4ccb6932af96408
[02-Oct-2025 10:32:00 America/Guatemala] verifySession: Query a ejecutar: SELECT id FROM sesiones_usuario 
                      WHERE token_sesion = :token 
                      AND usuario_id = :user_id 
                      AND activa = 1
[02-Oct-2025 10:32:00 America/Guatemala] verifySession: Query a ejecutar: SELECT id FROM sesiones_usuario 
                      WHERE token_sesion = '94eb46ec3805616c7c0d815ad9b8b649711eac99e2bf1650e4ccb6932af96408' 
                      AND usuario_id = 2 
                      AND activa = 1
[02-Oct-2025 10:32:00 America/Guatemala] verifySession: Ejecutando query con token: 94eb46ec3805616c7c0d815ad9b8b649711eac99e2bf1650e4ccb6932af96408 y user_id: 2
[02-Oct-2025 10:32:00 America/Guatemala] verifySession: rowCount() después de ejecutar la query principal: 1
[02-Oct-2025 10:32:00 America/Guatemala] verifySession: Sesión encontrada y válida para user_id: 2
[02-Oct-2025 10:47:22 America/Guatemala] verifySession: user_id: 2, session_token: 94eb46ec3805616c7c0d815ad9b8b649711eac99e2bf1650e4ccb6932af96408
[02-Oct-2025 10:47:22 America/Guatemala] verifySession: Query a ejecutar: SELECT id FROM sesiones_usuario 
                      WHERE token_sesion = :token 
                      AND usuario_id = :user_id 
                      AND activa = 1
[02-Oct-2025 10:47:22 America/Guatemala] verifySession: Query a ejecutar: SELECT id FROM sesiones_usuario 
                      WHERE token_sesion = '94eb46ec3805616c7c0d815ad9b8b649711eac99e2bf1650e4ccb6932af96408' 
                      AND usuario_id = 2 
                      AND activa = 1
[02-Oct-2025 10:47:22 America/Guatemala] verifySession: Ejecutando query con token: 94eb46ec3805616c7c0d815ad9b8b649711eac99e2bf1650e4ccb6932af96408 y user_id: 2
[02-Oct-2025 10:47:22 America/Guatemala] verifySession: rowCount() después de ejecutar la query principal: 1
[02-Oct-2025 10:47:22 America/Guatemala] verifySession: Sesión encontrada y válida para user_id: 2
[02-Oct-2025 10:52:41 America/Guatemala] verifySession: user_id: 2, session_token: 94eb46ec3805616c7c0d815ad9b8b649711eac99e2bf1650e4ccb6932af96408
[02-Oct-2025 10:52:41 America/Guatemala] verifySession: Query a ejecutar: SELECT id FROM sesiones_usuario 
                      WHERE token_sesion = :token 
                      AND usuario_id = :user_id 
                      AND activa = 1
[02-Oct-2025 10:52:41 America/Guatemala] verifySession: Query a ejecutar: SELECT id FROM sesiones_usuario 
                      WHERE token_sesion = '94eb46ec3805616c7c0d815ad9b8b649711eac99e2bf1650e4ccb6932af96408' 
                      AND usuario_id = 2 
                      AND activa = 1
[02-Oct-2025 10:52:41 America/Guatemala] verifySession: Ejecutando query con token: 94eb46ec3805616c7c0d815ad9b8b649711eac99e2bf1650e4ccb6932af96408 y user_id: 2
[02-Oct-2025 10:52:41 America/Guatemala] verifySession: rowCount() después de ejecutar la query principal: 1
[02-Oct-2025 10:52:41 America/Guatemala] verifySession: Sesión encontrada y válida para user_id: 2
[02-Oct-2025 10:52:45 America/Guatemala] verifySession: user_id: 2, session_token: 94eb46ec3805616c7c0d815ad9b8b649711eac99e2bf1650e4ccb6932af96408
[02-Oct-2025 10:52:45 America/Guatemala] verifySession: Query a ejecutar: SELECT id FROM sesiones_usuario 
                      WHERE token_sesion = :token 
                      AND usuario_id = :user_id 
                      AND activa = 1
[02-Oct-2025 10:52:45 America/Guatemala] verifySession: Query a ejecutar: SELECT id FROM sesiones_usuario 
                      WHERE token_sesion = '94eb46ec3805616c7c0d815ad9b8b649711eac99e2bf1650e4ccb6932af96408' 
                      AND usuario_id = 2 
                      AND activa = 1
[02-Oct-2025 10:52:45 America/Guatemala] verifySession: Ejecutando query con token: 94eb46ec3805616c7c0d815ad9b8b649711eac99e2bf1650e4ccb6932af96408 y user_id: 2
[02-Oct-2025 10:52:45 America/Guatemala] verifySession: rowCount() después de ejecutar la query principal: 1
[02-Oct-2025 10:52:45 America/Guatemala] verifySession: Sesión encontrada y válida para user_id: 2
[02-Oct-2025 10:52:46 America/Guatemala] verifySession: user_id: 2, session_token: 94eb46ec3805616c7c0d815ad9b8b649711eac99e2bf1650e4ccb6932af96408
[02-Oct-2025 10:52:46 America/Guatemala] verifySession: Query a ejecutar: SELECT id FROM sesiones_usuario 
                      WHERE token_sesion = :token 
                      AND usuario_id = :user_id 
                      AND activa = 1
[02-Oct-2025 10:52:46 America/Guatemala] verifySession: Query a ejecutar: SELECT id FROM sesiones_usuario 
                      WHERE token_sesion = '94eb46ec3805616c7c0d815ad9b8b649711eac99e2bf1650e4ccb6932af96408' 
                      AND usuario_id = 2 
                      AND activa = 1
[02-Oct-2025 10:52:46 America/Guatemala] verifySession: Ejecutando query con token: 94eb46ec3805616c7c0d815ad9b8b649711eac99e2bf1650e4ccb6932af96408 y user_id: 2
[02-Oct-2025 10:52:46 America/Guatemala] verifySession: rowCount() después de ejecutar la query principal: 1
[02-Oct-2025 10:52:46 America/Guatemala] verifySession: Sesión encontrada y válida para user_id: 2
[02-Oct-2025 10:58:19 America/Guatemala] verifySession: user_id: 2, session_token: 94eb46ec3805616c7c0d815ad9b8b649711eac99e2bf1650e4ccb6932af96408
[02-Oct-2025 10:58:19 America/Guatemala] verifySession: Query a ejecutar: SELECT id FROM sesiones_usuario 
                      WHERE token_sesion = :token 
                      AND usuario_id = :user_id 
                      AND activa = 1
[02-Oct-2025 10:58:19 America/Guatemala] verifySession: Query a ejecutar: SELECT id FROM sesiones_usuario 
                      WHERE token_sesion = '94eb46ec3805616c7c0d815ad9b8b649711eac99e2bf1650e4ccb6932af96408' 
                      AND usuario_id = 2 
                      AND activa = 1
[02-Oct-2025 10:58:19 America/Guatemala] verifySession: Ejecutando query con token: 94eb46ec3805616c7c0d815ad9b8b649711eac99e2bf1650e4ccb6932af96408 y user_id: 2
[02-Oct-2025 10:58:19 America/Guatemala] verifySession: rowCount() después de ejecutar la query principal: 1
[02-Oct-2025 10:58:19 America/Guatemala] verifySession: Sesión encontrada y válida para user_id: 2
[02-Oct-2025 10:58:26 America/Guatemala] verifySession: user_id: 2, session_token: 94eb46ec3805616c7c0d815ad9b8b649711eac99e2bf1650e4ccb6932af96408
[02-Oct-2025 10:58:26 America/Guatemala] verifySession: Query a ejecutar: SELECT id FROM sesiones_usuario 
                      WHERE token_sesion = :token 
                      AND usuario_id = :user_id 
                      AND activa = 1
[02-Oct-2025 10:58:26 America/Guatemala] verifySession: Query a ejecutar: SELECT id FROM sesiones_usuario 
                      WHERE token_sesion = '94eb46ec3805616c7c0d815ad9b8b649711eac99e2bf1650e4ccb6932af96408' 
                      AND usuario_id = 2 
                      AND activa = 1
[02-Oct-2025 10:58:26 America/Guatemala] verifySession: Ejecutando query con token: 94eb46ec3805616c7c0d815ad9b8b649711eac99e2bf1650e4ccb6932af96408 y user_id: 2
[02-Oct-2025 10:58:26 America/Guatemala] verifySession: rowCount() después de ejecutar la query principal: 1
[02-Oct-2025 10:58:26 America/Guatemala] verifySession: Sesión encontrada y válida para user_id: 2
[02-Oct-2025 10:58:29 America/Guatemala] verifySession: user_id: 2, session_token: 94eb46ec3805616c7c0d815ad9b8b649711eac99e2bf1650e4ccb6932af96408
[02-Oct-2025 10:58:29 America/Guatemala] verifySession: Query a ejecutar: SELECT id FROM sesiones_usuario 
                      WHERE token_sesion = :token 
                      AND usuario_id = :user_id 
                      AND activa = 1
[02-Oct-2025 10:58:29 America/Guatemala] verifySession: Query a ejecutar: SELECT id FROM sesiones_usuario 
                      WHERE token_sesion = '94eb46ec3805616c7c0d815ad9b8b649711eac99e2bf1650e4ccb6932af96408' 
                      AND usuario_id = 2 
                      AND activa = 1
[02-Oct-2025 10:58:29 America/Guatemala] verifySession: Ejecutando query con token: 94eb46ec3805616c7c0d815ad9b8b649711eac99e2bf1650e4ccb6932af96408 y user_id: 2
[02-Oct-2025 10:58:29 America/Guatemala] verifySession: rowCount() después de ejecutar la query principal: 1
[02-Oct-2025 10:58:29 America/Guatemala] verifySession: Sesión encontrada y válida para user_id: 2
[02-Oct-2025 11:06:27 America/Guatemala] verifySession: user_id: 2, session_token: 94eb46ec3805616c7c0d815ad9b8b649711eac99e2bf1650e4ccb6932af96408
[02-Oct-2025 11:06:27 America/Guatemala] verifySession: Query a ejecutar: SELECT id FROM sesiones_usuario 
                      WHERE token_sesion = :token 
                      AND usuario_id = :user_id 
                      AND activa = 1
[02-Oct-2025 11:06:27 America/Guatemala] verifySession: Query a ejecutar: SELECT id FROM sesiones_usuario 
                      WHERE token_sesion = '94eb46ec3805616c7c0d815ad9b8b649711eac99e2bf1650e4ccb6932af96408' 
                      AND usuario_id = 2 
                      AND activa = 1
[02-Oct-2025 11:06:27 America/Guatemala] verifySession: Ejecutando query con token: 94eb46ec3805616c7c0d815ad9b8b649711eac99e2bf1650e4ccb6932af96408 y user_id: 2
[02-Oct-2025 11:06:27 America/Guatemala] verifySession: rowCount() después de ejecutar la query principal: 1
[02-Oct-2025 11:06:27 America/Guatemala] verifySession: Sesión encontrada y válida para user_id: 2
[02-Oct-2025 11:06:49 America/Guatemala] verifySession: user_id: 2, session_token: 94eb46ec3805616c7c0d815ad9b8b649711eac99e2bf1650e4ccb6932af96408
[02-Oct-2025 11:06:49 America/Guatemala] verifySession: Query a ejecutar: SELECT id FROM sesiones_usuario 
                      WHERE token_sesion = :token 
                      AND usuario_id = :user_id 
                      AND activa = 1
[02-Oct-2025 11:06:49 America/Guatemala] verifySession: Query a ejecutar: SELECT id FROM sesiones_usuario 
                      WHERE token_sesion = '94eb46ec3805616c7c0d815ad9b8b649711eac99e2bf1650e4ccb6932af96408' 
                      AND usuario_id = 2 
                      AND activa = 1
[02-Oct-2025 11:06:49 America/Guatemala] verifySession: Ejecutando query con token: 94eb46ec3805616c7c0d815ad9b8b649711eac99e2bf1650e4ccb6932af96408 y user_id: 2
[02-Oct-2025 11:06:49 America/Guatemala] verifySession: rowCount() después de ejecutar la query principal: 1
[02-Oct-2025 11:06:49 America/Guatemala] verifySession: Sesión encontrada y válida para user_id: 2
[02-Oct-2025 11:06:53 America/Guatemala] verifySession: user_id: 2, session_token: 94eb46ec3805616c7c0d815ad9b8b649711eac99e2bf1650e4ccb6932af96408
[02-Oct-2025 11:06:53 America/Guatemala] verifySession: Query a ejecutar: SELECT id FROM sesiones_usuario 
                      WHERE token_sesion = :token 
                      AND usuario_id = :user_id 
                      AND activa = 1
[02-Oct-2025 11:06:53 America/Guatemala] verifySession: Query a ejecutar: SELECT id FROM sesiones_usuario 
                      WHERE token_sesion = '94eb46ec3805616c7c0d815ad9b8b649711eac99e2bf1650e4ccb6932af96408' 
                      AND usuario_id = 2 
                      AND activa = 1
[02-Oct-2025 11:06:53 America/Guatemala] verifySession: Ejecutando query con token: 94eb46ec3805616c7c0d815ad9b8b649711eac99e2bf1650e4ccb6932af96408 y user_id: 2
[02-Oct-2025 11:06:53 America/Guatemala] verifySession: rowCount() después de ejecutar la query principal: 1
[02-Oct-2025 11:06:53 America/Guatemala] verifySession: Sesión encontrada y válida para user_id: 2
[02-Oct-2025 11:15:48 America/Guatemala] verifySession: user_id: 2, session_token: 94eb46ec3805616c7c0d815ad9b8b649711eac99e2bf1650e4ccb6932af96408
[02-Oct-2025 11:15:48 America/Guatemala] verifySession: Query a ejecutar: SELECT id FROM sesiones_usuario 
                      WHERE token_sesion = :token 
                      AND usuario_id = :user_id 
                      AND activa = 1
[02-Oct-2025 11:15:48 America/Guatemala] verifySession: Query a ejecutar: SELECT id FROM sesiones_usuario 
                      WHERE token_sesion = '94eb46ec3805616c7c0d815ad9b8b649711eac99e2bf1650e4ccb6932af96408' 
                      AND usuario_id = 2 
                      AND activa = 1
[02-Oct-2025 11:15:48 America/Guatemala] verifySession: Ejecutando query con token: 94eb46ec3805616c7c0d815ad9b8b649711eac99e2bf1650e4ccb6932af96408 y user_id: 2
[02-Oct-2025 11:15:48 America/Guatemala] verifySession: rowCount() después de ejecutar la query principal: 1
[02-Oct-2025 11:15:48 America/Guatemala] verifySession: Sesión encontrada y válida para user_id: 2
[02-Oct-2025 11:15:52 America/Guatemala] verifySession: user_id: 2, session_token: 94eb46ec3805616c7c0d815ad9b8b649711eac99e2bf1650e4ccb6932af96408
[02-Oct-2025 11:15:52 America/Guatemala] verifySession: Query a ejecutar: SELECT id FROM sesiones_usuario 
                      WHERE token_sesion = :token 
                      AND usuario_id = :user_id 
                      AND activa = 1
[02-Oct-2025 11:15:52 America/Guatemala] verifySession: Query a ejecutar: SELECT id FROM sesiones_usuario 
                      WHERE token_sesion = '94eb46ec3805616c7c0d815ad9b8b649711eac99e2bf1650e4ccb6932af96408' 
                      AND usuario_id = 2 
                      AND activa = 1
[02-Oct-2025 11:15:52 America/Guatemala] verifySession: Ejecutando query con token: 94eb46ec3805616c7c0d815ad9b8b649711eac99e2bf1650e4ccb6932af96408 y user_id: 2
[02-Oct-2025 11:15:52 America/Guatemala] verifySession: rowCount() después de ejecutar la query principal: 1
[02-Oct-2025 11:15:52 America/Guatemala] verifySession: Sesión encontrada y válida para user_id: 2
[02-Oct-2025 11:16:08 America/Guatemala] verifySession: user_id: 2, session_token: 94eb46ec3805616c7c0d815ad9b8b649711eac99e2bf1650e4ccb6932af96408
[02-Oct-2025 11:16:08 America/Guatemala] verifySession: Query a ejecutar: SELECT id FROM sesiones_usuario 
                      WHERE token_sesion = :token 
                      AND usuario_id = :user_id 
                      AND activa = 1
[02-Oct-2025 11:16:08 America/Guatemala] verifySession: Query a ejecutar: SELECT id FROM sesiones_usuario 
                      WHERE token_sesion = '94eb46ec3805616c7c0d815ad9b8b649711eac99e2bf1650e4ccb6932af96408' 
                      AND usuario_id = 2 
                      AND activa = 1
[02-Oct-2025 11:16:08 America/Guatemala] verifySession: Ejecutando query con token: 94eb46ec3805616c7c0d815ad9b8b649711eac99e2bf1650e4ccb6932af96408 y user_id: 2
[02-Oct-2025 11:16:08 America/Guatemala] verifySession: rowCount() después de ejecutar la query principal: 1
[02-Oct-2025 11:16:08 America/Guatemala] verifySession: Sesión encontrada y válida para user_id: 2
[02-Oct-2025 11:16:20 America/Guatemala] verifySession: user_id: 2, session_token: 94eb46ec3805616c7c0d815ad9b8b649711eac99e2bf1650e4ccb6932af96408
[02-Oct-2025 11:16:20 America/Guatemala] verifySession: Query a ejecutar: SELECT id FROM sesiones_usuario 
                      WHERE token_sesion = :token 
                      AND usuario_id = :user_id 
                      AND activa = 1
[02-Oct-2025 11:16:20 America/Guatemala] verifySession: Query a ejecutar: SELECT id FROM sesiones_usuario 
                      WHERE token_sesion = '94eb46ec3805616c7c0d815ad9b8b649711eac99e2bf1650e4ccb6932af96408' 
                      AND usuario_id = 2 
                      AND activa = 1
[02-Oct-2025 11:16:20 America/Guatemala] verifySession: Ejecutando query con token: 94eb46ec3805616c7c0d815ad9b8b649711eac99e2bf1650e4ccb6932af96408 y user_id: 2
[02-Oct-2025 11:16:20 America/Guatemala] verifySession: rowCount() después de ejecutar la query principal: 1
[02-Oct-2025 11:16:20 America/Guatemala] verifySession: Sesión encontrada y válida para user_id: 2
[02-Oct-2025 11:16:39 America/Guatemala] verifySession: user_id: 2, session_token: 94eb46ec3805616c7c0d815ad9b8b649711eac99e2bf1650e4ccb6932af96408
[02-Oct-2025 11:16:39 America/Guatemala] verifySession: Query a ejecutar: SELECT id FROM sesiones_usuario 
                      WHERE token_sesion = :token 
                      AND usuario_id = :user_id 
                      AND activa = 1
[02-Oct-2025 11:16:39 America/Guatemala] verifySession: Query a ejecutar: SELECT id FROM sesiones_usuario 
                      WHERE token_sesion = '94eb46ec3805616c7c0d815ad9b8b649711eac99e2bf1650e4ccb6932af96408' 
                      AND usuario_id = 2 
                      AND activa = 1
[02-Oct-2025 11:16:39 America/Guatemala] verifySession: Ejecutando query con token: 94eb46ec3805616c7c0d815ad9b8b649711eac99e2bf1650e4ccb6932af96408 y user_id: 2
[02-Oct-2025 11:16:39 America/Guatemala] verifySession: rowCount() después de ejecutar la query principal: 1
[02-Oct-2025 11:16:39 America/Guatemala] verifySession: Sesión encontrada y válida para user_id: 2
[02-Oct-2025 11:28:59 America/Guatemala] verifySession: user_id: 2, session_token: 94eb46ec3805616c7c0d815ad9b8b649711eac99e2bf1650e4ccb6932af96408
[02-Oct-2025 11:28:59 America/Guatemala] verifySession: Query a ejecutar: SELECT id FROM sesiones_usuario 
                      WHERE token_sesion = :token 
                      AND usuario_id = :user_id 
                      AND activa = 1
[02-Oct-2025 11:28:59 America/Guatemala] verifySession: Query a ejecutar: SELECT id FROM sesiones_usuario 
                      WHERE token_sesion = '94eb46ec3805616c7c0d815ad9b8b649711eac99e2bf1650e4ccb6932af96408' 
                      AND usuario_id = 2 
                      AND activa = 1
[02-Oct-2025 11:28:59 America/Guatemala] verifySession: Ejecutando query con token: 94eb46ec3805616c7c0d815ad9b8b649711eac99e2bf1650e4ccb6932af96408 y user_id: 2
[02-Oct-2025 11:28:59 America/Guatemala] verifySession: rowCount() después de ejecutar la query principal: 1
[02-Oct-2025 11:28:59 America/Guatemala] verifySession: Sesión encontrada y válida para user_id: 2
[02-Oct-2025 11:29:00 America/Guatemala] PHP Warning:  Undefined variable $years in D:\DATOS\DOCUMENTOS\dev\cono\conocimientos.php on line 217
[02-Oct-2025 11:29:00 America/Guatemala] PHP Warning:  foreach() argument must be of type array|object, null given in D:\DATOS\DOCUMENTOS\dev\cono\conocimientos.php on line 217
[02-Oct-2025 11:29:04 America/Guatemala] verifySession: user_id: 2, session_token: 94eb46ec3805616c7c0d815ad9b8b649711eac99e2bf1650e4ccb6932af96408
[02-Oct-2025 11:29:04 America/Guatemala] verifySession: Query a ejecutar: SELECT id FROM sesiones_usuario 
                      WHERE token_sesion = :token 
                      AND usuario_id = :user_id 
                      AND activa = 1
[02-Oct-2025 11:29:04 America/Guatemala] verifySession: Query a ejecutar: SELECT id FROM sesiones_usuario 
                      WHERE token_sesion = '94eb46ec3805616c7c0d815ad9b8b649711eac99e2bf1650e4ccb6932af96408' 
                      AND usuario_id = 2 
                      AND activa = 1
[02-Oct-2025 11:29:04 America/Guatemala] verifySession: Ejecutando query con token: 94eb46ec3805616c7c0d815ad9b8b649711eac99e2bf1650e4ccb6932af96408 y user_id: 2
[02-Oct-2025 11:29:04 America/Guatemala] verifySession: rowCount() después de ejecutar la query principal: 1
[02-Oct-2025 11:29:04 America/Guatemala] verifySession: Sesión encontrada y válida para user_id: 2
[02-Oct-2025 11:29:05 America/Guatemala] PHP Warning:  Undefined variable $years in D:\DATOS\DOCUMENTOS\dev\cono\conocimientos.php on line 217
[02-Oct-2025 11:29:05 America/Guatemala] PHP Warning:  foreach() argument must be of type array|object, null given in D:\DATOS\DOCUMENTOS\dev\cono\conocimientos.php on line 217
[02-Oct-2025 11:29:09 America/Guatemala] verifySession: user_id: 2, session_token: 94eb46ec3805616c7c0d815ad9b8b649711eac99e2bf1650e4ccb6932af96408
[02-Oct-2025 11:29:09 America/Guatemala] verifySession: Query a ejecutar: SELECT id FROM sesiones_usuario 
                      WHERE token_sesion = :token 
                      AND usuario_id = :user_id 
                      AND activa = 1
[02-Oct-2025 11:29:09 America/Guatemala] verifySession: Query a ejecutar: SELECT id FROM sesiones_usuario 
                      WHERE token_sesion = '94eb46ec3805616c7c0d815ad9b8b649711eac99e2bf1650e4ccb6932af96408' 
                      AND usuario_id = 2 
                      AND activa = 1
[02-Oct-2025 11:29:09 America/Guatemala] verifySession: Ejecutando query con token: 94eb46ec3805616c7c0d815ad9b8b649711eac99e2bf1650e4ccb6932af96408 y user_id: 2
[02-Oct-2025 11:29:09 America/Guatemala] verifySession: rowCount() después de ejecutar la query principal: 1
[02-Oct-2025 11:29:10 America/Guatemala] verifySession: Sesión encontrada y válida para user_id: 2
[02-Oct-2025 11:29:10 America/Guatemala] PHP Warning:  Undefined variable $years in D:\DATOS\DOCUMENTOS\dev\cono\conocimientos.php on line 217
[02-Oct-2025 11:29:10 America/Guatemala] PHP Warning:  foreach() argument must be of type array|object, null given in D:\DATOS\DOCUMENTOS\dev\cono\conocimientos.php on line 217
[02-Oct-2025 11:29:14 America/Guatemala] verifySession: user_id: 2, session_token: 94eb46ec3805616c7c0d815ad9b8b649711eac99e2bf1650e4ccb6932af96408
[02-Oct-2025 11:29:14 America/Guatemala] verifySession: Query a ejecutar: SELECT id FROM sesiones_usuario 
                      WHERE token_sesion = :token 
                      AND usuario_id = :user_id 
                      AND activa = 1
[02-Oct-2025 11:29:14 America/Guatemala] verifySession: Query a ejecutar: SELECT id FROM sesiones_usuario 
                      WHERE token_sesion = '94eb46ec3805616c7c0d815ad9b8b649711eac99e2bf1650e4ccb6932af96408' 
                      AND usuario_id = 2 
                      AND activa = 1
[02-Oct-2025 11:29:14 America/Guatemala] verifySession: Ejecutando query con token: 94eb46ec3805616c7c0d815ad9b8b649711eac99e2bf1650e4ccb6932af96408 y user_id: 2
[02-Oct-2025 11:29:14 America/Guatemala] verifySession: rowCount() después de ejecutar la query principal: 1
[02-Oct-2025 11:29:14 America/Guatemala] verifySession: Sesión encontrada y válida para user_id: 2
[02-Oct-2025 11:29:16 America/Guatemala] verifySession: user_id: 2, session_token: 94eb46ec3805616c7c0d815ad9b8b649711eac99e2bf1650e4ccb6932af96408
[02-Oct-2025 11:29:16 America/Guatemala] verifySession: Query a ejecutar: SELECT id FROM sesiones_usuario 
                      WHERE token_sesion = :token 
                      AND usuario_id = :user_id 
                      AND activa = 1
[02-Oct-2025 11:29:16 America/Guatemala] verifySession: Query a ejecutar: SELECT id FROM sesiones_usuario 
                      WHERE token_sesion = '94eb46ec3805616c7c0d815ad9b8b649711eac99e2bf1650e4ccb6932af96408' 
                      AND usuario_id = 2 
                      AND activa = 1
[02-Oct-2025 11:29:16 America/Guatemala] verifySession: Ejecutando query con token: 94eb46ec3805616c7c0d815ad9b8b649711eac99e2bf1650e4ccb6932af96408 y user_id: 2
[02-Oct-2025 11:29:16 America/Guatemala] verifySession: rowCount() después de ejecutar la query principal: 1
[02-Oct-2025 11:29:16 America/Guatemala] verifySession: Sesión encontrada y válida para user_id: 2
[02-Oct-2025 11:29:20 America/Guatemala] verifySession: user_id: 2, session_token: 94eb46ec3805616c7c0d815ad9b8b649711eac99e2bf1650e4ccb6932af96408
[02-Oct-2025 11:29:20 America/Guatemala] verifySession: Query a ejecutar: SELECT id FROM sesiones_usuario 
                      WHERE token_sesion = :token 
                      AND usuario_id = :user_id 
                      AND activa = 1
[02-Oct-2025 11:29:20 America/Guatemala] verifySession: Query a ejecutar: SELECT id FROM sesiones_usuario 
                      WHERE token_sesion = '94eb46ec3805616c7c0d815ad9b8b649711eac99e2bf1650e4ccb6932af96408' 
                      AND usuario_id = 2 
                      AND activa = 1
[02-Oct-2025 11:29:20 America/Guatemala] verifySession: Ejecutando query con token: 94eb46ec3805616c7c0d815ad9b8b649711eac99e2bf1650e4ccb6932af96408 y user_id: 2
[02-Oct-2025 11:29:20 America/Guatemala] verifySession: rowCount() después de ejecutar la query principal: 1
[02-Oct-2025 11:29:20 America/Guatemala] verifySession: Sesión encontrada y válida para user_id: 2
[02-Oct-2025 11:29:21 America/Guatemala] PHP Warning:  Undefined variable $years in D:\DATOS\DOCUMENTOS\dev\cono\conocimientos.php on line 217
[02-Oct-2025 11:29:21 America/Guatemala] PHP Warning:  foreach() argument must be of type array|object, null given in D:\DATOS\DOCUMENTOS\dev\cono\conocimientos.php on line 217
[02-Oct-2025 11:29:25 America/Guatemala] verifySession: user_id: 2, session_token: 94eb46ec3805616c7c0d815ad9b8b649711eac99e2bf1650e4ccb6932af96408
[02-Oct-2025 11:29:25 America/Guatemala] verifySession: Query a ejecutar: SELECT id FROM sesiones_usuario 
                      WHERE token_sesion = :token 
                      AND usuario_id = :user_id 
                      AND activa = 1
[02-Oct-2025 11:29:25 America/Guatemala] verifySession: Query a ejecutar: SELECT id FROM sesiones_usuario 
                      WHERE token_sesion = '94eb46ec3805616c7c0d815ad9b8b649711eac99e2bf1650e4ccb6932af96408' 
                      AND usuario_id = 2 
                      AND activa = 1
[02-Oct-2025 11:29:25 America/Guatemala] verifySession: Ejecutando query con token: 94eb46ec3805616c7c0d815ad9b8b649711eac99e2bf1650e4ccb6932af96408 y user_id: 2
[02-Oct-2025 11:29:25 America/Guatemala] verifySession: rowCount() después de ejecutar la query principal: 1
[02-Oct-2025 11:29:25 America/Guatemala] verifySession: Sesión encontrada y válida para user_id: 2
[02-Oct-2025 11:33:14 America/Guatemala] verifySession: user_id: 2, session_token: 94eb46ec3805616c7c0d815ad9b8b649711eac99e2bf1650e4ccb6932af96408
[02-Oct-2025 11:33:14 America/Guatemala] verifySession: Query a ejecutar: SELECT id FROM sesiones_usuario 
                      WHERE token_sesion = :token 
                      AND usuario_id = :user_id 
                      AND activa = 1
[02-Oct-2025 11:33:15 America/Guatemala] verifySession: Query a ejecutar: SELECT id FROM sesiones_usuario 
                      WHERE token_sesion = '94eb46ec3805616c7c0d815ad9b8b649711eac99e2bf1650e4ccb6932af96408' 
                      AND usuario_id = 2 
                      AND activa = 1
[02-Oct-2025 11:33:15 America/Guatemala] verifySession: Ejecutando query con token: 94eb46ec3805616c7c0d815ad9b8b649711eac99e2bf1650e4ccb6932af96408 y user_id: 2
[02-Oct-2025 11:33:15 America/Guatemala] verifySession: rowCount() después de ejecutar la query principal: 1
[02-Oct-2025 11:33:15 America/Guatemala] verifySession: Sesión encontrada y válida para user_id: 2
[02-Oct-2025 11:33:15 America/Guatemala] PHP Warning:  Undefined variable $years in D:\DATOS\DOCUMENTOS\dev\cono\conocimientos.php on line 217
[02-Oct-2025 11:33:15 America/Guatemala] PHP Warning:  foreach() argument must be of type array|object, null given in D:\DATOS\DOCUMENTOS\dev\cono\conocimientos.php on line 217
[02-Oct-2025 11:45:09 America/Guatemala] verifySession: user_id: 2, session_token: 94eb46ec3805616c7c0d815ad9b8b649711eac99e2bf1650e4ccb6932af96408
[02-Oct-2025 11:45:09 America/Guatemala] verifySession: Query a ejecutar: SELECT id FROM sesiones_usuario 
                      WHERE token_sesion = :token 
                      AND usuario_id = :user_id 
                      AND activa = 1
[02-Oct-2025 11:45:10 America/Guatemala] verifySession: Query a ejecutar: SELECT id FROM sesiones_usuario 
                      WHERE token_sesion = '94eb46ec3805616c7c0d815ad9b8b649711eac99e2bf1650e4ccb6932af96408' 
                      AND usuario_id = 2 
                      AND activa = 1
[02-Oct-2025 11:45:10 America/Guatemala] verifySession: Ejecutando query con token: 94eb46ec3805616c7c0d815ad9b8b649711eac99e2bf1650e4ccb6932af96408 y user_id: 2
[02-Oct-2025 11:45:10 America/Guatemala] verifySession: rowCount() después de ejecutar la query principal: 1
[02-Oct-2025 11:45:10 America/Guatemala] verifySession: Sesión encontrada y válida para user_id: 2
[02-Oct-2025 11:45:17 America/Guatemala] verifySession: user_id: 2, session_token: 94eb46ec3805616c7c0d815ad9b8b649711eac99e2bf1650e4ccb6932af96408
[02-Oct-2025 11:45:18 America/Guatemala] verifySession: Query a ejecutar: SELECT id FROM sesiones_usuario 
                      WHERE token_sesion = :token 
                      AND usuario_id = :user_id 
                      AND activa = 1
[02-Oct-2025 11:45:18 America/Guatemala] verifySession: Query a ejecutar: SELECT id FROM sesiones_usuario 
                      WHERE token_sesion = '94eb46ec3805616c7c0d815ad9b8b649711eac99e2bf1650e4ccb6932af96408' 
                      AND usuario_id = 2 
                      AND activa = 1
[02-Oct-2025 11:45:18 America/Guatemala] verifySession: Ejecutando query con token: 94eb46ec3805616c7c0d815ad9b8b649711eac99e2bf1650e4ccb6932af96408 y user_id: 2
[02-Oct-2025 11:45:18 America/Guatemala] verifySession: rowCount() después de ejecutar la query principal: 1
[02-Oct-2025 11:45:18 America/Guatemala] verifySession: Sesión encontrada y válida para user_id: 2
[02-Oct-2025 11:45:18 America/Guatemala] Error cargando conocimientos: SQLSTATE[42S22]: Column not found: 1054 Unknown column 'c.a�o' in 'where clause'
[02-Oct-2025 11:45:59 America/Guatemala] verifySession: user_id: 2, session_token: 94eb46ec3805616c7c0d815ad9b8b649711eac99e2bf1650e4ccb6932af96408
[02-Oct-2025 11:45:59 America/Guatemala] verifySession: Query a ejecutar: SELECT id FROM sesiones_usuario 
                      WHERE token_sesion = :token 
                      AND usuario_id = :user_id 
                      AND activa = 1
[02-Oct-2025 11:45:59 America/Guatemala] verifySession: Query a ejecutar: SELECT id FROM sesiones_usuario 
                      WHERE token_sesion = '94eb46ec3805616c7c0d815ad9b8b649711eac99e2bf1650e4ccb6932af96408' 
                      AND usuario_id = 2 
                      AND activa = 1
[02-Oct-2025 11:45:59 America/Guatemala] verifySession: Ejecutando query con token: 94eb46ec3805616c7c0d815ad9b8b649711eac99e2bf1650e4ccb6932af96408 y user_id: 2
[02-Oct-2025 11:45:59 America/Guatemala] verifySession: rowCount() después de ejecutar la query principal: 1
[02-Oct-2025 11:45:59 America/Guatemala] verifySession: Sesión encontrada y válida para user_id: 2
[02-Oct-2025 11:49:17 America/Guatemala] verifySession: user_id: 2, session_token: 94eb46ec3805616c7c0d815ad9b8b649711eac99e2bf1650e4ccb6932af96408
[02-Oct-2025 11:49:17 America/Guatemala] verifySession: Query a ejecutar: SELECT id FROM sesiones_usuario 
                      WHERE token_sesion = :token 
                      AND usuario_id = :user_id 
                      AND activa = 1
[02-Oct-2025 11:49:17 America/Guatemala] verifySession: Query a ejecutar: SELECT id FROM sesiones_usuario 
                      WHERE token_sesion = '94eb46ec3805616c7c0d815ad9b8b649711eac99e2bf1650e4ccb6932af96408' 
                      AND usuario_id = 2 
                      AND activa = 1
[02-Oct-2025 11:49:17 America/Guatemala] verifySession: Ejecutando query con token: 94eb46ec3805616c7c0d815ad9b8b649711eac99e2bf1650e4ccb6932af96408 y user_id: 2
[02-Oct-2025 11:49:17 America/Guatemala] verifySession: rowCount() después de ejecutar la query principal: 1
[02-Oct-2025 11:49:17 America/Guatemala] verifySession: Sesión encontrada y válida para user_id: 2
[02-Oct-2025 11:57:45 America/Guatemala] verifySession: user_id: 2, session_token: 94eb46ec3805616c7c0d815ad9b8b649711eac99e2bf1650e4ccb6932af96408
[02-Oct-2025 11:57:45 America/Guatemala] verifySession: Query a ejecutar: SELECT id FROM sesiones_usuario 
                      WHERE token_sesion = :token 
                      AND usuario_id = :user_id 
                      AND activa = 1
[02-Oct-2025 11:57:45 America/Guatemala] verifySession: Query a ejecutar: SELECT id FROM sesiones_usuario 
                      WHERE token_sesion = '94eb46ec3805616c7c0d815ad9b8b649711eac99e2bf1650e4ccb6932af96408' 
                      AND usuario_id = 2 
                      AND activa = 1
[02-Oct-2025 11:57:45 America/Guatemala] verifySession: Ejecutando query con token: 94eb46ec3805616c7c0d815ad9b8b649711eac99e2bf1650e4ccb6932af96408 y user_id: 2
[02-Oct-2025 11:57:45 America/Guatemala] verifySession: rowCount() después de ejecutar la query principal: 1
[02-Oct-2025 11:57:45 America/Guatemala] verifySession: Sesión encontrada y válida para user_id: 2
[02-Oct-2025 11:57:51 America/Guatemala] verifySession: user_id: 2, session_token: 94eb46ec3805616c7c0d815ad9b8b649711eac99e2bf1650e4ccb6932af96408
[02-Oct-2025 11:57:51 America/Guatemala] verifySession: Query a ejecutar: SELECT id FROM sesiones_usuario 
                      WHERE token_sesion = :token 
                      AND usuario_id = :user_id 
                      AND activa = 1
[02-Oct-2025 11:57:51 America/Guatemala] verifySession: Query a ejecutar: SELECT id FROM sesiones_usuario 
                      WHERE token_sesion = '94eb46ec3805616c7c0d815ad9b8b649711eac99e2bf1650e4ccb6932af96408' 
                      AND usuario_id = 2 
                      AND activa = 1
[02-Oct-2025 11:57:51 America/Guatemala] verifySession: Ejecutando query con token: 94eb46ec3805616c7c0d815ad9b8b649711eac99e2bf1650e4ccb6932af96408 y user_id: 2
[02-Oct-2025 11:57:51 America/Guatemala] verifySession: rowCount() después de ejecutar la query principal: 1
[02-Oct-2025 11:57:51 America/Guatemala] verifySession: Sesión encontrada y válida para user_id: 2
[02-Oct-2025 12:00:46 America/Guatemala] verifySession: user_id: 2, session_token: 94eb46ec3805616c7c0d815ad9b8b649711eac99e2bf1650e4ccb6932af96408
[02-Oct-2025 12:00:46 America/Guatemala] verifySession: Query a ejecutar: SELECT id FROM sesiones_usuario 
                      WHERE token_sesion = :token 
                      AND usuario_id = :user_id 
                      AND activa = 1
[02-Oct-2025 12:00:46 America/Guatemala] verifySession: Query a ejecutar: SELECT id FROM sesiones_usuario 
                      WHERE token_sesion = '94eb46ec3805616c7c0d815ad9b8b649711eac99e2bf1650e4ccb6932af96408' 
                      AND usuario_id = 2 
                      AND activa = 1
[02-Oct-2025 12:00:46 America/Guatemala] verifySession: Ejecutando query con token: 94eb46ec3805616c7c0d815ad9b8b649711eac99e2bf1650e4ccb6932af96408 y user_id: 2
[02-Oct-2025 12:00:46 America/Guatemala] verifySession: rowCount() después de ejecutar la query principal: 1
[02-Oct-2025 12:00:46 America/Guatemala] verifySession: Sesión encontrada y válida para user_id: 2
[02-Oct-2025 12:00:53 America/Guatemala] verifySession: user_id: 2, session_token: 94eb46ec3805616c7c0d815ad9b8b649711eac99e2bf1650e4ccb6932af96408
[02-Oct-2025 12:00:53 America/Guatemala] verifySession: Query a ejecutar: SELECT id FROM sesiones_usuario 
                      WHERE token_sesion = :token 
                      AND usuario_id = :user_id 
                      AND activa = 1
[02-Oct-2025 12:00:53 America/Guatemala] verifySession: Query a ejecutar: SELECT id FROM sesiones_usuario 
                      WHERE token_sesion = '94eb46ec3805616c7c0d815ad9b8b649711eac99e2bf1650e4ccb6932af96408' 
                      AND usuario_id = 2 
                      AND activa = 1
[02-Oct-2025 12:00:53 America/Guatemala] verifySession: Ejecutando query con token: 94eb46ec3805616c7c0d815ad9b8b649711eac99e2bf1650e4ccb6932af96408 y user_id: 2
[02-Oct-2025 12:00:53 America/Guatemala] verifySession: rowCount() después de ejecutar la query principal: 1
[02-Oct-2025 12:00:53 America/Guatemala] verifySession: Sesión encontrada y válida para user_id: 2
[02-Oct-2025 12:04:31 America/Guatemala] verifySession: user_id: 2, session_token: 94eb46ec3805616c7c0d815ad9b8b649711eac99e2bf1650e4ccb6932af96408
[02-Oct-2025 12:04:31 America/Guatemala] verifySession: Query a ejecutar: SELECT id FROM sesiones_usuario 
                      WHERE token_sesion = :token 
                      AND usuario_id = :user_id 
                      AND activa = 1
[02-Oct-2025 12:04:31 America/Guatemala] verifySession: Query a ejecutar: SELECT id FROM sesiones_usuario 
                      WHERE token_sesion = '94eb46ec3805616c7c0d815ad9b8b649711eac99e2bf1650e4ccb6932af96408' 
                      AND usuario_id = 2 
                      AND activa = 1
[02-Oct-2025 12:04:31 America/Guatemala] verifySession: Ejecutando query con token: 94eb46ec3805616c7c0d815ad9b8b649711eac99e2bf1650e4ccb6932af96408 y user_id: 2
[02-Oct-2025 12:04:31 America/Guatemala] verifySession: rowCount() después de ejecutar la query principal: 1
[02-Oct-2025 12:04:31 America/Guatemala] verifySession: Sesión encontrada y válida para user_id: 2
[02-Oct-2025 12:04:34 America/Guatemala] verifySession: user_id: 2, session_token: 94eb46ec3805616c7c0d815ad9b8b649711eac99e2bf1650e4ccb6932af96408
[02-Oct-2025 12:04:34 America/Guatemala] verifySession: Query a ejecutar: SELECT id FROM sesiones_usuario 
                      WHERE token_sesion = :token 
                      AND usuario_id = :user_id 
                      AND activa = 1
[02-Oct-2025 12:04:34 America/Guatemala] verifySession: Query a ejecutar: SELECT id FROM sesiones_usuario 
                      WHERE token_sesion = '94eb46ec3805616c7c0d815ad9b8b649711eac99e2bf1650e4ccb6932af96408' 
                      AND usuario_id = 2 
                      AND activa = 1
[02-Oct-2025 12:04:34 America/Guatemala] verifySession: Ejecutando query con token: 94eb46ec3805616c7c0d815ad9b8b649711eac99e2bf1650e4ccb6932af96408 y user_id: 2
[02-Oct-2025 12:04:34 America/Guatemala] verifySession: rowCount() después de ejecutar la query principal: 1
[02-Oct-2025 12:04:34 America/Guatemala] verifySession: Sesión encontrada y válida para user_id: 2
[02-Oct-2025 12:04:44 America/Guatemala] verifySession: user_id: 2, session_token: 94eb46ec3805616c7c0d815ad9b8b649711eac99e2bf1650e4ccb6932af96408
[02-Oct-2025 12:04:44 America/Guatemala] verifySession: Query a ejecutar: SELECT id FROM sesiones_usuario 
                      WHERE token_sesion = :token 
                      AND usuario_id = :user_id 
                      AND activa = 1
[02-Oct-2025 12:04:44 America/Guatemala] verifySession: Query a ejecutar: SELECT id FROM sesiones_usuario 
                      WHERE token_sesion = '94eb46ec3805616c7c0d815ad9b8b649711eac99e2bf1650e4ccb6932af96408' 
                      AND usuario_id = 2 
                      AND activa = 1
[02-Oct-2025 12:04:44 America/Guatemala] verifySession: Ejecutando query con token: 94eb46ec3805616c7c0d815ad9b8b649711eac99e2bf1650e4ccb6932af96408 y user_id: 2
[02-Oct-2025 12:04:44 America/Guatemala] verifySession: rowCount() después de ejecutar la query principal: 1
[02-Oct-2025 12:04:44 America/Guatemala] verifySession: Sesión encontrada y válida para user_id: 2
[02-Oct-2025 12:04:58 America/Guatemala] verifySession: user_id: 2, session_token: 94eb46ec3805616c7c0d815ad9b8b649711eac99e2bf1650e4ccb6932af96408
[02-Oct-2025 12:04:58 America/Guatemala] verifySession: Query a ejecutar: SELECT id FROM sesiones_usuario 
                      WHERE token_sesion = :token 
                      AND usuario_id = :user_id 
                      AND activa = 1
[02-Oct-2025 12:04:58 America/Guatemala] verifySession: Query a ejecutar: SELECT id FROM sesiones_usuario 
                      WHERE token_sesion = '94eb46ec3805616c7c0d815ad9b8b649711eac99e2bf1650e4ccb6932af96408' 
                      AND usuario_id = 2 
                      AND activa = 1
[02-Oct-2025 12:04:58 America/Guatemala] verifySession: Ejecutando query con token: 94eb46ec3805616c7c0d815ad9b8b649711eac99e2bf1650e4ccb6932af96408 y user_id: 2
[02-Oct-2025 12:04:58 America/Guatemala] verifySession: rowCount() después de ejecutar la query principal: 1
[02-Oct-2025 12:04:58 America/Guatemala] verifySession: Sesión encontrada y válida para user_id: 2
[02-Oct-2025 12:05:14 America/Guatemala] verifySession: user_id: 2, session_token: 94eb46ec3805616c7c0d815ad9b8b649711eac99e2bf1650e4ccb6932af96408
[02-Oct-2025 12:05:14 America/Guatemala] verifySession: Query a ejecutar: SELECT id FROM sesiones_usuario 
                      WHERE token_sesion = :token 
                      AND usuario_id = :user_id 
                      AND activa = 1
[02-Oct-2025 12:05:14 America/Guatemala] verifySession: Query a ejecutar: SELECT id FROM sesiones_usuario 
                      WHERE token_sesion = '94eb46ec3805616c7c0d815ad9b8b649711eac99e2bf1650e4ccb6932af96408' 
                      AND usuario_id = 2 
                      AND activa = 1
[02-Oct-2025 12:05:14 America/Guatemala] verifySession: Ejecutando query con token: 94eb46ec3805616c7c0d815ad9b8b649711eac99e2bf1650e4ccb6932af96408 y user_id: 2
[02-Oct-2025 12:05:14 America/Guatemala] verifySession: rowCount() después de ejecutar la query principal: 1
[02-Oct-2025 12:05:14 America/Guatemala] verifySession: Sesión encontrada y válida para user_id: 2
[02-Oct-2025 13:06:02 America/Guatemala] verifySession: user_id: 2, session_token: 94eb46ec3805616c7c0d815ad9b8b649711eac99e2bf1650e4ccb6932af96408
[02-Oct-2025 13:06:02 America/Guatemala] verifySession: Query a ejecutar: SELECT id FROM sesiones_usuario 
                      WHERE token_sesion = :token 
                      AND usuario_id = :user_id 
                      AND activa = 1
[02-Oct-2025 13:06:02 America/Guatemala] verifySession: Query a ejecutar: SELECT id FROM sesiones_usuario 
                      WHERE token_sesion = '94eb46ec3805616c7c0d815ad9b8b649711eac99e2bf1650e4ccb6932af96408' 
                      AND usuario_id = 2 
                      AND activa = 1
[02-Oct-2025 13:06:02 America/Guatemala] verifySession: Ejecutando query con token: 94eb46ec3805616c7c0d815ad9b8b649711eac99e2bf1650e4ccb6932af96408 y user_id: 2
[02-Oct-2025 13:06:02 America/Guatemala] verifySession: rowCount() después de ejecutar la query principal: 1
[02-Oct-2025 13:06:02 America/Guatemala] verifySession: Sesión encontrada y válida para user_id: 2
[02-Oct-2025 13:06:16 America/Guatemala] verifySession: user_id: 2, session_token: 94eb46ec3805616c7c0d815ad9b8b649711eac99e2bf1650e4ccb6932af96408
[02-Oct-2025 13:06:16 America/Guatemala] verifySession: Query a ejecutar: SELECT id FROM sesiones_usuario 
                      WHERE token_sesion = :token 
                      AND usuario_id = :user_id 
                      AND activa = 1
[02-Oct-2025 13:06:16 America/Guatemala] verifySession: Query a ejecutar: SELECT id FROM sesiones_usuario 
                      WHERE token_sesion = '94eb46ec3805616c7c0d815ad9b8b649711eac99e2bf1650e4ccb6932af96408' 
                      AND usuario_id = 2 
                      AND activa = 1
[02-Oct-2025 13:06:16 America/Guatemala] verifySession: Ejecutando query con token: 94eb46ec3805616c7c0d815ad9b8b649711eac99e2bf1650e4ccb6932af96408 y user_id: 2
[02-Oct-2025 13:06:16 America/Guatemala] verifySession: rowCount() después de ejecutar la query principal: 1
[02-Oct-2025 13:06:16 America/Guatemala] verifySession: Sesión encontrada y válida para user_id: 2
[02-Oct-2025 13:06:19 America/Guatemala] verifySession: user_id: 2, session_token: 94eb46ec3805616c7c0d815ad9b8b649711eac99e2bf1650e4ccb6932af96408
[02-Oct-2025 13:06:19 America/Guatemala] verifySession: Query a ejecutar: SELECT id FROM sesiones_usuario 
                      WHERE token_sesion = :token 
                      AND usuario_id = :user_id 
                      AND activa = 1
[02-Oct-2025 13:06:19 America/Guatemala] verifySession: Query a ejecutar: SELECT id FROM sesiones_usuario 
                      WHERE token_sesion = '94eb46ec3805616c7c0d815ad9b8b649711eac99e2bf1650e4ccb6932af96408' 
                      AND usuario_id = 2 
                      AND activa = 1
[02-Oct-2025 13:06:19 America/Guatemala] verifySession: Ejecutando query con token: 94eb46ec3805616c7c0d815ad9b8b649711eac99e2bf1650e4ccb6932af96408 y user_id: 2
[02-Oct-2025 13:06:19 America/Guatemala] verifySession: rowCount() después de ejecutar la query principal: 1
[02-Oct-2025 13:06:19 America/Guatemala] verifySession: Sesión encontrada y válida para user_id: 2
[02-Oct-2025 13:11:50 America/Guatemala] verifySession: user_id: 2, session_token: 94eb46ec3805616c7c0d815ad9b8b649711eac99e2bf1650e4ccb6932af96408
[02-Oct-2025 13:11:51 America/Guatemala] verifySession: Query a ejecutar: SELECT id FROM sesiones_usuario 
                      WHERE token_sesion = :token 
                      AND usuario_id = :user_id 
                      AND activa = 1
[02-Oct-2025 13:11:51 America/Guatemala] verifySession: Query a ejecutar: SELECT id FROM sesiones_usuario 
                      WHERE token_sesion = '94eb46ec3805616c7c0d815ad9b8b649711eac99e2bf1650e4ccb6932af96408' 
                      AND usuario_id = 2 
                      AND activa = 1
[02-Oct-2025 13:11:51 America/Guatemala] verifySession: Ejecutando query con token: 94eb46ec3805616c7c0d815ad9b8b649711eac99e2bf1650e4ccb6932af96408 y user_id: 2
[02-Oct-2025 13:11:51 America/Guatemala] verifySession: rowCount() después de ejecutar la query principal: 1
[02-Oct-2025 13:11:51 America/Guatemala] verifySession: Sesión encontrada y válida para user_id: 2
[02-Oct-2025 13:11:52 America/Guatemala] Error cargando conocimientos: SQLSTATE[42S22]: Column not found: 1054 Unknown column 'd_receptor.nombre' in 'field list'
[02-Oct-2025 13:13:43 America/Guatemala] verifySession: user_id: 2, session_token: 94eb46ec3805616c7c0d815ad9b8b649711eac99e2bf1650e4ccb6932af96408
[02-Oct-2025 13:13:43 America/Guatemala] verifySession: Query a ejecutar: SELECT id FROM sesiones_usuario 
                      WHERE token_sesion = :token 
                      AND usuario_id = :user_id 
                      AND activa = 1
[02-Oct-2025 13:13:43 America/Guatemala] verifySession: Query a ejecutar: SELECT id FROM sesiones_usuario 
                      WHERE token_sesion = '94eb46ec3805616c7c0d815ad9b8b649711eac99e2bf1650e4ccb6932af96408' 
                      AND usuario_id = 2 
                      AND activa = 1
[02-Oct-2025 13:13:43 America/Guatemala] verifySession: Ejecutando query con token: 94eb46ec3805616c7c0d815ad9b8b649711eac99e2bf1650e4ccb6932af96408 y user_id: 2
[02-Oct-2025 13:13:43 America/Guatemala] verifySession: rowCount() después de ejecutar la query principal: 1
[02-Oct-2025 13:13:43 America/Guatemala] verifySession: Sesión encontrada y válida para user_id: 2
[02-Oct-2025 13:13:45 America/Guatemala] Error cargando conocimientos: SQLSTATE[42000]: Syntax error or access violation: 1064 You have an error in your SQL syntax; check the manual that corresponds to your MySQL server version for the right syntax to use near 'LEFT JOIN distritos d_receptor ON receptor.distrito_id = d_receptor.id
INNER JOI' at line 1
[02-Oct-2025 13:13:49 America/Guatemala] verifySession: user_id: 2, session_token: 94eb46ec3805616c7c0d815ad9b8b649711eac99e2bf1650e4ccb6932af96408
[02-Oct-2025 13:13:49 America/Guatemala] verifySession: Query a ejecutar: SELECT id FROM sesiones_usuario 
                      WHERE token_sesion = :token 
                      AND usuario_id = :user_id 
                      AND activa = 1
[02-Oct-2025 13:13:49 America/Guatemala] verifySession: Query a ejecutar: SELECT id FROM sesiones_usuario 
                      WHERE token_sesion = '94eb46ec3805616c7c0d815ad9b8b649711eac99e2bf1650e4ccb6932af96408' 
                      AND usuario_id = 2 
                      AND activa = 1
[02-Oct-2025 13:13:49 America/Guatemala] verifySession: Ejecutando query con token: 94eb46ec3805616c7c0d815ad9b8b649711eac99e2bf1650e4ccb6932af96408 y user_id: 2
[02-Oct-2025 13:13:49 America/Guatemala] verifySession: rowCount() después de ejecutar la query principal: 1
[02-Oct-2025 13:13:49 America/Guatemala] verifySession: Sesión encontrada y válida para user_id: 2
[02-Oct-2025 13:13:51 America/Guatemala] Error cargando conocimientos: SQLSTATE[42000]: Syntax error or access violation: 1064 You have an error in your SQL syntax; check the manual that corresponds to your MySQL server version for the right syntax to use near 'LEFT JOIN distritos d_receptor ON receptor.distrito_id = d_receptor.id
INNER JOI' at line 1
[02-Oct-2025 13:14:02 America/Guatemala] verifySession: user_id o session_token no están seteados en SESSION.
[02-Oct-2025 13:14:03 America/Guatemala] verifySession: user_id o session_token no están seteados en SESSION.
[02-Oct-2025 13:14:03 America/Guatemala] Intento de login para usuario: chofox
[02-Oct-2025 13:14:04 America/Guatemala] Sesión creada exitosamente en DB para usuario: 2
[02-Oct-2025 13:14:04 America/Guatemala] Auth::login - User role set in session: Administrador
[02-Oct-2025 13:14:04 America/Guatemala] Resultado de login: {"success":true,"message":"Inicio de sesi\u00f3n exitoso","user":{"id":2,"nombre_completo":"Rodolfo Garcia","usuario":"chofox","password_hash":"$2y$10$r2z\/zRSNiKhGHAJiqz728uBUPr7bT\/ZxE5MFelrC5ZPvRcKz8AYBy","puesto":"Asistente Tecnico En Informatica","activo":1,"rol":"Administrador","distrito":"DDRISS AV"}}
[02-Oct-2025 13:14:04 America/Guatemala] Login exitoso. Verificando sesión...
[02-Oct-2025 13:14:04 America/Guatemala] verifySession: user_id: 2, session_token: 624e60b357f4d8546ac49d116194ca1f4f8c7d228590fdcf41ee0662c06f5727
[02-Oct-2025 13:14:04 America/Guatemala] verifySession: Query a ejecutar: SELECT id FROM sesiones_usuario 
                      WHERE token_sesion = :token 
                      AND usuario_id = :user_id 
                      AND activa = 1
[02-Oct-2025 13:14:04 America/Guatemala] verifySession: Query a ejecutar: SELECT id FROM sesiones_usuario 
                      WHERE token_sesion = '624e60b357f4d8546ac49d116194ca1f4f8c7d228590fdcf41ee0662c06f5727' 
                      AND usuario_id = 2 
                      AND activa = 1
[02-Oct-2025 13:14:04 America/Guatemala] verifySession: Ejecutando query con token: 624e60b357f4d8546ac49d116194ca1f4f8c7d228590fdcf41ee0662c06f5727 y user_id: 2
[02-Oct-2025 13:14:04 America/Guatemala] verifySession: rowCount() después de ejecutar la query principal: 1
[02-Oct-2025 13:14:04 America/Guatemala] verifySession: Sesión encontrada y válida para user_id: 2
[02-Oct-2025 13:14:05 America/Guatemala] Sesión verificada después del login. Redirigiendo a dashboard.php
[02-Oct-2025 13:14:05 America/Guatemala] verifySession: user_id: 2, session_token: 624e60b357f4d8546ac49d116194ca1f4f8c7d228590fdcf41ee0662c06f5727
[02-Oct-2025 13:14:05 America/Guatemala] verifySession: Query a ejecutar: SELECT id FROM sesiones_usuario 
                      WHERE token_sesion = :token 
                      AND usuario_id = :user_id 
                      AND activa = 1
[02-Oct-2025 13:14:05 America/Guatemala] verifySession: Query a ejecutar: SELECT id FROM sesiones_usuario 
                      WHERE token_sesion = '624e60b357f4d8546ac49d116194ca1f4f8c7d228590fdcf41ee0662c06f5727' 
                      AND usuario_id = 2 
                      AND activa = 1
[02-Oct-2025 13:14:05 America/Guatemala] verifySession: Ejecutando query con token: 624e60b357f4d8546ac49d116194ca1f4f8c7d228590fdcf41ee0662c06f5727 y user_id: 2
[02-Oct-2025 13:14:05 America/Guatemala] verifySession: rowCount() después de ejecutar la query principal: 1
[02-Oct-2025 13:14:05 America/Guatemala] verifySession: Sesión encontrada y válida para user_id: 2
[02-Oct-2025 13:14:09 America/Guatemala] verifySession: user_id: 2, session_token: 624e60b357f4d8546ac49d116194ca1f4f8c7d228590fdcf41ee0662c06f5727
[02-Oct-2025 13:14:09 America/Guatemala] verifySession: Query a ejecutar: SELECT id FROM sesiones_usuario 
                      WHERE token_sesion = :token 
                      AND usuario_id = :user_id 
                      AND activa = 1
[02-Oct-2025 13:14:09 America/Guatemala] verifySession: Query a ejecutar: SELECT id FROM sesiones_usuario 
                      WHERE token_sesion = '624e60b357f4d8546ac49d116194ca1f4f8c7d228590fdcf41ee0662c06f5727' 
                      AND usuario_id = 2 
                      AND activa = 1
[02-Oct-2025 13:14:09 America/Guatemala] verifySession: Ejecutando query con token: 624e60b357f4d8546ac49d116194ca1f4f8c7d228590fdcf41ee0662c06f5727 y user_id: 2
[02-Oct-2025 13:14:10 America/Guatemala] verifySession: rowCount() después de ejecutar la query principal: 1
[02-Oct-2025 13:14:10 America/Guatemala] verifySession: Sesión encontrada y válida para user_id: 2
[02-Oct-2025 13:14:11 America/Guatemala] Error cargando conocimientos: SQLSTATE[42000]: Syntax error or access violation: 1064 You have an error in your SQL syntax; check the manual that corresponds to your MySQL server version for the right syntax to use near 'LEFT JOIN distritos d_receptor ON receptor.distrito_id = d_receptor.id
INNER JOI' at line 1
[02-Oct-2025 13:19:21 America/Guatemala] verifySession: user_id: 2, session_token: 624e60b357f4d8546ac49d116194ca1f4f8c7d228590fdcf41ee0662c06f5727
[02-Oct-2025 13:19:21 America/Guatemala] verifySession: Query a ejecutar: SELECT id FROM sesiones_usuario 
                      WHERE token_sesion = :token 
                      AND usuario_id = :user_id 
                      AND activa = 1
[02-Oct-2025 13:19:21 America/Guatemala] verifySession: Query a ejecutar: SELECT id FROM sesiones_usuario 
                      WHERE token_sesion = '624e60b357f4d8546ac49d116194ca1f4f8c7d228590fdcf41ee0662c06f5727' 
                      AND usuario_id = 2 
                      AND activa = 1
[02-Oct-2025 13:19:21 America/Guatemala] verifySession: Ejecutando query con token: 624e60b357f4d8546ac49d116194ca1f4f8c7d228590fdcf41ee0662c06f5727 y user_id: 2
[02-Oct-2025 13:19:21 America/Guatemala] verifySession: rowCount() después de ejecutar la query principal: 1
[02-Oct-2025 13:19:21 America/Guatemala] verifySession: Sesión encontrada y válida para user_id: 2
[02-Oct-2025 13:19:31 America/Guatemala] verifySession: user_id: 2, session_token: 624e60b357f4d8546ac49d116194ca1f4f8c7d228590fdcf41ee0662c06f5727
[02-Oct-2025 13:19:31 America/Guatemala] verifySession: Query a ejecutar: SELECT id FROM sesiones_usuario 
                      WHERE token_sesion = :token 
                      AND usuario_id = :user_id 
                      AND activa = 1
[02-Oct-2025 13:19:31 America/Guatemala] verifySession: Query a ejecutar: SELECT id FROM sesiones_usuario 
                      WHERE token_sesion = '624e60b357f4d8546ac49d116194ca1f4f8c7d228590fdcf41ee0662c06f5727' 
                      AND usuario_id = 2 
                      AND activa = 1
[02-Oct-2025 13:19:31 America/Guatemala] verifySession: Ejecutando query con token: 624e60b357f4d8546ac49d116194ca1f4f8c7d228590fdcf41ee0662c06f5727 y user_id: 2
[02-Oct-2025 13:19:31 America/Guatemala] verifySession: rowCount() después de ejecutar la query principal: 1
[02-Oct-2025 13:19:31 America/Guatemala] verifySession: Sesión encontrada y válida para user_id: 2
[02-Oct-2025 13:31:43 America/Guatemala] verifySession: user_id: 2, session_token: 624e60b357f4d8546ac49d116194ca1f4f8c7d228590fdcf41ee0662c06f5727
[02-Oct-2025 13:31:43 America/Guatemala] verifySession: Query a ejecutar: SELECT id FROM sesiones_usuario 
                      WHERE token_sesion = :token 
                      AND usuario_id = :user_id 
                      AND activa = 1
[02-Oct-2025 13:31:43 America/Guatemala] verifySession: Query a ejecutar: SELECT id FROM sesiones_usuario 
                      WHERE token_sesion = '624e60b357f4d8546ac49d116194ca1f4f8c7d228590fdcf41ee0662c06f5727' 
                      AND usuario_id = 2 
                      AND activa = 1
[02-Oct-2025 13:31:43 America/Guatemala] verifySession: Ejecutando query con token: 624e60b357f4d8546ac49d116194ca1f4f8c7d228590fdcf41ee0662c06f5727 y user_id: 2
[02-Oct-2025 13:31:43 America/Guatemala] verifySession: rowCount() después de ejecutar la query principal: 1
[02-Oct-2025 13:31:43 America/Guatemala] verifySession: Sesión encontrada y válida para user_id: 2
[02-Oct-2025 13:31:43 America/Guatemala] verifySession: user_id: 2, session_token: 624e60b357f4d8546ac49d116194ca1f4f8c7d228590fdcf41ee0662c06f5727
[02-Oct-2025 13:31:43 America/Guatemala] verifySession: Query a ejecutar: SELECT id FROM sesiones_usuario 
                      WHERE token_sesion = :token 
                      AND usuario_id = :user_id 
                      AND activa = 1
[02-Oct-2025 13:31:43 America/Guatemala] verifySession: Query a ejecutar: SELECT id FROM sesiones_usuario 
                      WHERE token_sesion = '624e60b357f4d8546ac49d116194ca1f4f8c7d228590fdcf41ee0662c06f5727' 
                      AND usuario_id = 2 
                      AND activa = 1
[02-Oct-2025 13:31:43 America/Guatemala] verifySession: Ejecutando query con token: 624e60b357f4d8546ac49d116194ca1f4f8c7d228590fdcf41ee0662c06f5727 y user_id: 2
[02-Oct-2025 13:31:44 America/Guatemala] verifySession: rowCount() después de ejecutar la query principal: 1
[02-Oct-2025 13:31:44 America/Guatemala] verifySession: Sesión encontrada y válida para user_id: 2
[02-Oct-2025 13:31:44 America/Guatemala] verifySession: user_id: 2, session_token: 624e60b357f4d8546ac49d116194ca1f4f8c7d228590fdcf41ee0662c06f5727
[02-Oct-2025 13:31:44 America/Guatemala] verifySession: Query a ejecutar: SELECT id FROM sesiones_usuario 
                      WHERE token_sesion = :token 
                      AND usuario_id = :user_id 
                      AND activa = 1
[02-Oct-2025 13:31:44 America/Guatemala] verifySession: Query a ejecutar: SELECT id FROM sesiones_usuario 
                      WHERE token_sesion = '624e60b357f4d8546ac49d116194ca1f4f8c7d228590fdcf41ee0662c06f5727' 
                      AND usuario_id = 2 
                      AND activa = 1
[02-Oct-2025 13:31:44 America/Guatemala] verifySession: Ejecutando query con token: 624e60b357f4d8546ac49d116194ca1f4f8c7d228590fdcf41ee0662c06f5727 y user_id: 2
[02-Oct-2025 13:31:44 America/Guatemala] verifySession: rowCount() después de ejecutar la query principal: 1
[02-Oct-2025 13:31:44 America/Guatemala] verifySession: Sesión encontrada y válida para user_id: 2
[02-Oct-2025 13:31:44 America/Guatemala] Auth::hasPermission - User role: 'Administrador', Required role: 'Administrador'
[02-Oct-2025 13:32:03 America/Guatemala] verifySession: user_id: 2, session_token: 624e60b357f4d8546ac49d116194ca1f4f8c7d228590fdcf41ee0662c06f5727
[02-Oct-2025 13:32:03 America/Guatemala] verifySession: Query a ejecutar: SELECT id FROM sesiones_usuario 
                      WHERE token_sesion = :token 
                      AND usuario_id = :user_id 
                      AND activa = 1
[02-Oct-2025 13:32:03 America/Guatemala] verifySession: Query a ejecutar: SELECT id FROM sesiones_usuario 
                      WHERE token_sesion = '624e60b357f4d8546ac49d116194ca1f4f8c7d228590fdcf41ee0662c06f5727' 
                      AND usuario_id = 2 
                      AND activa = 1
[02-Oct-2025 13:32:03 America/Guatemala] verifySession: Ejecutando query con token: 624e60b357f4d8546ac49d116194ca1f4f8c7d228590fdcf41ee0662c06f5727 y user_id: 2
[02-Oct-2025 13:32:04 America/Guatemala] verifySession: rowCount() después de ejecutar la query principal: 1
[02-Oct-2025 13:32:04 America/Guatemala] verifySession: Sesión encontrada y válida para user_id: 2
[02-Oct-2025 13:32:04 America/Guatemala] verifySession: user_id: 2, session_token: 624e60b357f4d8546ac49d116194ca1f4f8c7d228590fdcf41ee0662c06f5727
[02-Oct-2025 13:32:04 America/Guatemala] verifySession: Query a ejecutar: SELECT id FROM sesiones_usuario 
                      WHERE token_sesion = :token 
                      AND usuario_id = :user_id 
                      AND activa = 1
[02-Oct-2025 13:32:04 America/Guatemala] verifySession: Query a ejecutar: SELECT id FROM sesiones_usuario 
                      WHERE token_sesion = '624e60b357f4d8546ac49d116194ca1f4f8c7d228590fdcf41ee0662c06f5727' 
                      AND usuario_id = 2 
                      AND activa = 1
[02-Oct-2025 13:32:04 America/Guatemala] verifySession: Ejecutando query con token: 624e60b357f4d8546ac49d116194ca1f4f8c7d228590fdcf41ee0662c06f5727 y user_id: 2
[02-Oct-2025 13:32:04 America/Guatemala] verifySession: rowCount() después de ejecutar la query principal: 1
[02-Oct-2025 13:32:04 America/Guatemala] verifySession: Sesión encontrada y válida para user_id: 2
[02-Oct-2025 13:32:04 America/Guatemala] verifySession: user_id: 2, session_token: 624e60b357f4d8546ac49d116194ca1f4f8c7d228590fdcf41ee0662c06f5727
[02-Oct-2025 13:32:04 America/Guatemala] verifySession: Query a ejecutar: SELECT id FROM sesiones_usuario 
                      WHERE token_sesion = :token 
                      AND usuario_id = :user_id 
                      AND activa = 1
[02-Oct-2025 13:32:04 America/Guatemala] verifySession: Query a ejecutar: SELECT id FROM sesiones_usuario 
                      WHERE token_sesion = '624e60b357f4d8546ac49d116194ca1f4f8c7d228590fdcf41ee0662c06f5727' 
                      AND usuario_id = 2 
                      AND activa = 1
[02-Oct-2025 13:32:04 America/Guatemala] verifySession: Ejecutando query con token: 624e60b357f4d8546ac49d116194ca1f4f8c7d228590fdcf41ee0662c06f5727 y user_id: 2
[02-Oct-2025 13:32:04 America/Guatemala] verifySession: rowCount() después de ejecutar la query principal: 1
[02-Oct-2025 13:32:04 America/Guatemala] verifySession: Sesión encontrada y válida para user_id: 2
[02-Oct-2025 13:32:05 America/Guatemala] Auth::hasPermission - User role: 'Administrador', Required role: 'Administrador'
[02-Oct-2025 13:32:07 America/Guatemala] verifySession: user_id: 2, session_token: 624e60b357f4d8546ac49d116194ca1f4f8c7d228590fdcf41ee0662c06f5727
[02-Oct-2025 13:32:07 America/Guatemala] verifySession: Query a ejecutar: SELECT id FROM sesiones_usuario 
                      WHERE token_sesion = :token 
                      AND usuario_id = :user_id 
                      AND activa = 1
[02-Oct-2025 13:32:07 America/Guatemala] verifySession: Query a ejecutar: SELECT id FROM sesiones_usuario 
                      WHERE token_sesion = '624e60b357f4d8546ac49d116194ca1f4f8c7d228590fdcf41ee0662c06f5727' 
                      AND usuario_id = 2 
                      AND activa = 1
[02-Oct-2025 13:32:07 America/Guatemala] verifySession: Ejecutando query con token: 624e60b357f4d8546ac49d116194ca1f4f8c7d228590fdcf41ee0662c06f5727 y user_id: 2
[02-Oct-2025 13:32:07 America/Guatemala] verifySession: rowCount() después de ejecutar la query principal: 1
[02-Oct-2025 13:32:07 America/Guatemala] verifySession: Sesión encontrada y válida para user_id: 2
[02-Oct-2025 13:32:12 America/Guatemala] verifySession: user_id: 2, session_token: 624e60b357f4d8546ac49d116194ca1f4f8c7d228590fdcf41ee0662c06f5727
[02-Oct-2025 13:32:12 America/Guatemala] verifySession: Query a ejecutar: SELECT id FROM sesiones_usuario 
                      WHERE token_sesion = :token 
                      AND usuario_id = :user_id 
                      AND activa = 1
[02-Oct-2025 13:32:12 America/Guatemala] verifySession: Query a ejecutar: SELECT id FROM sesiones_usuario 
                      WHERE token_sesion = '624e60b357f4d8546ac49d116194ca1f4f8c7d228590fdcf41ee0662c06f5727' 
                      AND usuario_id = 2 
                      AND activa = 1
[02-Oct-2025 13:32:12 America/Guatemala] verifySession: Ejecutando query con token: 624e60b357f4d8546ac49d116194ca1f4f8c7d228590fdcf41ee0662c06f5727 y user_id: 2
[02-Oct-2025 13:32:12 America/Guatemala] verifySession: rowCount() después de ejecutar la query principal: 1
[02-Oct-2025 13:32:12 America/Guatemala] verifySession: Sesión encontrada y válida para user_id: 2
[02-Oct-2025 13:32:15 America/Guatemala] verifySession: user_id: 2, session_token: 624e60b357f4d8546ac49d116194ca1f4f8c7d228590fdcf41ee0662c06f5727
[02-Oct-2025 13:32:15 America/Guatemala] verifySession: Query a ejecutar: SELECT id FROM sesiones_usuario 
                      WHERE token_sesion = :token 
                      AND usuario_id = :user_id 
                      AND activa = 1
[02-Oct-2025 13:32:15 America/Guatemala] verifySession: Query a ejecutar: SELECT id FROM sesiones_usuario 
                      WHERE token_sesion = '624e60b357f4d8546ac49d116194ca1f4f8c7d228590fdcf41ee0662c06f5727' 
                      AND usuario_id = 2 
                      AND activa = 1
[02-Oct-2025 13:32:15 America/Guatemala] verifySession: Ejecutando query con token: 624e60b357f4d8546ac49d116194ca1f4f8c7d228590fdcf41ee0662c06f5727 y user_id: 2
[02-Oct-2025 13:32:16 America/Guatemala] verifySession: rowCount() después de ejecutar la query principal: 1
[02-Oct-2025 13:32:16 America/Guatemala] verifySession: Sesión encontrada y válida para user_id: 2
[02-Oct-2025 13:34:53 America/Guatemala] verifySession: user_id: 2, session_token: 624e60b357f4d8546ac49d116194ca1f4f8c7d228590fdcf41ee0662c06f5727
[02-Oct-2025 13:34:53 America/Guatemala] verifySession: Query a ejecutar: SELECT id FROM sesiones_usuario 
                      WHERE token_sesion = :token 
                      AND usuario_id = :user_id 
                      AND activa = 1
[02-Oct-2025 13:34:53 America/Guatemala] verifySession: Query a ejecutar: SELECT id FROM sesiones_usuario 
                      WHERE token_sesion = '624e60b357f4d8546ac49d116194ca1f4f8c7d228590fdcf41ee0662c06f5727' 
                      AND usuario_id = 2 
                      AND activa = 1
[02-Oct-2025 13:34:53 America/Guatemala] verifySession: Ejecutando query con token: 624e60b357f4d8546ac49d116194ca1f4f8c7d228590fdcf41ee0662c06f5727 y user_id: 2
[02-Oct-2025 13:34:53 America/Guatemala] verifySession: rowCount() después de ejecutar la query principal: 1
[02-Oct-2025 13:34:53 America/Guatemala] verifySession: Sesión encontrada y válida para user_id: 2
[02-Oct-2025 13:37:07 America/Guatemala] verifySession: user_id: 2, session_token: 624e60b357f4d8546ac49d116194ca1f4f8c7d228590fdcf41ee0662c06f5727
[02-Oct-2025 13:37:07 America/Guatemala] verifySession: Query a ejecutar: SELECT id FROM sesiones_usuario 
                      WHERE token_sesion = :token 
                      AND usuario_id = :user_id 
                      AND activa = 1
[02-Oct-2025 13:37:07 America/Guatemala] verifySession: Query a ejecutar: SELECT id FROM sesiones_usuario 
                      WHERE token_sesion = '624e60b357f4d8546ac49d116194ca1f4f8c7d228590fdcf41ee0662c06f5727' 
                      AND usuario_id = 2 
                      AND activa = 1
[02-Oct-2025 13:37:07 America/Guatemala] verifySession: Ejecutando query con token: 624e60b357f4d8546ac49d116194ca1f4f8c7d228590fdcf41ee0662c06f5727 y user_id: 2
[02-Oct-2025 13:37:07 America/Guatemala] verifySession: rowCount() después de ejecutar la query principal: 1
[02-Oct-2025 13:37:07 America/Guatemala] verifySession: Sesión encontrada y válida para user_id: 2
[02-Oct-2025 13:37:17 America/Guatemala] verifySession: user_id: 2, session_token: 624e60b357f4d8546ac49d116194ca1f4f8c7d228590fdcf41ee0662c06f5727
[02-Oct-2025 13:37:17 America/Guatemala] verifySession: Query a ejecutar: SELECT id FROM sesiones_usuario 
                      WHERE token_sesion = :token 
                      AND usuario_id = :user_id 
                      AND activa = 1
[02-Oct-2025 13:37:17 America/Guatemala] verifySession: Query a ejecutar: SELECT id FROM sesiones_usuario 
                      WHERE token_sesion = '624e60b357f4d8546ac49d116194ca1f4f8c7d228590fdcf41ee0662c06f5727' 
                      AND usuario_id = 2 
                      AND activa = 1
[02-Oct-2025 13:37:17 America/Guatemala] verifySession: Ejecutando query con token: 624e60b357f4d8546ac49d116194ca1f4f8c7d228590fdcf41ee0662c06f5727 y user_id: 2
[02-Oct-2025 13:37:17 America/Guatemala] verifySession: rowCount() después de ejecutar la query principal: 1
[02-Oct-2025 13:37:17 America/Guatemala] verifySession: Sesión encontrada y válida para user_id: 2
[02-Oct-2025 13:37:17 America/Guatemala] verifySession: user_id: 2, session_token: 624e60b357f4d8546ac49d116194ca1f4f8c7d228590fdcf41ee0662c06f5727
[02-Oct-2025 13:37:17 America/Guatemala] verifySession: Query a ejecutar: SELECT id FROM sesiones_usuario 
                      WHERE token_sesion = :token 
                      AND usuario_id = :user_id 
                      AND activa = 1
[02-Oct-2025 13:37:17 America/Guatemala] verifySession: Query a ejecutar: SELECT id FROM sesiones_usuario 
                      WHERE token_sesion = '624e60b357f4d8546ac49d116194ca1f4f8c7d228590fdcf41ee0662c06f5727' 
                      AND usuario_id = 2 
                      AND activa = 1
[02-Oct-2025 13:37:17 America/Guatemala] verifySession: Ejecutando query con token: 624e60b357f4d8546ac49d116194ca1f4f8c7d228590fdcf41ee0662c06f5727 y user_id: 2
[02-Oct-2025 13:37:17 America/Guatemala] verifySession: rowCount() después de ejecutar la query principal: 1
[02-Oct-2025 13:37:17 America/Guatemala] verifySession: Sesión encontrada y válida para user_id: 2
[02-Oct-2025 13:37:18 America/Guatemala] verifySession: user_id: 2, session_token: 624e60b357f4d8546ac49d116194ca1f4f8c7d228590fdcf41ee0662c06f5727
[02-Oct-2025 13:37:18 America/Guatemala] verifySession: Query a ejecutar: SELECT id FROM sesiones_usuario 
                      WHERE token_sesion = :token 
                      AND usuario_id = :user_id 
                      AND activa = 1
[02-Oct-2025 13:37:18 America/Guatemala] verifySession: Query a ejecutar: SELECT id FROM sesiones_usuario 
                      WHERE token_sesion = '624e60b357f4d8546ac49d116194ca1f4f8c7d228590fdcf41ee0662c06f5727' 
                      AND usuario_id = 2 
                      AND activa = 1
[02-Oct-2025 13:37:18 America/Guatemala] verifySession: Ejecutando query con token: 624e60b357f4d8546ac49d116194ca1f4f8c7d228590fdcf41ee0662c06f5727 y user_id: 2
[02-Oct-2025 13:37:18 America/Guatemala] verifySession: rowCount() después de ejecutar la query principal: 1
[02-Oct-2025 13:37:18 America/Guatemala] verifySession: Sesión encontrada y válida para user_id: 2
[02-Oct-2025 13:37:18 America/Guatemala] Auth::hasPermission - User role: 'Administrador', Required role: 'Administrador'
[02-Oct-2025 13:40:37 America/Guatemala] verifySession: user_id: 2, session_token: 624e60b357f4d8546ac49d116194ca1f4f8c7d228590fdcf41ee0662c06f5727
[02-Oct-2025 13:40:37 America/Guatemala] verifySession: Query a ejecutar: SELECT id FROM sesiones_usuario 
                      WHERE token_sesion = :token 
                      AND usuario_id = :user_id 
                      AND activa = 1
[02-Oct-2025 13:40:37 America/Guatemala] verifySession: Query a ejecutar: SELECT id FROM sesiones_usuario 
                      WHERE token_sesion = '624e60b357f4d8546ac49d116194ca1f4f8c7d228590fdcf41ee0662c06f5727' 
                      AND usuario_id = 2 
                      AND activa = 1
[02-Oct-2025 13:40:37 America/Guatemala] verifySession: Ejecutando query con token: 624e60b357f4d8546ac49d116194ca1f4f8c7d228590fdcf41ee0662c06f5727 y user_id: 2
[02-Oct-2025 13:40:37 America/Guatemala] verifySession: rowCount() después de ejecutar la query principal: 1
[02-Oct-2025 13:40:37 America/Guatemala] verifySession: Sesión encontrada y válida para user_id: 2
[02-Oct-2025 13:40:37 America/Guatemala] verifySession: user_id: 2, session_token: 624e60b357f4d8546ac49d116194ca1f4f8c7d228590fdcf41ee0662c06f5727
[02-Oct-2025 13:40:37 America/Guatemala] verifySession: Query a ejecutar: SELECT id FROM sesiones_usuario 
                      WHERE token_sesion = :token 
                      AND usuario_id = :user_id 
                      AND activa = 1
[02-Oct-2025 13:40:37 America/Guatemala] verifySession: Query a ejecutar: SELECT id FROM sesiones_usuario 
                      WHERE token_sesion = '624e60b357f4d8546ac49d116194ca1f4f8c7d228590fdcf41ee0662c06f5727' 
                      AND usuario_id = 2 
                      AND activa = 1
[02-Oct-2025 13:40:37 America/Guatemala] verifySession: Ejecutando query con token: 624e60b357f4d8546ac49d116194ca1f4f8c7d228590fdcf41ee0662c06f5727 y user_id: 2
[02-Oct-2025 13:40:37 America/Guatemala] verifySession: rowCount() después de ejecutar la query principal: 1
[02-Oct-2025 13:40:37 America/Guatemala] verifySession: Sesión encontrada y válida para user_id: 2
[02-Oct-2025 13:40:37 America/Guatemala] verifySession: user_id: 2, session_token: 624e60b357f4d8546ac49d116194ca1f4f8c7d228590fdcf41ee0662c06f5727
[02-Oct-2025 13:40:37 America/Guatemala] verifySession: Query a ejecutar: SELECT id FROM sesiones_usuario 
                      WHERE token_sesion = :token 
                      AND usuario_id = :user_id 
                      AND activa = 1
[02-Oct-2025 13:40:38 America/Guatemala] verifySession: Query a ejecutar: SELECT id FROM sesiones_usuario 
                      WHERE token_sesion = '624e60b357f4d8546ac49d116194ca1f4f8c7d228590fdcf41ee0662c06f5727' 
                      AND usuario_id = 2 
                      AND activa = 1
[02-Oct-2025 13:40:38 America/Guatemala] verifySession: Ejecutando query con token: 624e60b357f4d8546ac49d116194ca1f4f8c7d228590fdcf41ee0662c06f5727 y user_id: 2
[02-Oct-2025 13:40:38 America/Guatemala] verifySession: rowCount() después de ejecutar la query principal: 1
[02-Oct-2025 13:40:38 America/Guatemala] verifySession: Sesión encontrada y válida para user_id: 2
[02-Oct-2025 13:40:38 America/Guatemala] Auth::hasPermission - User role: 'Administrador', Required role: 'Administrador'
[02-Oct-2025 13:40:39 America/Guatemala] Carga de firma fallida (editar usuario): Servidor sin GD/Imagick. Suba la firma en PNG sin transparencia o en JPG.
[02-Oct-2025 13:40:40 America/Guatemala] verifySession: user_id: 2, session_token: 624e60b357f4d8546ac49d116194ca1f4f8c7d228590fdcf41ee0662c06f5727
[02-Oct-2025 13:40:40 America/Guatemala] verifySession: Query a ejecutar: SELECT id FROM sesiones_usuario 
                      WHERE token_sesion = :token 
                      AND usuario_id = :user_id 
                      AND activa = 1
[02-Oct-2025 13:40:40 America/Guatemala] verifySession: Query a ejecutar: SELECT id FROM sesiones_usuario 
                      WHERE token_sesion = '624e60b357f4d8546ac49d116194ca1f4f8c7d228590fdcf41ee0662c06f5727' 
                      AND usuario_id = 2 
                      AND activa = 1
[02-Oct-2025 13:40:40 America/Guatemala] verifySession: Ejecutando query con token: 624e60b357f4d8546ac49d116194ca1f4f8c7d228590fdcf41ee0662c06f5727 y user_id: 2
[02-Oct-2025 13:40:40 America/Guatemala] verifySession: rowCount() después de ejecutar la query principal: 1
[02-Oct-2025 13:40:40 America/Guatemala] verifySession: Sesión encontrada y válida para user_id: 2
[02-Oct-2025 13:40:44 America/Guatemala] verifySession: user_id: 2, session_token: 624e60b357f4d8546ac49d116194ca1f4f8c7d228590fdcf41ee0662c06f5727
[02-Oct-2025 13:40:44 America/Guatemala] verifySession: Query a ejecutar: SELECT id FROM sesiones_usuario 
                      WHERE token_sesion = :token 
                      AND usuario_id = :user_id 
                      AND activa = 1
[02-Oct-2025 13:40:44 America/Guatemala] verifySession: Query a ejecutar: SELECT id FROM sesiones_usuario 
                      WHERE token_sesion = '624e60b357f4d8546ac49d116194ca1f4f8c7d228590fdcf41ee0662c06f5727' 
                      AND usuario_id = 2 
                      AND activa = 1
[02-Oct-2025 13:40:44 America/Guatemala] verifySession: Ejecutando query con token: 624e60b357f4d8546ac49d116194ca1f4f8c7d228590fdcf41ee0662c06f5727 y user_id: 2
[02-Oct-2025 13:40:44 America/Guatemala] verifySession: rowCount() después de ejecutar la query principal: 1
[02-Oct-2025 13:40:44 America/Guatemala] verifySession: Sesión encontrada y válida para user_id: 2
[02-Oct-2025 13:40:47 America/Guatemala] verifySession: user_id: 2, session_token: 624e60b357f4d8546ac49d116194ca1f4f8c7d228590fdcf41ee0662c06f5727
[02-Oct-2025 13:40:47 America/Guatemala] verifySession: Query a ejecutar: SELECT id FROM sesiones_usuario 
                      WHERE token_sesion = :token 
                      AND usuario_id = :user_id 
                      AND activa = 1
[02-Oct-2025 13:40:47 America/Guatemala] verifySession: Query a ejecutar: SELECT id FROM sesiones_usuario 
                      WHERE token_sesion = '624e60b357f4d8546ac49d116194ca1f4f8c7d228590fdcf41ee0662c06f5727' 
                      AND usuario_id = 2 
                      AND activa = 1
[02-Oct-2025 13:40:47 America/Guatemala] verifySession: Ejecutando query con token: 624e60b357f4d8546ac49d116194ca1f4f8c7d228590fdcf41ee0662c06f5727 y user_id: 2
[02-Oct-2025 13:40:47 America/Guatemala] verifySession: rowCount() después de ejecutar la query principal: 1
[02-Oct-2025 13:40:47 America/Guatemala] verifySession: Sesión encontrada y válida para user_id: 2
[02-Oct-2025 13:42:51 America/Guatemala] verifySession: user_id: 2, session_token: 624e60b357f4d8546ac49d116194ca1f4f8c7d228590fdcf41ee0662c06f5727
[02-Oct-2025 13:42:51 America/Guatemala] verifySession: Query a ejecutar: SELECT id FROM sesiones_usuario 
                      WHERE token_sesion = :token 
                      AND usuario_id = :user_id 
                      AND activa = 1
[02-Oct-2025 13:42:51 America/Guatemala] verifySession: Query a ejecutar: SELECT id FROM sesiones_usuario 
                      WHERE token_sesion = '624e60b357f4d8546ac49d116194ca1f4f8c7d228590fdcf41ee0662c06f5727' 
                      AND usuario_id = 2 
                      AND activa = 1
[02-Oct-2025 13:42:51 America/Guatemala] verifySession: Ejecutando query con token: 624e60b357f4d8546ac49d116194ca1f4f8c7d228590fdcf41ee0662c06f5727 y user_id: 2
[02-Oct-2025 13:42:51 America/Guatemala] verifySession: rowCount() después de ejecutar la query principal: 1
[02-Oct-2025 13:42:51 America/Guatemala] verifySession: Sesión encontrada y válida para user_id: 2
[02-Oct-2025 13:42:57 America/Guatemala] verifySession: user_id: 2, session_token: 624e60b357f4d8546ac49d116194ca1f4f8c7d228590fdcf41ee0662c06f5727
[02-Oct-2025 13:42:57 America/Guatemala] verifySession: Query a ejecutar: SELECT id FROM sesiones_usuario 
                      WHERE token_sesion = :token 
                      AND usuario_id = :user_id 
                      AND activa = 1
[02-Oct-2025 13:42:57 America/Guatemala] verifySession: Query a ejecutar: SELECT id FROM sesiones_usuario 
                      WHERE token_sesion = '624e60b357f4d8546ac49d116194ca1f4f8c7d228590fdcf41ee0662c06f5727' 
                      AND usuario_id = 2 
                      AND activa = 1
[02-Oct-2025 13:42:57 America/Guatemala] verifySession: Ejecutando query con token: 624e60b357f4d8546ac49d116194ca1f4f8c7d228590fdcf41ee0662c06f5727 y user_id: 2
[02-Oct-2025 13:42:57 America/Guatemala] verifySession: rowCount() después de ejecutar la query principal: 1
[02-Oct-2025 13:42:57 America/Guatemala] verifySession: Sesión encontrada y válida para user_id: 2
[02-Oct-2025 13:48:15 America/Guatemala] verifySession: user_id: 2, session_token: 624e60b357f4d8546ac49d116194ca1f4f8c7d228590fdcf41ee0662c06f5727
[02-Oct-2025 13:48:15 America/Guatemala] verifySession: Query a ejecutar: SELECT id FROM sesiones_usuario 
                      WHERE token_sesion = :token 
                      AND usuario_id = :user_id 
                      AND activa = 1
[02-Oct-2025 13:48:15 America/Guatemala] verifySession: Query a ejecutar: SELECT id FROM sesiones_usuario 
                      WHERE token_sesion = '624e60b357f4d8546ac49d116194ca1f4f8c7d228590fdcf41ee0662c06f5727' 
                      AND usuario_id = 2 
                      AND activa = 1
[02-Oct-2025 13:48:15 America/Guatemala] verifySession: Ejecutando query con token: 624e60b357f4d8546ac49d116194ca1f4f8c7d228590fdcf41ee0662c06f5727 y user_id: 2
[02-Oct-2025 13:48:15 America/Guatemala] verifySession: rowCount() después de ejecutar la query principal: 1
[02-Oct-2025 13:48:15 America/Guatemala] verifySession: Sesión encontrada y válida para user_id: 2
[02-Oct-2025 13:48:15 America/Guatemala] verifySession: user_id: 2, session_token: 624e60b357f4d8546ac49d116194ca1f4f8c7d228590fdcf41ee0662c06f5727
[02-Oct-2025 13:48:15 America/Guatemala] verifySession: Query a ejecutar: SELECT id FROM sesiones_usuario 
                      WHERE token_sesion = :token 
                      AND usuario_id = :user_id 
                      AND activa = 1
[02-Oct-2025 13:48:15 America/Guatemala] verifySession: Query a ejecutar: SELECT id FROM sesiones_usuario 
                      WHERE token_sesion = '624e60b357f4d8546ac49d116194ca1f4f8c7d228590fdcf41ee0662c06f5727' 
                      AND usuario_id = 2 
                      AND activa = 1
[02-Oct-2025 13:48:15 America/Guatemala] verifySession: Ejecutando query con token: 624e60b357f4d8546ac49d116194ca1f4f8c7d228590fdcf41ee0662c06f5727 y user_id: 2
[02-Oct-2025 13:48:15 America/Guatemala] verifySession: rowCount() después de ejecutar la query principal: 1
[02-Oct-2025 13:48:15 America/Guatemala] verifySession: Sesión encontrada y válida para user_id: 2
[02-Oct-2025 13:48:16 America/Guatemala] verifySession: user_id: 2, session_token: 624e60b357f4d8546ac49d116194ca1f4f8c7d228590fdcf41ee0662c06f5727
[02-Oct-2025 13:48:16 America/Guatemala] verifySession: Query a ejecutar: SELECT id FROM sesiones_usuario 
                      WHERE token_sesion = :token 
                      AND usuario_id = :user_id 
                      AND activa = 1
[02-Oct-2025 13:48:16 America/Guatemala] verifySession: Query a ejecutar: SELECT id FROM sesiones_usuario 
                      WHERE token_sesion = '624e60b357f4d8546ac49d116194ca1f4f8c7d228590fdcf41ee0662c06f5727' 
                      AND usuario_id = 2 
                      AND activa = 1
[02-Oct-2025 13:48:16 America/Guatemala] verifySession: Ejecutando query con token: 624e60b357f4d8546ac49d116194ca1f4f8c7d228590fdcf41ee0662c06f5727 y user_id: 2
[02-Oct-2025 13:48:16 America/Guatemala] verifySession: rowCount() después de ejecutar la query principal: 1
[02-Oct-2025 13:48:16 America/Guatemala] verifySession: Sesión encontrada y válida para user_id: 2
[02-Oct-2025 13:48:16 America/Guatemala] Auth::hasPermission - User role: 'Administrador', Required role: 'Administrador'
[02-Oct-2025 13:48:26 America/Guatemala] verifySession: user_id: 2, session_token: 624e60b357f4d8546ac49d116194ca1f4f8c7d228590fdcf41ee0662c06f5727
[02-Oct-2025 13:48:26 America/Guatemala] verifySession: Query a ejecutar: SELECT id FROM sesiones_usuario 
                      WHERE token_sesion = :token 
                      AND usuario_id = :user_id 
                      AND activa = 1
[02-Oct-2025 13:48:26 America/Guatemala] verifySession: Query a ejecutar: SELECT id FROM sesiones_usuario 
                      WHERE token_sesion = '624e60b357f4d8546ac49d116194ca1f4f8c7d228590fdcf41ee0662c06f5727' 
                      AND usuario_id = 2 
                      AND activa = 1
[02-Oct-2025 13:48:26 America/Guatemala] verifySession: Ejecutando query con token: 624e60b357f4d8546ac49d116194ca1f4f8c7d228590fdcf41ee0662c06f5727 y user_id: 2
[02-Oct-2025 13:48:26 America/Guatemala] verifySession: rowCount() después de ejecutar la query principal: 1
[02-Oct-2025 13:48:26 America/Guatemala] verifySession: Sesión encontrada y válida para user_id: 2
[02-Oct-2025 13:48:26 America/Guatemala] verifySession: user_id: 2, session_token: 624e60b357f4d8546ac49d116194ca1f4f8c7d228590fdcf41ee0662c06f5727
[02-Oct-2025 13:48:26 America/Guatemala] verifySession: Query a ejecutar: SELECT id FROM sesiones_usuario 
                      WHERE token_sesion = :token 
                      AND usuario_id = :user_id 
                      AND activa = 1
[02-Oct-2025 13:48:26 America/Guatemala] verifySession: Query a ejecutar: SELECT id FROM sesiones_usuario 
                      WHERE token_sesion = '624e60b357f4d8546ac49d116194ca1f4f8c7d228590fdcf41ee0662c06f5727' 
                      AND usuario_id = 2 
                      AND activa = 1
[02-Oct-2025 13:48:26 America/Guatemala] verifySession: Ejecutando query con token: 624e60b357f4d8546ac49d116194ca1f4f8c7d228590fdcf41ee0662c06f5727 y user_id: 2
[02-Oct-2025 13:48:27 America/Guatemala] verifySession: rowCount() después de ejecutar la query principal: 1
[02-Oct-2025 13:48:27 America/Guatemala] verifySession: Sesión encontrada y válida para user_id: 2
[02-Oct-2025 13:48:27 America/Guatemala] verifySession: user_id: 2, session_token: 624e60b357f4d8546ac49d116194ca1f4f8c7d228590fdcf41ee0662c06f5727
[02-Oct-2025 13:48:27 America/Guatemala] verifySession: Query a ejecutar: SELECT id FROM sesiones_usuario 
                      WHERE token_sesion = :token 
                      AND usuario_id = :user_id 
                      AND activa = 1
[02-Oct-2025 13:48:27 America/Guatemala] verifySession: Query a ejecutar: SELECT id FROM sesiones_usuario 
                      WHERE token_sesion = '624e60b357f4d8546ac49d116194ca1f4f8c7d228590fdcf41ee0662c06f5727' 
                      AND usuario_id = 2 
                      AND activa = 1
[02-Oct-2025 13:48:27 America/Guatemala] verifySession: Ejecutando query con token: 624e60b357f4d8546ac49d116194ca1f4f8c7d228590fdcf41ee0662c06f5727 y user_id: 2
[02-Oct-2025 13:48:27 America/Guatemala] verifySession: rowCount() después de ejecutar la query principal: 1
[02-Oct-2025 13:48:27 America/Guatemala] verifySession: Sesión encontrada y válida para user_id: 2
[02-Oct-2025 13:48:27 America/Guatemala] Auth::hasPermission - User role: 'Administrador', Required role: 'Administrador'
[02-Oct-2025 13:48:29 America/Guatemala] Carga de firma fallida (editar usuario): Servidor sin GD/Imagick. Suba la firma en PNG sin transparencia o en JPG.
[02-Oct-2025 13:52:15 America/Guatemala] verifySession: user_id: 2, session_token: 624e60b357f4d8546ac49d116194ca1f4f8c7d228590fdcf41ee0662c06f5727
[02-Oct-2025 13:52:15 America/Guatemala] verifySession: Query a ejecutar: SELECT id FROM sesiones_usuario 
                      WHERE token_sesion = :token 
                      AND usuario_id = :user_id 
                      AND activa = 1
[02-Oct-2025 13:52:15 America/Guatemala] verifySession: Query a ejecutar: SELECT id FROM sesiones_usuario 
                      WHERE token_sesion = '624e60b357f4d8546ac49d116194ca1f4f8c7d228590fdcf41ee0662c06f5727' 
                      AND usuario_id = 2 
                      AND activa = 1
[02-Oct-2025 13:52:15 America/Guatemala] verifySession: Ejecutando query con token: 624e60b357f4d8546ac49d116194ca1f4f8c7d228590fdcf41ee0662c06f5727 y user_id: 2
[02-Oct-2025 13:52:15 America/Guatemala] verifySession: rowCount() después de ejecutar la query principal: 1
[02-Oct-2025 13:52:15 America/Guatemala] verifySession: Sesión encontrada y válida para user_id: 2
[02-Oct-2025 13:52:15 America/Guatemala] verifySession: user_id: 2, session_token: 624e60b357f4d8546ac49d116194ca1f4f8c7d228590fdcf41ee0662c06f5727
[02-Oct-2025 13:52:15 America/Guatemala] verifySession: Query a ejecutar: SELECT id FROM sesiones_usuario 
                      WHERE token_sesion = :token 
                      AND usuario_id = :user_id 
                      AND activa = 1
[02-Oct-2025 13:52:16 America/Guatemala] verifySession: Query a ejecutar: SELECT id FROM sesiones_usuario 
                      WHERE token_sesion = '624e60b357f4d8546ac49d116194ca1f4f8c7d228590fdcf41ee0662c06f5727' 
                      AND usuario_id = 2 
                      AND activa = 1
[02-Oct-2025 13:52:16 America/Guatemala] verifySession: Ejecutando query con token: 624e60b357f4d8546ac49d116194ca1f4f8c7d228590fdcf41ee0662c06f5727 y user_id: 2
[02-Oct-2025 13:52:16 America/Guatemala] verifySession: rowCount() después de ejecutar la query principal: 1
[02-Oct-2025 13:52:16 America/Guatemala] verifySession: Sesión encontrada y válida para user_id: 2
[02-Oct-2025 13:52:16 America/Guatemala] verifySession: user_id: 2, session_token: 624e60b357f4d8546ac49d116194ca1f4f8c7d228590fdcf41ee0662c06f5727
[02-Oct-2025 13:52:16 America/Guatemala] verifySession: Query a ejecutar: SELECT id FROM sesiones_usuario 
                      WHERE token_sesion = :token 
                      AND usuario_id = :user_id 
                      AND activa = 1
[02-Oct-2025 13:52:16 America/Guatemala] verifySession: Query a ejecutar: SELECT id FROM sesiones_usuario 
                      WHERE token_sesion = '624e60b357f4d8546ac49d116194ca1f4f8c7d228590fdcf41ee0662c06f5727' 
                      AND usuario_id = 2 
                      AND activa = 1
[02-Oct-2025 13:52:16 America/Guatemala] verifySession: Ejecutando query con token: 624e60b357f4d8546ac49d116194ca1f4f8c7d228590fdcf41ee0662c06f5727 y user_id: 2
[02-Oct-2025 13:52:16 America/Guatemala] verifySession: rowCount() después de ejecutar la query principal: 1
[02-Oct-2025 13:52:16 America/Guatemala] verifySession: Sesión encontrada y válida para user_id: 2
[02-Oct-2025 13:52:16 America/Guatemala] Auth::hasPermission - User role: 'Administrador', Required role: 'Administrador'
[02-Oct-2025 13:52:18 America/Guatemala] Carga de firma fallida (editar usuario): Servidor sin GD/Imagick. Suba la firma en PNG sin transparencia o en JPG.
[02-Oct-2025 13:52:25 America/Guatemala] verifySession: user_id: 2, session_token: 624e60b357f4d8546ac49d116194ca1f4f8c7d228590fdcf41ee0662c06f5727
[02-Oct-2025 13:52:25 America/Guatemala] verifySession: Query a ejecutar: SELECT id FROM sesiones_usuario 
                      WHERE token_sesion = :token 
                      AND usuario_id = :user_id 
                      AND activa = 1
[02-Oct-2025 13:52:25 America/Guatemala] verifySession: Query a ejecutar: SELECT id FROM sesiones_usuario 
                      WHERE token_sesion = '624e60b357f4d8546ac49d116194ca1f4f8c7d228590fdcf41ee0662c06f5727' 
                      AND usuario_id = 2 
                      AND activa = 1
[02-Oct-2025 13:52:25 America/Guatemala] verifySession: Ejecutando query con token: 624e60b357f4d8546ac49d116194ca1f4f8c7d228590fdcf41ee0662c06f5727 y user_id: 2
[02-Oct-2025 13:52:25 America/Guatemala] verifySession: rowCount() después de ejecutar la query principal: 1
[02-Oct-2025 13:52:25 America/Guatemala] verifySession: Sesión encontrada y válida para user_id: 2
[02-Oct-2025 13:52:25 America/Guatemala] verifySession: user_id: 2, session_token: 624e60b357f4d8546ac49d116194ca1f4f8c7d228590fdcf41ee0662c06f5727
[02-Oct-2025 13:52:25 America/Guatemala] verifySession: Query a ejecutar: SELECT id FROM sesiones_usuario 
                      WHERE token_sesion = :token 
                      AND usuario_id = :user_id 
                      AND activa = 1
[02-Oct-2025 13:52:25 America/Guatemala] verifySession: Query a ejecutar: SELECT id FROM sesiones_usuario 
                      WHERE token_sesion = '624e60b357f4d8546ac49d116194ca1f4f8c7d228590fdcf41ee0662c06f5727' 
                      AND usuario_id = 2 
                      AND activa = 1
[02-Oct-2025 13:52:25 America/Guatemala] verifySession: Ejecutando query con token: 624e60b357f4d8546ac49d116194ca1f4f8c7d228590fdcf41ee0662c06f5727 y user_id: 2
[02-Oct-2025 13:52:26 America/Guatemala] verifySession: rowCount() después de ejecutar la query principal: 1
[02-Oct-2025 13:52:26 America/Guatemala] verifySession: Sesión encontrada y válida para user_id: 2
[02-Oct-2025 13:52:26 America/Guatemala] verifySession: user_id: 2, session_token: 624e60b357f4d8546ac49d116194ca1f4f8c7d228590fdcf41ee0662c06f5727
[02-Oct-2025 13:52:26 America/Guatemala] verifySession: Query a ejecutar: SELECT id FROM sesiones_usuario 
                      WHERE token_sesion = :token 
                      AND usuario_id = :user_id 
                      AND activa = 1
[02-Oct-2025 13:52:26 America/Guatemala] verifySession: Query a ejecutar: SELECT id FROM sesiones_usuario 
                      WHERE token_sesion = '624e60b357f4d8546ac49d116194ca1f4f8c7d228590fdcf41ee0662c06f5727' 
                      AND usuario_id = 2 
                      AND activa = 1
[02-Oct-2025 13:52:26 America/Guatemala] verifySession: Ejecutando query con token: 624e60b357f4d8546ac49d116194ca1f4f8c7d228590fdcf41ee0662c06f5727 y user_id: 2
[02-Oct-2025 13:52:26 America/Guatemala] verifySession: rowCount() después de ejecutar la query principal: 1
[02-Oct-2025 13:52:26 America/Guatemala] verifySession: Sesión encontrada y válida para user_id: 2
[02-Oct-2025 13:52:26 America/Guatemala] Auth::hasPermission - User role: 'Administrador', Required role: 'Administrador'
[02-Oct-2025 13:52:27 America/Guatemala] Carga de firma fallida (editar usuario): Servidor sin GD/Imagick. Suba la firma en PNG sin transparencia o en JPG.
[02-Oct-2025 14:46:00 America/Guatemala] verifySession: user_id: 2, session_token: 624e60b357f4d8546ac49d116194ca1f4f8c7d228590fdcf41ee0662c06f5727
[02-Oct-2025 14:46:00 America/Guatemala] verifySession: Query a ejecutar: SELECT id FROM sesiones_usuario 
                      WHERE token_sesion = :token 
                      AND usuario_id = :user_id 
                      AND activa = 1
[02-Oct-2025 14:46:00 America/Guatemala] verifySession: Query a ejecutar: SELECT id FROM sesiones_usuario 
                      WHERE token_sesion = '624e60b357f4d8546ac49d116194ca1f4f8c7d228590fdcf41ee0662c06f5727' 
                      AND usuario_id = 2 
                      AND activa = 1
[02-Oct-2025 14:46:00 America/Guatemala] verifySession: Ejecutando query con token: 624e60b357f4d8546ac49d116194ca1f4f8c7d228590fdcf41ee0662c06f5727 y user_id: 2
[02-Oct-2025 14:46:00 America/Guatemala] verifySession: rowCount() después de ejecutar la query principal: 1
[02-Oct-2025 14:46:00 America/Guatemala] verifySession: Sesión encontrada y válida para user_id: 2
[02-Oct-2025 14:46:04 America/Guatemala] verifySession: user_id: 2, session_token: 624e60b357f4d8546ac49d116194ca1f4f8c7d228590fdcf41ee0662c06f5727
[02-Oct-2025 14:46:04 America/Guatemala] verifySession: Query a ejecutar: SELECT id FROM sesiones_usuario 
                      WHERE token_sesion = :token 
                      AND usuario_id = :user_id 
                      AND activa = 1
[02-Oct-2025 14:46:04 America/Guatemala] verifySession: Query a ejecutar: SELECT id FROM sesiones_usuario 
                      WHERE token_sesion = '624e60b357f4d8546ac49d116194ca1f4f8c7d228590fdcf41ee0662c06f5727' 
                      AND usuario_id = 2 
                      AND activa = 1
[02-Oct-2025 14:46:04 America/Guatemala] verifySession: Ejecutando query con token: 624e60b357f4d8546ac49d116194ca1f4f8c7d228590fdcf41ee0662c06f5727 y user_id: 2
[02-Oct-2025 14:46:04 America/Guatemala] verifySession: rowCount() después de ejecutar la query principal: 1
[02-Oct-2025 14:46:04 America/Guatemala] verifySession: Sesión encontrada y válida para user_id: 2
[02-Oct-2025 14:46:16 America/Guatemala] verifySession: user_id: 2, session_token: 624e60b357f4d8546ac49d116194ca1f4f8c7d228590fdcf41ee0662c06f5727
[02-Oct-2025 14:46:16 America/Guatemala] verifySession: Query a ejecutar: SELECT id FROM sesiones_usuario 
                      WHERE token_sesion = :token 
                      AND usuario_id = :user_id 
                      AND activa = 1
[02-Oct-2025 14:46:17 America/Guatemala] verifySession: Query a ejecutar: SELECT id FROM sesiones_usuario 
                      WHERE token_sesion = '624e60b357f4d8546ac49d116194ca1f4f8c7d228590fdcf41ee0662c06f5727' 
                      AND usuario_id = 2 
                      AND activa = 1
[02-Oct-2025 14:46:17 America/Guatemala] verifySession: Ejecutando query con token: 624e60b357f4d8546ac49d116194ca1f4f8c7d228590fdcf41ee0662c06f5727 y user_id: 2
[02-Oct-2025 14:46:17 America/Guatemala] verifySession: rowCount() después de ejecutar la query principal: 1
[02-Oct-2025 14:46:17 America/Guatemala] verifySession: Sesión encontrada y válida para user_id: 2
[02-Oct-2025 14:46:26 America/Guatemala] verifySession: user_id: 2, session_token: 624e60b357f4d8546ac49d116194ca1f4f8c7d228590fdcf41ee0662c06f5727
[02-Oct-2025 14:46:26 America/Guatemala] verifySession: Query a ejecutar: SELECT id FROM sesiones_usuario 
                      WHERE token_sesion = :token 
                      AND usuario_id = :user_id 
                      AND activa = 1
[02-Oct-2025 14:46:26 America/Guatemala] verifySession: Query a ejecutar: SELECT id FROM sesiones_usuario 
                      WHERE token_sesion = '624e60b357f4d8546ac49d116194ca1f4f8c7d228590fdcf41ee0662c06f5727' 
                      AND usuario_id = 2 
                      AND activa = 1
[02-Oct-2025 14:46:26 America/Guatemala] verifySession: Ejecutando query con token: 624e60b357f4d8546ac49d116194ca1f4f8c7d228590fdcf41ee0662c06f5727 y user_id: 2
[02-Oct-2025 14:46:26 America/Guatemala] verifySession: rowCount() después de ejecutar la query principal: 1
[02-Oct-2025 14:46:26 America/Guatemala] verifySession: Sesión encontrada y válida para user_id: 2
[02-Oct-2025 14:46:31 America/Guatemala] verifySession: user_id: 2, session_token: 624e60b357f4d8546ac49d116194ca1f4f8c7d228590fdcf41ee0662c06f5727
[02-Oct-2025 14:46:31 America/Guatemala] verifySession: Query a ejecutar: SELECT id FROM sesiones_usuario 
                      WHERE token_sesion = :token 
                      AND usuario_id = :user_id 
                      AND activa = 1
[02-Oct-2025 14:46:31 America/Guatemala] verifySession: Query a ejecutar: SELECT id FROM sesiones_usuario 
                      WHERE token_sesion = '624e60b357f4d8546ac49d116194ca1f4f8c7d228590fdcf41ee0662c06f5727' 
                      AND usuario_id = 2 
                      AND activa = 1
[02-Oct-2025 14:46:31 America/Guatemala] verifySession: Ejecutando query con token: 624e60b357f4d8546ac49d116194ca1f4f8c7d228590fdcf41ee0662c06f5727 y user_id: 2
[02-Oct-2025 14:46:31 America/Guatemala] verifySession: rowCount() después de ejecutar la query principal: 1
[02-Oct-2025 14:46:31 America/Guatemala] verifySession: Sesión encontrada y válida para user_id: 2
[02-Oct-2025 14:51:34 America/Guatemala] verifySession: user_id: 2, session_token: 624e60b357f4d8546ac49d116194ca1f4f8c7d228590fdcf41ee0662c06f5727
[02-Oct-2025 14:51:34 America/Guatemala] verifySession: Query a ejecutar: SELECT id FROM sesiones_usuario 
                      WHERE token_sesion = :token 
                      AND usuario_id = :user_id 
                      AND activa = 1
[02-Oct-2025 14:51:34 America/Guatemala] verifySession: Query a ejecutar: SELECT id FROM sesiones_usuario 
                      WHERE token_sesion = '624e60b357f4d8546ac49d116194ca1f4f8c7d228590fdcf41ee0662c06f5727' 
                      AND usuario_id = 2 
                      AND activa = 1
[02-Oct-2025 14:51:34 America/Guatemala] verifySession: Ejecutando query con token: 624e60b357f4d8546ac49d116194ca1f4f8c7d228590fdcf41ee0662c06f5727 y user_id: 2
[02-Oct-2025 14:51:34 America/Guatemala] verifySession: rowCount() después de ejecutar la query principal: 1
[02-Oct-2025 14:51:34 America/Guatemala] verifySession: Sesión encontrada y válida para user_id: 2
[02-Oct-2025 14:56:37 America/Guatemala] verifySession: user_id: 2, session_token: 624e60b357f4d8546ac49d116194ca1f4f8c7d228590fdcf41ee0662c06f5727
[02-Oct-2025 14:56:37 America/Guatemala] verifySession: Query a ejecutar: SELECT id FROM sesiones_usuario 
                      WHERE token_sesion = :token 
                      AND usuario_id = :user_id 
                      AND activa = 1
[02-Oct-2025 14:56:37 America/Guatemala] verifySession: Query a ejecutar: SELECT id FROM sesiones_usuario 
                      WHERE token_sesion = '624e60b357f4d8546ac49d116194ca1f4f8c7d228590fdcf41ee0662c06f5727' 
                      AND usuario_id = 2 
                      AND activa = 1
[02-Oct-2025 14:56:37 America/Guatemala] verifySession: Ejecutando query con token: 624e60b357f4d8546ac49d116194ca1f4f8c7d228590fdcf41ee0662c06f5727 y user_id: 2
[02-Oct-2025 14:56:37 America/Guatemala] verifySession: rowCount() después de ejecutar la query principal: 1
[02-Oct-2025 14:56:37 America/Guatemala] verifySession: Sesión encontrada y válida para user_id: 2
[02-Oct-2025 15:01:39 America/Guatemala] verifySession: user_id: 2, session_token: 624e60b357f4d8546ac49d116194ca1f4f8c7d228590fdcf41ee0662c06f5727
[02-Oct-2025 15:01:39 America/Guatemala] verifySession: Query a ejecutar: SELECT id FROM sesiones_usuario 
                      WHERE token_sesion = :token 
                      AND usuario_id = :user_id 
                      AND activa = 1
[02-Oct-2025 15:01:39 America/Guatemala] verifySession: Query a ejecutar: SELECT id FROM sesiones_usuario 
                      WHERE token_sesion = '624e60b357f4d8546ac49d116194ca1f4f8c7d228590fdcf41ee0662c06f5727' 
                      AND usuario_id = 2 
                      AND activa = 1
[02-Oct-2025 15:01:39 America/Guatemala] verifySession: Ejecutando query con token: 624e60b357f4d8546ac49d116194ca1f4f8c7d228590fdcf41ee0662c06f5727 y user_id: 2
[02-Oct-2025 15:01:39 America/Guatemala] verifySession: rowCount() después de ejecutar la query principal: 1
[02-Oct-2025 15:01:39 America/Guatemala] verifySession: Sesión encontrada y válida para user_id: 2
[02-Oct-2025 15:06:42 America/Guatemala] verifySession: user_id: 2, session_token: 624e60b357f4d8546ac49d116194ca1f4f8c7d228590fdcf41ee0662c06f5727
[02-Oct-2025 15:06:42 America/Guatemala] verifySession: Query a ejecutar: SELECT id FROM sesiones_usuario 
                      WHERE token_sesion = :token 
                      AND usuario_id = :user_id 
                      AND activa = 1
[02-Oct-2025 15:06:42 America/Guatemala] verifySession: Query a ejecutar: SELECT id FROM sesiones_usuario 
                      WHERE token_sesion = '624e60b357f4d8546ac49d116194ca1f4f8c7d228590fdcf41ee0662c06f5727' 
                      AND usuario_id = 2 
                      AND activa = 1
[02-Oct-2025 15:06:42 America/Guatemala] verifySession: Ejecutando query con token: 624e60b357f4d8546ac49d116194ca1f4f8c7d228590fdcf41ee0662c06f5727 y user_id: 2
[02-Oct-2025 15:06:42 America/Guatemala] verifySession: rowCount() después de ejecutar la query principal: 1
[02-Oct-2025 15:06:42 America/Guatemala] verifySession: Sesión encontrada y válida para user_id: 2
[02-Oct-2025 15:11:45 America/Guatemala] verifySession: user_id: 2, session_token: 624e60b357f4d8546ac49d116194ca1f4f8c7d228590fdcf41ee0662c06f5727
[02-Oct-2025 15:11:45 America/Guatemala] verifySession: Query a ejecutar: SELECT id FROM sesiones_usuario 
                      WHERE token_sesion = :token 
                      AND usuario_id = :user_id 
                      AND activa = 1
[02-Oct-2025 15:11:45 America/Guatemala] verifySession: Query a ejecutar: SELECT id FROM sesiones_usuario 
                      WHERE token_sesion = '624e60b357f4d8546ac49d116194ca1f4f8c7d228590fdcf41ee0662c06f5727' 
                      AND usuario_id = 2 
                      AND activa = 1
[02-Oct-2025 15:11:45 America/Guatemala] verifySession: Ejecutando query con token: 624e60b357f4d8546ac49d116194ca1f4f8c7d228590fdcf41ee0662c06f5727 y user_id: 2
[02-Oct-2025 15:11:45 America/Guatemala] verifySession: rowCount() después de ejecutar la query principal: 1
[02-Oct-2025 15:11:45 America/Guatemala] verifySession: Sesión encontrada y válida para user_id: 2
